CONCEPTICON_ID	CONCEPTICON_GLOSS	SPANISH	SPANISH_VALENCE_MEAN	SPANISH_AROUSAL_MEAN	SPANISH_DOMINANCE_MEAN	SPANISH_VALENCE_MEAN_FEMALE	SPANISH_AROUSAL_MEAN_FEMALE	SPANISH_DOMINANCE_MEAN_FEMALE	SPANISH_VALENCE_MEAN_MALE	SPANISH_AROUSAL_MEAN_MALE	SPANISH_DOMINANCE_MEAN_MALE	SPANISH_CONCRETENESS_MEAN_LEXESP	SPANISH_IMAGEABILITY_MEAN_LEXESP	SPANISH_POS	LINE_IN_SOURCE
1002	STATUE	estatua	5.322222222222222	3.9444444444444446	4.9222222222222225	5.442857142857143	4.1571428571428575	5.1	4.9	3.2	4.3			N	381
1007	COW	vaca	5.411111111111111	4.566666666666666	4.6	5.414285714285715	4.6571428571428575	4.671428571428572	5.4	4.25	4.35			N	990
1029	JEWEL	joya	6.511111111111111	5.322222222222222	5.511111111111111	6.557142857142857	5.271428571428571	5.542857142857143	6.35	5.5	5.4			N	553
1035	GOOD	bueno	7.9222222222222225	4.866666666666666	6.533333333333333	7.985714285714286	4.7	6.357142857142857	7.7	5.45	7.15			A	141
1044	PILLOW	almohada	6.788888888888889	3.1	6.288888888888889	6.7	3.0714285714285716	6.428571428571429	7.1	3.2	5.8			N	45
1054	SMALLPOX	viruela	1.7666666666666666	5.044444444444444	2.977777777777778	1.7	4.928571428571429	2.914285714285714	2.0	5.45	3.2			N	1026
1070	BUS	autobús	4.511111111111111	5.0	4.433333333333334	4.442857142857143	5.0	4.442857142857143	4.75	5.0	4.4			N	96
1092	HOPE	esperanza	8.11111111111111	6.588888888888889	5.788888888888889	8.114285714285714	6.671428571428572	5.757142857142857	8.1	6.3	5.9			N	372
1096	SONG	canción	8.011111111111111	6.611111111111111	6.444444444444445	7.942857142857143	6.442857142857143	6.557142857142857	8.25	7.2	6.05			N	161
1098	WEIGH	pesar	3.0444444444444443	5.411111111111111	4.333333333333333	2.8285714285714287	5.3	4.2	3.8	5.8	4.8			N/V	773
1104	NURSE	enfermera	4.833333333333333	5.655555555555556	4.7444444444444445	4.828571428571428	5.6	4.828571428571428	4.85	5.85	4.45			N	348
1110	SHARK	tiburón	3.066666666666667	7.377777777777778	3.4555555555555557	3.057142857142857	7.485714285714286	3.257142857142857	3.1	7.0	4.15			N	950
1111	CAR	coche	6.666666666666667	5.833333333333333	4.933333333333334	6.685714285714286	5.814285714285714	4.7	6.6	5.9	5.75			N	209
1114	BULLET	bala	2.011111111111111	7.177777777777778	3.588888888888889	1.8571428571428572	7.1571428571428575	3.642857142857143	2.55	7.25	3.4			N	107
1120	HONEST	honesto	7.522222222222222	5.022222222222222	6.088888888888889	7.642857142857143	4.885714285714286	6.271428571428571	7.1	5.5	5.45			A	491
1134	DIVORCE	divorcio	2.2777777777777777	6.455555555555556	3.6444444444444444	2.1857142857142855	6.4714285714285715	3.757142857142857	2.6	6.4	3.25			N	325
1136	RABBIT	conejo	6.177777777777778	5.022222222222222	4.811111111111111	6.385714285714286	4.942857142857143	4.771428571428571	5.45	5.3	4.95			N	223
1142	URINE	orina	2.8222222222222224	4.644444444444445	5.288888888888889	2.942857142857143	4.8	5.114285714285714	2.4	4.1	5.9			N	724
1145	SWAMP	pantano	3.966666666666667	4.811111111111111	3.9444444444444446	3.8	4.814285714285714	3.9285714285714284	4.55	4.8	4.0			N	737
1160	THIEF	ladrón	1.9333333333333333	6.977777777777778	3.411111111111111	1.7714285714285714	7.214285714285714	3.6142857142857143	2.5	6.15	2.7			N	561
1199	WIFE	esposa	5.611111111111111	4.877777777777778	5.411111111111111	5.371428571428571	4.857142857142857	5.428571428571429	6.45	4.95	5.35			N	376
1200	HUSBAND	esposo	6.033333333333333	5.5	5.411111111111111	6.057142857142857	5.442857142857143	5.6	5.95	5.7	4.75			N	377
1207	YOUNG	joven	7.711111111111111	6.6	4.933333333333334	7.728571428571429	6.6	5.014285714285714	7.65	6.6	4.65			A/N	551
1208	CAT	gato	6.133333333333334	4.944444444444445	5.144444444444445	6.1571428571428575	5.314285714285714	5.042857142857143	6.05	3.65	5.5			N	442
1216	MOTHER	madre	8.188888888888888	5.188888888888889	5.7444444444444445	8.257142857142858	4.928571428571429	5.728571428571429	7.95	6.1	5.8			N	597
1217	FATHER	padre	7.0	4.855555555555555	4.944444444444445	7.242857142857143	4.985714285714286	4.9714285714285715	6.15	4.4	4.85			N	731
1219	WORM	gusano	2.988888888888889	5.066666666666666	4.6	3.1285714285714286	5.0	4.714285714285714	2.5	5.3	4.2			N	469
122	CART	carro	4.533333333333333	4.177777777777778	5.2555555555555555	4.542857142857143	4.228571428571429	5.357142857142857	4.5	4.0	4.9			N	173
1222	PENIS	pene	5.933333333333334	6.544444444444444	5.544444444444444	6.114285714285714	6.385714285714286	5.5	5.3	7.1	5.7			N	760
1223	HEART	corazón	6.644444444444445	6.222222222222222	4.844444444444444	6.785714285714286	6.057142857142857	4.985714285714286	6.15	6.8	4.35			N	236
1230	DIRTY	sucio	1.9111111111111112	5.622222222222222	5.5	1.8571428571428572	5.685714285714286	5.6	2.1	5.4	5.15			A	925
1234	SMOOTH	liso	5.4	4.511111111111111	5.2	5.414285714285715	4.385714285714286	5.228571428571429	5.35	4.95	5.1			A	584
1245	BUTTER	mantequilla	5.2	4.033333333333333	5.4	5.2	3.9857142857142858	5.4714285714285715	5.2	4.2	5.15			N	615
1251	BELLY	estómago	4.388888888888889	4.733333333333333	4.633333333333334	4.5	4.671428571428572	4.642857142857143	4.0	4.95	4.6			N	383
1262	BROTHER	hermano	7.811111111111111	5.0777777777777775	5.855555555555555	7.714285714285714	5.1571428571428575	5.628571428571429	8.15	4.8	6.65			N	481
1266	BRIDE	novia	6.633333333333334	5.788888888888889	5.044444444444444	6.5	5.757142857142857	5.0	7.1	5.9	5.2			N	697
1276	AUTUMN	otoño	5.166666666666667	4.444444444444445	4.188888888888889	5.2	4.428571428571429	4.4714285714285715	5.05	4.5	3.2			N	728
1277	HAND	mano	6.044444444444444	5.1	6.088888888888889	6.042857142857143	5.0	5.9714285714285715	6.05	5.45	6.5			N	612
1281	PRISON	cárcel	1.8666666666666667	5.177777777777778	3.411111111111111	1.8	5.228571428571429	3.3857142857142857	2.1	5.0	3.5			N	169
1284	BANK	banco	5.144444444444445	4.377777777777778	5.088888888888889	5.4	4.3	5.0285714285714285	4.25	4.65	5.3			N	109
1287	COLD	frío	3.2111111111111112	4.977777777777778	4.333333333333333	3.3714285714285714	4.685714285714286	4.614285714285714	2.65	6.0	3.35			A/N	431
1289	BABY	bebé	7.6	5.544444444444444	5.311111111111111	7.642857142857143	5.6571428571428575	5.485714285714286	7.45	5.15	4.7			N	120
129	CHOKE	ahogarse	1.3222222222222222	7.611111111111111	2.411111111111111	1.2428571428571429	7.5285714285714285	2.3	1.6	7.9	2.8			V	37
1296	WALKING STICK	bastón	3.8333333333333335	4.088888888888889	5.188888888888889	4.042857142857143	4.085714285714285	5.271428571428571	3.1	4.1	4.9			N	118
13	DECEIT	engaño	1.8888888888888888	6.611111111111111	3.577777777777778	1.8	6.557142857142857	3.5714285714285716	2.2	6.8	3.6			N	351
1301	FOOT	pie	4.666666666666667	4.5777777777777775	5.188888888888889	4.614285714285714	4.771428571428571	5.2	4.85	3.9	5.15			N	779
1302	FORK	tenedor	4.8	4.433333333333334	5.555555555555555	4.685714285714286	4.3	5.6571428571428575	5.2	4.9	5.2			N	940
1303	FINGER	dedo	4.855555555555555	4.055555555555555	5.466666666666667	4.914285714285715	4.057142857142857	5.4	4.65	4.05	5.7			N	275
1306	QUEEN	reina	4.911111111111111	4.7444444444444445	4.655555555555556	4.928571428571429	4.8428571428571425	4.9714285714285715	4.85	4.4	3.55			N	847
1315	RADIO	radio	6.288888888888889	5.522222222222222	5.866666666666666	6.442857142857143	5.7	6.128571428571429	5.75	4.9	4.95			N	828
1321	BOTTLE	botella	5.1	4.677777777777778	5.444444444444445	4.985714285714286	4.7	5.414285714285715	5.5	4.6	5.55			N	133
1325	FRIEND	amigo	8.411111111111111	6.733333333333333	6.044444444444444	8.571428571428571	6.557142857142857	6.0	7.85	7.35	6.2			N	55
1335	WHITE	blanco	6.1	3.988888888888889	5.5	6.2	4.085714285714285	5.5	5.75	3.65	5.5			A/N	126
1336	EAT	comer	7.177777777777778	5.533333333333333	5.822222222222222	7.1	5.371428571428571	5.9	7.45	6.1	5.55			V	218
1337	PIG	cerdo	3.7111111111111112	4.666666666666667	4.522222222222222	3.742857142857143	4.885714285714286	4.5	3.6	3.9	4.6			N/A	185
1338	PEACE	paz	8.11111111111111	3.488888888888889	5.711111111111111	8.114285714285714	3.4714285714285715	5.828571428571428	8.1	3.55	5.3			N	753
1349	CHURCH	iglesia	3.7666666666666666	4.311111111111111	4.777777777777778	3.942857142857143	4.428571428571429	5.071428571428571	3.15	3.9	3.75			N	510
1350	MONKEY	mono	5.288888888888889	5.1	4.488888888888889	5.5	5.2	4.771428571428571	4.55	4.75	3.5			A/N	658
1352	KNIFE	cuchillo	2.8555555555555556	5.677777777777778	4.644444444444445	2.8142857142857145	6.2	4.557142857142857	3.0	3.85	4.95			N	260
1361	TOOL	herramienta	4.5777777777777775	4.511111111111111	5.433333333333334	4.642857142857143	4.571428571428571	5.671428571428572	4.35	4.3	4.6			N	484
1362	STREET	calle	5.533333333333333	5.433333333333334	5.2444444444444445	5.557142857142857	5.328571428571428	5.2	5.45	5.8	5.4			N	152
1365	KITCHEN	cocina	5.711111111111111	4.933333333333334	5.611111111111111	5.914285714285715	4.957142857142857	5.728571428571429	5.0	4.85	5.2			N	210
1366	BOY	chico	7.133333333333334	6.544444444444444	5.4222222222222225	7.128571428571429	6.442857142857143	5.514285714285714	7.15	6.9	5.1			N	192
1369	GOLD	oro	6.677777777777778	5.7555555555555555	5.044444444444444	6.642857142857143	5.685714285714286	5.242857142857143	6.8	6.0	4.35			N	725
1370	MONTH	mes	5.033333333333333	4.611111111111111	4.6	5.014285714285714	4.585714285714285	4.614285714285714	5.1	4.7	4.55			N	639
1375	WINDOW	ventana	5.877777777777778	4.877777777777778	5.5777777777777775	5.985714285714286	4.9714285714285715	5.642857142857143	5.5	4.55	5.35			N	1006
138	BATHE	bañera	6.7555555555555555	3.6555555555555554	5.944444444444445	6.885714285714286	3.7285714285714286	6.057142857142857	6.3	3.4	5.55			N	111
1382	NEEDLE (FOR SEWING)	aguja	3.1777777777777776	5.655555555555556	4.433333333333334	3.2285714285714286	5.585714285714285	4.442857142857143	3.0	5.9	4.4			N	36
1386	LION	león	4.977777777777778	7.088888888888889	3.7333333333333334	4.8428571428571425	7.071428571428571	3.9	5.45	7.15	3.15			N	571
1388	SHADE	sombra	4.033333333333333	4.566666666666666	4.233333333333333	4.042857142857143	4.671428571428572	4.228571428571429	4.0	4.2	4.25			N	915
1391	TOWN	ciudad	5.655555555555556	5.966666666666667	4.555555555555555	5.714285714285714	5.871428571428571	4.4714285714285715	5.45	6.3	4.85			N	207
1392	LOUSE	piojo	1.9666666666666666	5.644444444444445	3.6444444444444444	2.0142857142857142	5.614285714285714	3.5142857142857142	1.8	5.75	4.1			N	784
1402	BREAST	seno	5.811111111111111	4.8	5.166666666666667	5.371428571428571	4.514285714285714	5.042857142857143	7.35	5.8	5.6			N	894
1405	NAME	nombre	5.722222222222222	4.5777777777777775	5.411111111111111	5.771428571428571	4.6	5.585714285714285	5.55	4.5	4.8			N	695
1412	RUDE	grosero	2.2222222222222223	5.988888888888889	4.3	2.1714285714285713	6.042857142857143	4.1571428571428575	2.4	5.8	4.8			A	462
1422	BE ALIVE	vivo	8.066666666666666	6.544444444444444	6.533333333333333	8.142857142857142	6.314285714285714	6.4	7.8	7.35	7.0			A	1029
1424	YELLOW	amarillo	5.666666666666667	4.844444444444444	5.166666666666667	5.728571428571429	4.6	5.314285714285714	5.45	5.7	4.65			A	50
1425	GREEN	verde	6.433333333333334	4.722222222222222	5.477777777777778	6.4714285714285715	4.685714285714286	5.542857142857143	6.3	4.85	5.25			A	1008
1427	BEAUTIFUL	hermoso	7.611111111111111	5.444444444444445	5.133333333333334	7.642857142857143	5.414285714285715	5.1	7.5	5.55	5.25			A	482
1430	STAR	estrella	7.522222222222222	4.6	4.477777777777778	7.385714285714286	4.385714285714286	4.228571428571429	8.0	5.35	5.35			N	384
1439	SWIM	nadador	5.9222222222222225	5.4	5.044444444444444	6.0	5.228571428571429	5.0	5.65	6.0	5.2			N	681
144	MACHINE	máquina	4.444444444444445	4.833333333333333	5.4222222222222225	4.242857142857143	4.8428571428571425	5.385714285714286	5.15	4.8	5.55			N	616
1467	CIRCLE	círculo	4.822222222222222	4.2	4.9222222222222225	4.757142857142857	4.285714285714286	5.042857142857143	5.05	3.9	4.5			N	205
1472	KEY	llave	5.566666666666666	4.277777777777778	5.888888888888889	5.428571428571429	4.214285714285714	5.914285714285715	6.05	4.5	5.8			N	587
1476	CHAIR	silla	5.033333333333333	3.477777777777778	5.566666666666666	5.071428571428571	3.357142857142857	5.5	4.9	3.9	5.8			N	902
1480	BODY	cuerpo	6.022222222222222	5.588888888888889	5.533333333333333	5.985714285714286	5.571428571428571	5.514285714285714	6.15	5.65	5.6			N	262
1481	HAMMER	martillo	4.377777777777778	4.9222222222222225	5.477777777777778	4.4714285714285715	5.057142857142857	5.5	4.05	4.45	5.4			N	622
1490	RAT	rata	2.6666666666666665	6.322222222222222	3.7777777777777777	2.6714285714285713	6.242857142857143	3.8714285714285714	2.65	6.6	3.45			N	836
1492	DUMB	tonto	3.3	4.566666666666666	4.511111111111111	3.3	4.428571428571429	4.8	3.3	5.05	3.5			A	963
1495	HAPPY	feliz	8.366666666666667	6.966666666666667	6.444444444444445	8.528571428571428	6.857142857142857	6.685714285714286	7.8	7.35	5.6			A	413
1508	KING	rey	4.977777777777778	4.355555555555555	4.344444444444444	5.2	4.385714285714286	4.614285714285714	4.2	4.25	3.4			N	866
1509	MOSQUITO	mosquito	2.5444444444444443	5.844444444444444	4.277777777777778	2.557142857142857	5.7	4.457142857142857	2.5	6.35	3.65			N	663
1510	CHIN	mentón	4.666666666666667	4.377777777777778	4.466666666666667	4.714285714285714	4.442857142857143	4.4714285714285715	4.5	4.15	4.45			N	636
1517	WASP	avispa	2.5444444444444443	7.011111111111111	3.1222222222222222	2.4857142857142858	7.0285714285714285	2.9571428571428573	2.75	6.95	3.7			N	103
1518	STUPID	estúpido	2.6	5.5777777777777775	3.8555555555555556	2.8142857142857145	5.614285714285714	3.842857142857143	1.85	5.45	3.9			A/N	388
1524	WINE	vino	4.877777777777778	5.466666666666667	5.144444444444445	4.885714285714286	5.185714285714286	5.3428571428571425	4.85	6.45	4.45			N	1020
1525	COAST	costa	7.233333333333333	4.866666666666666	4.9	7.285714285714286	4.871428571428571	5.228571428571429	7.05	4.85	3.75			N	246
1530	BOWL	cuenco	5.011111111111111	3.888888888888889	5.344444444444444	4.885714285714286	3.8714285714285714	5.457142857142857	5.45	3.95	4.95			N	261
1533	BE HUNGRY	hambriento	3.1222222222222222	6.288888888888889	3.5555555555555554	3.1	6.5285714285714285	3.6285714285714286	3.2	5.45	3.3			A/N	473
1534	FEVER	fiebre	1.8555555555555556	4.033333333333333	2.977777777777778	1.8857142857142857	4.0285714285714285	2.942857142857143	1.75	4.05	3.1			N	417
1537	SPRINGTIME	primavera	7.533333333333333	5.988888888888889	4.7555555555555555	7.714285714285714	6.2	4.957142857142857	6.9	5.25	4.05			N	808
1538	SCORPION	escorpión	2.8555555555555556	7.133333333333334	3.1555555555555554	2.8714285714285714	7.057142857142857	3.1714285714285713	2.8	7.4	3.1			N	367
1539	BASKET	cesta	5.177777777777778	3.7888888888888888	5.822222222222222	5.228571428571429	3.742857142857143	5.871428571428571	5.0	3.95	5.65			N	187
1548	UGLY	feo	3.077777777777778	4.155555555555556	3.8777777777777778	3.085714285714286	4.1571428571428575	4.0	3.05	4.15	3.45			A	414
1554	MAN	hombre	6.911111111111111	6.055555555555555	5.1	7.114285714285714	6.114285714285714	4.957142857142857	6.2	5.85	5.6			N	489
1559	MONEY	dinero	7.455555555555556	6.4	5.5	7.428571428571429	6.571428571428571	5.557142857142857	7.55	5.8	5.3			N	318
156	RED	rojo	5.933333333333334	5.933333333333334	5.477777777777778	5.828571428571428	5.9714285714285715	5.514285714285714	6.3	5.8	5.35			A	874
1560	FACE	cara	6.022222222222222	5.111111111111111	5.033333333333333	5.857142857142857	5.0285714285714285	5.042857142857143	6.6	5.4	5.0			N	167
1562	MIND	mente	6.411111111111111	5.811111111111111	5.933333333333334	6.314285714285714	5.757142857142857	5.8	6.75	6.0	6.4			N	634
1564	LAZY	perezoso	3.6222222222222222	3.3666666666666667	4.666666666666667	3.585714285714286	3.3714285714285714	4.728571428571429	3.75	3.35	4.45			A	765
1566	GUN	pistola	1.8333333333333333	7.0777777777777775	3.577777777777778	1.8714285714285714	6.928571428571429	3.8285714285714287	1.7	7.6	2.7			N	787
1584	BLISTER	ampolla	2.5444444444444443	4.988888888888889	4.333333333333333	2.757142857142857	4.9714285714285715	4.5	1.8	5.05	3.75			N	57
1585	SLEEP	dormir	7.788888888888889	2.511111111111111	5.777777777777778	7.9	2.4285714285714284	5.585714285714285	7.4	2.8	6.45			V	330
1601	WEAK	débil	2.5555555555555554	4.988888888888889	3.4555555555555557	2.4285714285714284	4.928571428571429	3.142857142857143	3.0	5.2	4.55			A	271
1607	HATE	odiar	1.8555555555555556	6.477777777777778	4.233333333333333	1.8142857142857143	6.585714285714285	4.057142857142857	2.0	6.1	4.85			V	710
1609	IDEA	idea	7.355555555555555	6.622222222222222	6.455555555555556	7.357142857142857	6.9	6.314285714285714	7.35	5.65	6.95			N	506
1612	LETTER	carta	6.788888888888889	5.988888888888889	5.722222222222222	6.771428571428571	5.985714285714286	5.685714285714286	6.85	6.0	5.85			N	175
1613	COLOR	color	6.766666666666667	5.844444444444444	5.522222222222222	6.8	5.885714285714286	5.485714285714286	6.65	5.7	5.65			N	215
1616	CLOTH	tela	5.111111111111111	4.2444444444444445	5.5777777777777775	5.114285714285714	4.271428571428571	5.7	5.1	4.15	5.15			N	936
1625	DEAD	muerto	1.1666666666666667	5.988888888888889	1.9777777777777779	1.1285714285714286	6.271428571428571	1.8571428571428572	1.3	5.0	2.4			A/N	669
163	BLACK	negro	4.866666666666666	4.466666666666667	4.811111111111111	4.871428571428571	4.5	4.928571428571429	4.85	4.35	4.4			A/N	688
1631	FAST	rápido	5.711111111111111	6.3	5.2555555555555555	5.6571428571428575	6.171428571428572	5.171428571428572	5.9	6.75	5.55			A	832
1635	OBEY	obedecer	3.8444444444444446	5.277777777777778	4.888888888888889	3.8857142857142857	5.314285714285714	5.128571428571429	3.7	5.15	4.05			V	703
1638	TRUTH	verdad	7.777777777777778	5.722222222222222	6.355555555555555	7.8	5.771428571428571	6.271428571428571	7.7	5.55	6.65			N	1007
1641	SILK	seda	6.733333333333333	4.0	5.4	6.7	3.9571428571428573	5.557142857142857	6.85	4.15	4.85			N	892
1646	GIRL	chica	5.966666666666667	4.9222222222222225	5.1	5.785714285714286	4.857142857142857	5.114285714285714	6.6	5.15	5.05			N	191
1654	LIGHTNING	relámpago	3.977777777777778	6.566666666666666	2.8555555555555556	3.7	6.8	2.4571428571428573	4.95	5.75	4.25			N	849
1659	DOLL	muñeca	6.2444444444444445	4.477777777777778	5.788888888888889	6.371428571428571	4.4714285714285715	6.085714285714285	5.8	4.5	4.75			N	675
1663	BED	cama	7.711111111111111	4.566666666666666	6.022222222222222	7.742857142857143	4.385714285714286	6.042857142857143	7.6	5.2	5.95			N	156
1668	GRIEF	dolor	1.6111111111111112	6.4	2.6	1.4714285714285715	6.4	2.5285714285714285	2.1	6.4	2.85			N	329
1671	TOWER	torre	5.155555555555556	4.544444444444444	4.522222222222222	5.271428571428571	4.742857142857143	4.614285714285714	4.75	3.85	4.2			N	967
1673	ARM	brazo	5.366666666666666	4.833333333333333	5.5777777777777775	5.242857142857143	4.8	5.614285714285714	5.8	4.95	5.45			N	135
1682	GUILTY	culpable	2.3555555555555556	6.188888888888889	3.8222222222222224	2.2857142857142856	6.171428571428572	3.557142857142857	2.6	6.25	4.75			A/N	264
1691	FLEXIBLE	flexible	5.911111111111111	4.844444444444444	5.288888888888889	5.757142857142857	4.957142857142857	5.257142857142857	6.45	4.45	5.4			A	421
1728	ROTTEN	podrido	1.9111111111111112	5.155555555555556	4.166666666666667	1.9142857142857144	5.042857142857143	4.085714285714285	1.9	5.55	4.45			A	797
1732	SKY	cielo	7.555555555555555	4.555555555555555	4.477777777777778	7.542857142857143	4.585714285714285	4.557142857142857	7.6	4.45	4.2			N	201
174	PROUD	orgulloso	5.533333333333333	5.8	5.822222222222222	5.585714285714285	6.014285714285714	5.714285714285714	5.35	5.05	6.2			A	723
1747	CUSTOM	costumbre	5.433333333333334	4.322222222222222	5.7555555555555555	5.457142857142857	4.314285714285714	5.7	5.35	4.35	5.95			N	247
1757	TIRED	cansado	2.466666666666667	2.577777777777778	4.166666666666667	2.4285714285714284	2.4857142857142858	3.9857142857142858	2.6	2.9	4.8			V/A	162
1768	FOAM	espuma	6.466666666666667	4.844444444444444	5.655555555555556	6.4714285714285715	4.6571428571428575	6.014285714285714	6.45	5.5	4.4			N	378
1773	GRAVE	tumba	1.7444444444444445	4.9	3.0555555555555554	1.5142857142857142	4.957142857142857	2.9285714285714284	2.55	4.7	3.5			N	983
1775	TABLE	mesa	4.8	4.211111111111111	5.133333333333334	4.785714285714286	4.142857142857143	5.014285714285714	4.85	4.45	5.55			N	640
1791	BUTTERFLY	mariposa	6.7444444444444445	4.6	5.311111111111111	6.8428571428571425	4.685714285714286	5.271428571428571	6.4	4.3	5.45			N	620
1804	BOMB	bomba	1.4222222222222223	7.788888888888889	2.2222222222222223	1.2142857142857142	7.957142857142857	2.3285714285714287	2.15	7.2	1.85			N	131
1808	PUS	pus	1.7	5.911111111111111	3.8333333333333335	1.6571428571428573	6.128571428571429	3.7857142857142856	1.85	5.15	4.0			N	819
1810	DANGER	peligro	2.022222222222222	7.555555555555555	2.933333333333333	2.085714285714286	7.514285714285714	2.8857142857142857	1.8	7.7	3.1			N	757
183	BAKE	hornear	5.466666666666667	4.711111111111111	5.544444444444444	5.414285714285715	4.814285714285714	5.714285714285714	5.65	4.35	4.95			V	494
1833	DINNER (SUPPER)	cena	6.5777777777777775	5.144444444444445	5.811111111111111	6.4	5.3	5.785714285714286	7.2	4.6	5.9			N	184
1836	VAGINA	vagina	5.0	4.822222222222222	5.022222222222222	4.671428571428572	4.542857142857143	4.957142857142857	6.15	5.8	5.25			N	993
1845	BALL	esfera	5.266666666666667	4.2444444444444445	4.844444444444444	5.128571428571429	4.271428571428571	4.914285714285715	5.75	4.15	4.6			N	369
1853	DOVE	paloma	6.322222222222222	4.377777777777778	5.044444444444444	6.2	4.1	4.914285714285715	6.75	5.35	5.5			N	734
1867	COIN	moneda	6.011111111111111	5.722222222222222	5.644444444444445	6.228571428571429	5.928571428571429	5.6	5.25	5.0	5.8			N	656
1884	HARD	duro	4.2444444444444445	5.144444444444445	4.955555555555556	4.285714285714286	5.242857142857143	5.0	4.1	4.8	4.8			A	331
1894	ASHAMED	avergonzado	2.511111111111111	5.588888888888889	3.4444444444444446	2.642857142857143	5.5285714285714285	3.4714285714285715	2.05	5.8	3.35			V/A	101
1895	CLOTHES	ropa	6.688888888888889	5.633333333333334	5.777777777777778	6.642857142857143	5.785714285714286	5.671428571428572	6.85	5.1	6.15			N	877
1899	MAD	loco	3.411111111111111	6.666666666666667	3.6	3.2857142857142856	6.757142857142857	3.4571428571428573	3.85	6.35	4.1			A/N	591
1902	BETRAY	traicionar	1.5777777777777777	6.566666666666666	3.9555555555555557	1.6285714285714286	6.642857142857143	3.9714285714285715	1.4	6.3	3.9			V	971
1906	SOUR	ácido	3.411111111111111	5.566666666666666	4.288888888888889	3.4285714285714284	5.6571428571428575	4.371428571428571	3.35	5.25	4.0			A/N	11
1914	DEBT	deuda	1.9222222222222223	6.088888888888889	4.2555555555555555	1.7857142857142858	5.914285714285715	3.914285714285714	2.4	6.7	5.45			N	311
1919	TORCH	linterna	5.111111111111111	4.222222222222222	5.555555555555555	5.171428571428572	4.314285714285714	5.614285714285714	4.9	3.9	5.35			N	583
192	CORNER	esquina	4.466666666666667	4.566666666666666	4.7555555555555555	4.428571428571429	4.557142857142857	4.885714285714286	4.6	4.6	4.3			N	379
1923	ROUGH	áspero	3.2666666666666666	4.533333333333333	4.388888888888889	3.3	4.514285714285714	4.271428571428571	3.15	4.6	4.8			A	84
1934	BEGGAR	mendigo	2.922222222222222	5.6	3.688888888888889	2.642857142857143	5.571428571428571	3.9857142857142858	3.9	5.7	2.65			N	632
194	FAMILY	familia	8.177777777777777	5.311111111111111	5.888888888888889	8.242857142857142	5.328571428571428	5.9714285714285715	7.95	5.25	5.6			N	403
1943	CROWN (OF HEAD)	corona	5.211111111111111	4.477777777777778	4.644444444444445	5.214285714285714	4.428571428571429	4.685714285714286	5.2	4.65	4.5			N	239
1945	IDOL	ídolo	6.288888888888889	5.8	4.855555555555555	6.3	5.857142857142857	4.928571428571429	6.25	5.6	4.6			N	509
1973	DEMON	demonio	2.911111111111111	6.466666666666667	3.577777777777778	2.742857142857143	6.6	3.414285714285714	3.5	6.0	4.15			N	281
1974	CENTIPEDE	ciempiés	4.122222222222222	4.877777777777778	4.2555555555555555	4.042857142857143	4.714285714285714	4.171428571428572	4.4	5.45	4.55			N	202
1986	DISEASE	enfermedad	1.511111111111111	6.1	2.4444444444444446	1.542857142857143	6.385714285714286	2.3714285714285714	1.4	5.1	2.7			N	347
2009	DOG	perro	6.5	5.833333333333333	5.0777777777777775	6.5285714285714285	5.814285714285714	4.985714285714286	6.4	5.9	5.4			N	768
201	FARM	granja	5.533333333333333	4.9	5.222222222222222	5.5285714285714285	4.771428571428571	5.3	5.55	5.35	4.95			N	459
2011	COFFIN	ataúd	1.6333333333333333	6.055555555555555	2.811111111111111	1.6571428571428573	6.057142857142857	2.8285714285714287	1.55	6.05	2.75			N	89
2045	COLUMN	columna	4.711111111111111	4.144444444444445	5.288888888888889	4.771428571428571	4.014285714285714	5.371428571428571	4.5	4.6	5.0			N	216
2055	CLAY POT	olla	4.655555555555556	4.155555555555556	5.377777777777778	4.714285714285714	4.014285714285714	5.5	4.45	4.65	4.95			N	714
2058	STOOL	taburete	4.788888888888889	3.588888888888889	5.444444444444445	4.671428571428572	3.6285714285714286	5.457142857142857	5.2	3.45	5.4			N	931
2060	STORY	historia	5.366666666666666	4.322222222222222	4.933333333333334	5.271428571428571	4.328571428571428	4.857142857142857	5.7	4.3	5.2			N	487
210	LIFE	vida	8.066666666666666	6.588888888888889	5.322222222222222	8.085714285714285	6.8428571428571425	5.371428571428571	8.0	5.7	5.15			N	1016
2108	RAINING OR RAIN	lluvia	4.522222222222222	4.433333333333334	3.111111111111111	4.442857142857143	4.385714285714286	3.085714285714286	4.8	4.6	3.2			N	589
212	FIELD	campo	7.233333333333333	4.177777777777778	5.966666666666667	7.2	4.214285714285714	6.0285714285714285	7.35	4.05	5.75			N	159
216	MOVIE	película	7.144444444444445	5.411111111111111	5.866666666666666	7.1	5.4714285714285715	5.985714285714286	7.3	5.2	5.45			N	756
218	FINE (PENALTY)	multa	1.9777777777777779	6.666666666666667	3.6222222222222222	2.142857142857143	6.928571428571429	3.6714285714285713	1.4	5.75	3.45			N	673
2206	RABIES	rabia	2.3333333333333335	7.466666666666667	3.6	2.3285714285714287	7.585714285714285	3.6	2.35	7.05	3.6			N	825
221	FIRE	fuego	5.0	6.511111111111111	3.966666666666667	4.985714285714286	6.5	4.057142857142857	5.05	6.55	3.65			N	433
2242	BEETLE	cucaracha	2.566666666666667	6.144444444444445	4.533333333333333	2.657142857142857	6.114285714285714	4.385714285714286	2.25	6.25	5.05			N	259
2244	METAL	metal	4.977777777777778	4.4222222222222225	4.966666666666667	4.8428571428571425	4.5	5.0285714285714285	5.45	4.15	4.75			N	641
227	FISH	pescado	5.7	4.633333333333334	5.088888888888889	6.0	4.671428571428572	5.185714285714286	4.65	4.5	4.75			N	775
2291	VOLCANO	volcán	3.522222222222222	6.633333333333334	2.577777777777778	3.557142857142857	6.728571428571429	2.5285714285714285	3.4	6.3	2.75			N	1030
2341	CLOUDY	nublado	3.2666666666666666	3.611111111111111	3.0	3.414285714285714	3.6857142857142855	2.8285714285714287	2.75	3.35	3.6			A	700
2374	DREAM	sueño	6.6	3.6333333333333333	4.1	6.614285714285714	3.6285714285714286	3.9857142857142858	6.55	3.65	4.5			N	926
239	FLOWER	flor	7.344444444444444	4.455555555555556	5.688888888888889	7.4	4.5	5.671428571428572	7.15	4.3	5.75			N	422
2403	TOY	juguete	6.722222222222222	5.055555555555555	6.133333333333334	6.8	4.9714285714285715	6.071428571428571	6.45	5.35	6.35			N	557
2406	HOME	casa	7.033333333333333	4.688888888888889	6.122222222222222	7.171428571428572	4.828571428571428	6.185714285714286	6.55	4.2	5.9			N	176
2407	BIRTHDAY	cumpleaños	7.544444444444444	6.7444444444444445	5.7444444444444445	7.642857142857143	6.728571428571429	5.757142857142857	7.2	6.8	5.7			N	265
2430	OFFICE	oficina	4.088888888888889	4.644444444444445	5.0777777777777775	4.3	4.985714285714286	5.0285714285714285	3.35	3.45	5.25			N	713
2433	THEORY	teoría	4.588888888888889	4.666666666666667	4.811111111111111	4.4	4.542857142857143	4.828571428571428	5.25	5.1	4.75			N	944
2434	TRAGEDY	tragedia	1.6444444444444444	7.2444444444444445	2.522222222222222	1.6571428571428573	7.114285714285714	2.1857142857142855	1.6	7.7	3.7			N	970
2467	GAME	juego	6.944444444444445	6.722222222222222	5.622222222222222	7.0	6.814285714285714	5.585714285714285	6.75	6.4	5.75			N	556
25	DIRT	suciedad	1.9777777777777779	5.611111111111111	5.477777777777778	2.1	5.5	5.785714285714286	1.55	6.0	4.4			N	924
2548	BARREL	barril	4.733333333333333	4.122222222222222	4.9	4.742857142857143	4.071428571428571	4.828571428571428	4.7	4.3	5.15			N	115
2549	VEHICLE	vehículo	6.333333333333333	5.777777777777778	5.088888888888889	6.271428571428571	5.6	5.085714285714285	6.55	6.4	5.1			N	998
2578	PENCIL	lápiz	4.977777777777778	4.633333333333334	6.0	4.942857142857143	4.6	5.885714285714286	5.1	4.75	6.4			N	565
2613	SKIN (HUMAN)	piel	6.188888888888889	4.9	5.233333333333333	6.0	5.0	5.057142857142857	6.85	4.55	5.85			N	780
2621	CURTAIN	cortina	4.788888888888889	4.0777777777777775	5.222222222222222	4.785714285714286	4.014285714285714	5.1571428571428575	4.8	4.3	5.45			N	245
2622	ENGINE	motor	4.833333333333333	4.911111111111111	4.633333333333334	4.814285714285714	4.928571428571429	4.685714285714286	4.9	4.85	4.45			N	664
2623	FLAG	bandera	4.9222222222222225	4.355555555555555	5.044444444444444	5.1571428571428575	4.4714285714285715	5.2	4.1	3.95	4.5			N	110
2631	WIRE	cable	4.533333333333333	4.4	5.166666666666667	4.514285714285714	4.4	5.071428571428571	4.6	4.4	5.5			N	146
27	AIR	aire	6.833333333333333	4.188888888888889	4.6	6.857142857142857	4.057142857142857	4.385714285714286	6.75	4.65	5.35			N	39
2715	DESPISE	despreciar	1.9777777777777779	5.788888888888889	4.5	1.9857142857142858	5.942857142857143	4.257142857142857	1.95	5.25	5.35			V	303
2819	GRASSLAND	pradera	7.488888888888889	5.033333333333333	5.588888888888889	7.485714285714286	5.142857142857143	5.6571428571428575	7.5	4.65	5.35			N	802
2940	GATE	puerta	5.066666666666666	4.355555555555555	5.177777777777778	5.114285714285714	4.4	5.285714285714286	4.9	4.2	4.8			N	817
2971	SIN	culpa	2.088888888888889	6.455555555555556	3.6222222222222222	2.0285714285714285	6.6571428571428575	3.4857142857142858	2.3	5.75	4.1			N	263
2980	AREA	avión	6.133333333333334	6.066666666666666	4.955555555555556	6.142857142857143	5.9714285714285715	4.942857142857143	6.1	6.4	5.0			N	102
2982	GIFT	regalo	7.911111111111111	6.633333333333334	5.133333333333334	8.057142857142857	6.8	5.085714285714285	7.4	6.05	5.3			N	845
2996	WEALTH	riqueza	7.044444444444444	5.811111111111111	5.4222222222222225	7.057142857142857	5.9714285714285715	5.271428571428571	7.0	5.25	5.95			N	871
3	BRAVE	valiente	7.488888888888889	6.455555555555556	6.366666666666666	7.6	6.328571428571428	6.385714285714286	7.1	6.9	6.3			A	994
3033	SCARED	asustado	2.5444444444444443	6.555555555555555	3.1222222222222222	2.4857142857142858	6.442857142857143	3.1285714285714286	2.75	6.95	3.1			A	88
3086	COMPUTER	ordenador	5.5	5.055555555555555	5.266666666666667	5.2	5.142857142857143	5.214285714285714	6.55	4.75	5.45			N	720
3102	TANK	tanque	2.388888888888889	6.044444444444444	3.033333333333333	2.342857142857143	6.0285714285714285	3.142857142857143	2.55	6.1	2.65			N	933
3104	THERMOMETER	termómetro	4.277777777777778	4.488888888888889	4.866666666666666	4.1571428571428575	4.3428571428571425	4.914285714285715	4.7	5.0	4.7			N	946
3105	UMBRELLA	paraguas	4.266666666666667	3.988888888888889	5.233333333333333	4.3428571428571425	3.9857142857142858	5.071428571428571	4.0	4.0	5.8			N	740
3106	WARDROBE	armario	5.1	4.311111111111111	5.155555555555556	5.085714285714285	4.328571428571428	5.1	5.15	4.25	5.35			N	72
3107	WHISTLE (INSTRUMENT)	silbato	4.211111111111111	5.811111111111111	4.844444444444444	4.257142857142857	5.857142857142857	4.685714285714286	4.05	5.65	5.4			N	901
3202	CANNON	cañón	2.7444444444444445	6.044444444444444	3.511111111111111	2.742857142857143	6.085714285714285	3.6285714285714286	2.75	5.9	3.1			N	163
3258	FALCON	halcón	5.288888888888889	5.133333333333334	4.2555555555555555	5.171428571428572	5.057142857142857	4.114285714285714	5.7	5.4	4.75			N	472
3276	SUNSHINE	sol	7.9	5.688888888888889	5.411111111111111	7.8428571428571425	5.614285714285714	5.271428571428571	8.1	5.95	5.9			N	909
3282	GROOM	novio	7.488888888888889	6.7	5.133333333333334	7.757142857142857	6.714285714285714	5.214285714285714	6.55	6.65	4.85			N	698
3284	GRAVEYARD	cementerio	2.0555555555555554	5.011111111111111	3.188888888888889	1.9714285714285715	4.885714285714286	3.1142857142857143	2.35	5.45	3.45			N	183
3287	BLOOM	florecer	7.488888888888889	5.377777777777778	4.811111111111111	7.4714285714285715	5.442857142857143	5.0	7.55	5.15	4.15			V	423
3311	FLOWING BODY OF WATER	río	7.033333333333333	4.622222222222222	4.5777777777777775	7.0	4.814285714285714	4.714285714285714	7.15	3.95	4.1			N	870
3349	WRISTWATCH	reloj	4.955555555555556	4.722222222222222	5.288888888888889	4.8428571428571425	4.685714285714286	5.171428571428572	5.35	4.85	5.7			N	850
3375	PATIENT (SICK PERSON)	paciente	4.355555555555555	4.877777777777778	4.777777777777778	4.357142857142857	4.814285714285714	4.828571428571428	4.35	5.1	4.6			N/A	730
3396	BUILDING	edificio	4.966666666666667	4.477777777777778	5.122222222222222	4.942857142857143	4.514285714285714	5.3	5.05	4.35	4.5			N	332
3460	BEACH	playa	8.066666666666666	5.933333333333334	6.277777777777778	8.214285714285714	5.8428571428571425	6.385714285714286	7.55	6.25	5.9			N	792
3552	GREET	saludar	6.611111111111111	5.122222222222222	6.044444444444444	6.6	5.0	6.185714285714286	6.65	5.55	5.55			V	884
356	SHEARS	tijeras	4.177777777777778	5.0	5.011111111111111	4.1	5.042857142857143	4.985714285714286	4.45	4.85	5.1			N	955
3628	HONOR (SOMEBODY)	honor	7.355555555555555	5.533333333333333	6.466666666666667	7.371428571428571	5.442857142857143	6.5	7.3	5.85	6.35			N	493
3632	GENEROUS	generoso	7.566666666666666	5.533333333333333	5.666666666666667	7.771428571428571	5.628571428571429	5.9714285714285715	6.85	5.2	4.6			A	445
3635	ADULT	adulto	5.677777777777778	4.9	5.155555555555556	5.628571428571429	4.857142857142857	5.214285714285714	5.85	5.05	4.95			N	22
3644	AGREEMENT	acuerdo	7.2444444444444445	4.833333333333333	6.222222222222222	7.2	5.128571428571429	6.328571428571428	7.4	3.8	5.85			N	16
3709	BRILLIANT	brillante	7.033333333333333	5.7444444444444445	5.611111111111111	7.0	5.814285714285714	5.614285714285714	7.15	5.5	5.6			A	136
3732	POMEGRANATE	granada	3.422222222222222	6.611111111111111	3.8666666666666667	3.4714285714285715	6.514285714285714	3.6	3.25	6.95	4.8			N	458
377	LOUD	ruidoso	2.6333333333333333	6.933333333333334	3.6222222222222222	2.6714285714285713	7.142857142857143	3.5285714285714285	2.5	6.2	3.95			A	880
3780	PET	mascota	7.333333333333333	5.5777777777777775	5.844444444444444	7.3428571428571425	5.585714285714285	5.771428571428571	7.3	5.55	6.1			N	624
3841	WINDMILL	molino	5.355555555555555	4.222222222222222	4.611111111111111	5.2	4.3	4.614285714285714	5.9	3.95	4.6			N	654
3847	INTEREST (FEELING)	interés	6.566666666666666	5.888888888888889	5.955555555555556	6.542857142857143	5.8428571428571425	5.942857142857143	6.65	6.05	6.0			N	539
3873	CHOCOLATE	chocolate	7.722222222222222	6.1	5.844444444444444	7.814285714285714	6.214285714285714	5.642857142857143	7.4	5.7	6.55			N	196
3876	DENTIST	dentista	3.0	6.4222222222222225	3.688888888888889	2.914285714285714	6.485714285714286	3.6857142857142855	3.3	6.2	3.7			N	282
3878	DIAMOND	diamante	6.688888888888889	4.955555555555556	4.811111111111111	6.814285714285714	5.0285714285714285	5.042857142857143	6.25	4.7	4.0			N	314
390	PUNISHMENT	castigo	1.8666666666666667	6.411111111111111	3.7222222222222223	1.8571428571428572	6.457142857142857	3.5714285714285716	1.9	6.25	4.25			N	180
391	BLESS	bendecir	5.7	4.366666666666666	4.8	5.785714285714286	4.557142857142857	5.0285714285714285	5.4	3.7	4.0			V	123
3917	DEVIL	diablo	2.7	6.166666666666667	3.488888888888889	2.5142857142857142	6.1571428571428575	3.442857142857143	3.35	6.2	3.65			N	313
3974	UNHAPPY	infeliz	1.4333333333333333	4.733333333333333	3.2666666666666666	1.5142857142857142	4.857142857142857	3.1714285714285713	1.15	4.3	3.6			A/N	523
3975	NERVOUS	nervioso	3.2555555555555555	7.355555555555555	3.022222222222222	3.1857142857142855	7.3	2.9857142857142858	3.5	7.55	3.15			A	690
4000	LIGHTBULB	bombilla	5.288888888888889	4.588888888888889	5.811111111111111	5.314285714285714	4.628571428571429	5.9	5.2	4.45	5.5			N	132
4011	TRUCK	camión	4.666666666666667	4.555555555555555	4.866666666666666	4.757142857142857	4.714285714285714	4.857142857142857	4.35	4.0	4.9			N	157
4013	AMBULANCE	ambulancia	2.3444444444444446	7.444444444444445	3.577777777777778	2.2285714285714286	7.628571428571429	3.2285714285714286	2.75	6.8	4.8			N	52
4023	VIOLIN	violín	6.144444444444445	4.1	5.066666666666666	6.014285714285714	4.242857142857143	4.957142857142857	6.6	3.6	5.45			N	1023
4033	ELEVATOR	ascensor	4.988888888888889	4.711111111111111	4.733333333333333	4.914285714285715	4.642857142857143	4.728571428571429	5.25	4.95	4.75			N	77
457	BLIND PERSON	ciego	2.411111111111111	5.211111111111111	3.2444444444444445	2.5	5.1571428571428575	3.3714285714285714	2.1	5.4	2.8			A/N	200
474	DRESS	vestido	6.322222222222222	5.322222222222222	6.155555555555556	6.285714285714286	5.185714285714286	6.1	6.45	5.8	6.35			N	1011
487	SHY	tímido	4.166666666666667	4.2444444444444445	4.066666666666666	4.171428571428572	4.285714285714286	4.114285714285714	4.15	4.1	3.9			A	956
488	MANNER	manera	5.0	4.5	4.988888888888889	5.042857142857143	4.5285714285714285	5.0	4.85	4.4	4.95			N	608
497	SCAR	cicatriz	3.011111111111111	5.011111111111111	3.8777777777777778	2.7857142857142856	5.085714285714285	3.9857142857142858	3.8	4.75	3.5			N	198
499	CURE	curar	7.655555555555556	6.266666666666667	5.666666666666667	7.557142857142857	6.142857142857143	5.814285714285714	8.0	6.7	5.15			V	267
500	CRUEL	cruel	1.7666666666666666	6.633333333333334	3.7333333333333334	1.6571428571428573	6.742857142857143	3.585714285714286	2.15	6.25	4.25			A	257
503	FROG	rana	4.233333333333333	4.811111111111111	4.8	4.142857142857143	5.085714285714285	4.6571428571428575	4.55	3.85	5.3			N	830
504	LEARN	aprender	7.133333333333334	6.0	6.333333333333333	7.2	6.042857142857143	6.357142857142857	6.9	5.85	6.25			V	65
509	CERTAIN	seguro	7.477777777777778	4.344444444444444	6.9	7.457142857142857	4.328571428571428	7.071428571428571	7.55	4.4	6.3			A/N	893
586	GARDEN	jardín	7.988888888888889	4.466666666666667	5.955555555555556	8.028571428571428	4.428571428571429	5.8428571428571425	7.85	4.6	6.35			N	549
590	NAKED	desnudo	5.477777777777778	6.433333333333334	5.3	5.442857142857143	6.285714285714286	5.171428571428572	5.6	6.95	5.75			A	299
594	PIECE	pieza	4.844444444444444	4.122222222222222	5.122222222222222	4.785714285714286	4.057142857142857	5.171428571428572	5.05	4.35	4.95			N	781
602	HIDE (CONCEAL)	esconder	3.6333333333333333	5.277777777777778	4.433333333333334	3.5285714285714285	5.442857142857143	4.257142857142857	4.0	4.7	5.05			V	363
604	GLASS	vidrio	4.644444444444445	4.5777777777777775	5.166666666666667	4.571428571428571	4.742857142857143	5.228571428571429	4.9	4.0	4.95			N	1017
615	HORSE	caballo	6.355555555555555	5.655555555555556	4.777777777777778	6.3428571428571425	5.871428571428571	4.771428571428571	6.4	4.9	4.8			N	145
616	HOSPITAL	hospital	2.066666666666667	5.488888888888889	3.4555555555555557	2.0285714285714285	5.571428571428571	3.2285714285714286	2.2	5.2	4.25			N	497
620	INSECT	insecto	3.2444444444444445	5.566666666666666	4.133333333333334	3.0142857142857142	5.7	3.9857142857142858	4.05	5.1	4.65			N	532
621	IRON	hierro	4.444444444444445	4.444444444444445	4.933333333333334	4.371428571428571	4.485714285714286	4.828571428571428	4.7	4.3	5.3			N	486
624	LAKE	lago	7.188888888888889	4.333333333333333	5.022222222222222	7.1571428571428575	4.457142857142857	5.1	7.3	3.9	4.75			N	562
625	LAMP	lámpara	5.4222222222222225	4.2444444444444445	6.011111111111111	5.442857142857143	3.914285714285714	5.885714285714286	5.35	5.4	6.45			N	563
626	LAND	tierra	5.633333333333334	4.644444444444445	4.933333333333334	5.628571428571429	4.6571428571428575	5.071428571428571	5.65	4.6	4.45			N	953
633	MARKET	mercado	5.411111111111111	4.977777777777778	5.066666666666666	5.557142857142857	5.328571428571428	5.057142857142857	4.9	3.75	5.1			N	637
635	MILK	leche	5.833333333333333	4.066666666666666	5.9222222222222225	5.714285714285714	4.014285714285714	5.8428571428571425	6.25	4.25	6.2			N	569
639	MOUNTAIN	montaña	6.488888888888889	4.988888888888889	4.844444444444444	6.514285714285714	5.0285714285714285	4.757142857142857	6.4	4.85	5.15			N	659
641	MUSHROOM	hongo	2.911111111111111	4.9	4.0	2.6142857142857143	4.857142857142857	4.042857142857143	3.95	5.05	3.85			N	492
642	MUSIC	música	8.155555555555555	6.622222222222222	6.611111111111111	8.142857142857142	6.742857142857143	6.571428571428571	8.2	6.2	6.75			N	678
645	OCEAN	océano	7.544444444444444	5.355555555555555	4.377777777777778	7.4714285714285715	5.514285714285714	4.314285714285714	7.8	4.8	4.6			N	709
647	PAINT (PIGMENTS)	pintura	6.2	5.2	5.644444444444445	6.071428571428571	4.914285714285715	5.628571428571429	6.65	6.2	5.7			N	783
648	PAPER	papel	4.977777777777778	3.888888888888889	5.733333333333333	4.985714285714286	3.9857142857142858	5.885714285714286	4.95	3.55	5.2			N	739
652	PLAIN	llano	5.177777777777778	3.8444444444444446	4.777777777777778	5.0	4.0	4.742857142857143	5.8	3.3	4.9			A/N	586
653	PLANT (VEGETATION)	planta	6.455555555555556	3.8	5.277777777777778	6.557142857142857	4.042857142857143	5.314285714285714	6.1	2.95	5.15			N	791
655	POISON	veneno	1.6666666666666667	6.933333333333334	3.6222222222222222	1.5857142857142856	6.914285714285715	3.8142857142857145	1.95	7.0	2.95			N	1004
667	ROAD	carretera	5.0	5.6	4.822222222222222	5.042857142857143	5.542857142857143	4.714285714285714	4.85	5.8	5.2			N	172
681	DESTROY	destruir	2.088888888888889	6.288888888888889	3.966666666666667	2.1	6.142857142857143	3.942857142857143	2.05	6.8	4.05			V	306
683	PERSON	persona	6.888888888888889	5.266666666666667	5.5777777777777775	6.771428571428571	5.128571428571429	5.614285714285714	7.3	5.75	5.45			N	769
686	EASY	fácil	6.9222222222222225	4.477777777777778	6.8	7.071428571428571	4.4	6.9	6.4	4.75	6.45			A	399
698	WISE	sabio	7.144444444444445	5.166666666666667	5.666666666666667	7.228571428571429	5.357142857142857	5.428571428571429	6.85	4.5	6.5			A/N	881
699	SAD	triste	2.0	4.333333333333333	3.588888888888889	2.157142857142857	4.242857142857143	3.4857142857142858	1.45	4.65	3.95			A	978
706	DARK	oscuro	3.7111111111111112	5.055555555555555	4.044444444444444	3.8142857142857145	5.114285714285714	4.128571428571429	3.35	4.85	3.75			A	727
729	DAWN	amanecer	8.011111111111111	4.0777777777777775	4.5	7.928571428571429	4.142857142857143	4.6571428571428575	8.3	3.85	3.95			N	49
730	SNAKE	serpiente	3.066666666666667	6.7444444444444445	3.5444444444444443	3.0	6.6571428571428575	3.4285714285714284	3.3	7.05	3.95			N	897
731	BEVERAGE	bebida	6.2555555555555555	5.622222222222222	5.388888888888889	6.128571428571429	5.728571428571429	5.257142857142857	6.7	5.25	5.85			N	121
735	OWL	búho	5.9222222222222225	4.588888888888889	4.222222222222222	6.071428571428571	4.871428571428571	4.114285714285714	5.4	3.6	4.6			N	142
739	FEED	nutrir	6.3	5.122222222222222	5.911111111111111	6.242857142857143	5.171428571428572	5.942857142857143	6.5	4.95	5.8			V	702
740	SHIP	barco	6.0	5.0777777777777775	5.022222222222222	5.928571428571429	4.942857142857143	4.928571428571429	6.25	5.55	5.35			N	114
744	EGG	huevo	5.011111111111111	3.9444444444444446	5.311111111111111	5.0285714285714285	3.6857142857142855	5.3	4.95	4.85	5.35			N	500
745	SHELF	repisa	4.733333333333333	4.2444444444444445	5.033333333333333	4.614285714285714	4.2	5.057142857142857	5.15	4.4	4.95			N	851
760	KNOT	nudo	3.9555555555555557	4.7555555555555555	5.188888888888889	4.071428571428571	4.8428571428571425	5.314285714285714	3.55	4.45	4.75			N	701
767	CORPSE	cadáver	1.4111111111111112	6.866666666666666	2.5444444444444443	1.4285714285714286	6.942857142857143	2.557142857142857	1.35	6.6	2.5			N	148
771	HAT	sombrero	4.866666666666666	4.111111111111111	5.455555555555556	4.814285714285714	4.171428571428572	5.557142857142857	5.05	3.9	5.1			N	916
775	TRUMPET	trompeta	5.188888888888889	5.7	4.811111111111111	5.042857142857143	5.671428571428572	4.828571428571428	5.7	5.8	4.75			N	982
783	VICTORY	victoria	7.933333333333334	7.188888888888889	6.466666666666667	7.928571428571429	6.9714285714285715	6.185714285714286	7.95	7.95	7.45			N	1015
784	SNOW	nieve	7.0	5.344444444444444	4.4	7.085714285714285	5.628571428571429	4.4714285714285715	6.7	4.35	4.15			N	693
785	STRONG	fuerte	6.3	5.877777777777778	5.322222222222222	6.171428571428572	5.8428571428571425	5.128571428571429	6.75	6.0	6.0			A	434
792	BOIL (OF LIQUID)	hervir	4.811111111111111	4.766666666666667	5.211111111111111	4.785714285714286	4.7	5.357142857142857	4.9	5.0	4.7			V	485
796	NIPPLE	pezón	6.144444444444445	5.4222222222222225	5.266666666666667	5.742857142857143	4.785714285714286	5.171428571428572	7.55	7.65	5.6			N	778
803	ANKLE	tobillo	4.6	4.333333333333333	5.155555555555556	4.671428571428572	4.442857142857143	5.085714285714285	4.35	3.95	5.4			N	958
805	SPINE	espina	2.6444444444444444	5.8	4.277777777777778	2.6	5.885714285714286	4.428571428571429	2.8	5.5	3.75			N	374
812	SLAVE	esclavo	1.6222222222222222	5.966666666666667	3.388888888888889	1.6857142857142857	6.171428571428572	3.5142857142857142	1.4	5.25	2.95			N	362
82	ANGER	enfado	2.5	7.333333333333333	4.4	2.242857142857143	7.285714285714286	4.085714285714285	3.4	7.5	5.5			N	346
837	BLUE	azul	7.011111111111111	3.988888888888889	5.388888888888889	6.914285714285715	3.6857142857142855	5.2	7.35	5.05	6.05			A	105
842	LIQUOR	espíritu	5.511111111111111	4.855555555555555	4.266666666666667	5.2	4.728571428571429	4.428571428571429	6.6	5.3	3.7			N	375
843	SPIDER	araña	3.066666666666667	6.4	4.022222222222222	2.7714285714285714	6.585714285714285	4.085714285714285	4.1	5.75	3.8			N	68
845	MURDER	asesinar	1.1777777777777778	7.444444444444445	2.7222222222222223	1.1142857142857143	7.6	2.5428571428571427	1.4	6.9	3.35			V	79
850	SQUARE	cuadrado	4.866666666666666	4.155555555555556	5.155555555555556	4.814285714285714	4.042857142857143	5.357142857142857	5.05	4.55	4.45			A/N	258
852	PRIEST	cura	4.522222222222222	5.0777777777777775	4.988888888888889	4.357142857142857	4.757142857142857	5.085714285714285	5.1	6.2	4.65			N	266
858	STORM	tormenta	4.144444444444445	6.1	2.9444444444444446	4.071428571428571	6.085714285714285	2.857142857142857	4.4	6.15	3.25			N	964
859	STOVE	estufa	6.366666666666666	3.7444444444444445	5.977777777777778	6.557142857142857	3.6285714285714286	6.085714285714285	5.7	4.15	5.6			N	387
862	SUGAR	azúcar	6.677777777777778	5.588888888888889	5.666666666666667	6.828571428571428	5.628571428571429	5.814285714285714	6.15	5.45	5.15			N	104
865	FAME	fama	5.455555555555556	6.177777777777778	4.344444444444444	5.585714285714285	6.3428571428571425	4.128571428571429	5.0	5.6	5.1			N	401
866	WIN	ganar	7.844444444444444	7.677777777777778	6.122222222222222	7.785714285714286	7.571428571428571	5.914285714285715	8.05	8.05	6.85			V	439
874	CANDY	caramelo	7.333333333333333	4.411111111111111	6.111111111111111	7.314285714285714	4.414285714285715	5.9	7.4	4.4	6.85			N	168
878	HELL	infierno	2.466666666666667	5.4	3.4555555555555557	2.2714285714285714	5.414285714285715	3.5714285714285716	3.15	5.35	3.05			N	526
90	INNOCENT	inocente	6.311111111111111	4.388888888888889	5.144444444444445	6.2	4.357142857142857	5.128571428571429	6.7	4.5	5.2			A/N	530
905	BORING	aburrido	2.3333333333333335	2.9	4.777777777777778	2.157142857142857	2.4714285714285715	4.8428571428571425	2.95	4.4	4.55			V/A	9
906	TREE	árbol	6.533333333333333	4.177777777777778	5.066666666666666	6.514285714285714	4.071428571428571	5.042857142857143	6.6	4.55	5.15			N	69
909	GARBAGE	basura	2.0555555555555554	4.311111111111111	4.4222222222222225	2.0714285714285716	4.428571428571429	4.328571428571428	2.0	3.9	4.75			N	119
910	DEATH	muerte	1.2333333333333334	6.455555555555556	1.9333333333333333	1.2428571428571429	6.485714285714286	1.6142857142857143	1.2	6.35	3.05			N	668
915	SINK (BASIN)	lavabo	4.722222222222222	4.3	5.388888888888889	4.685714285714286	4.214285714285714	5.542857142857143	4.85	4.6	4.85			N	567
928	EMBRACE	abrazo	8.133333333333333	5.7	6.122222222222222	8.228571428571428	5.5	6.3	7.8	6.4	5.5			N	5
937	BIRD	pájaro	6.433333333333334	4.788888888888889	4.533333333333333	6.514285714285714	4.671428571428572	4.728571428571429	6.15	5.2	3.85			N	732
942	HONEY	miel	5.455555555555556	4.055555555555555	5.655555555555556	5.3428571428571425	3.7714285714285714	5.6571428571428575	5.85	5.05	5.65			N	644
943	WATERFALL	cascada	7.2	5.2	4.677777777777778	7.271428571428571	4.985714285714286	4.9714285714285715	6.95	5.95	3.65			N	177
948	WATER	agua	7.466666666666667	4.8	5.722222222222222	7.514285714285714	4.6	5.742857142857143	7.3	5.5	5.65			N	34
951	WEAPONS	arma	1.8111111111111111	6.2555555555555555	2.9	1.8285714285714285	6.271428571428571	2.9571428571428573	1.75	6.2	2.7			N	71
952	WEATHER	tiempo	5.266666666666667	5.511111111111111	3.5444444444444443	5.3428571428571425	5.557142857142857	3.6	5.0	5.35	3.35			N	951
953	RAPE	violación	1.1111111111111112	7.977777777777778	2.1333333333333333	1.0857142857142856	8.114285714285714	1.9285714285714286	1.2	7.5	2.85			N	1021
958	WILD ANIMAL	bestia	2.8	6.877777777777778	2.8666666666666667	2.7	7.0	2.657142857142857	3.15	6.45	3.6			N	125
962	WOMAN	mujer	6.4	4.888888888888889	5.511111111111111	6.128571428571429	4.8	5.557142857142857	7.35	5.2	5.35			N	671
963	BOOK	libro	6.4222222222222225	5.3	5.844444444444444	6.485714285714286	5.357142857142857	5.714285714285714	6.2	5.1	6.3			N	579
965	WORLD	mundo	6.566666666666666	6.122222222222222	3.9	6.457142857142857	6.214285714285714	3.657142857142857	6.95	5.8	4.75			N	674
972	BE ABLE	poder	5.733333333333333	6.088888888888889	5.7	5.914285714285715	6.142857142857143	5.8	5.1	5.9	5.35			N	795
974	TOBACCO	tabaco	3.1777777777777776	5.055555555555555	4.566666666666666	3.242857142857143	5.142857142857143	4.514285714285714	2.95	4.75	4.75			N	929
981	ELBOW	codo	4.588888888888889	4.2555555555555555	5.277777777777778	4.571428571428571	4.228571428571429	5.142857142857143	4.65	4.35	5.75			N	212
