CONCEPTICON_ID	CONCEPTICON_GLOSS	ENGLISH	ENGLISH_VALENCE_MEAN	ENGLISH_AROUSAL_MEAN	LINE_IN_SOURCE
100	FAITHFUL	faithful		5.71	875
1001	BLACKSMITH	blacksmith	4.71	4.42	221
1002	STATUE	statue	4.8	3.63	2242
1003	PERMIT	permit	5.47	5	1684
101	BOAST	brag	4.43		281
1011	BRIDGE	bridge	5.12	4.62	296
1017	APPEARANCE	appearance	5.8	5.88	95
1018	MEMORY	memory	6.43		1472
1029	JEWEL	jewel	6.59	6.04	1277
1032	CITIZEN	citizen	5.41	4.24	427
1035	GOOD	good	7.24	6.46	1027
1039	SHOW	show	6.11	5.62	2106
1044	PILLOW	cushion	6.33	4.51	595
1045	POET	poet	6.07	3.88	1734
1047	PURSUE	pursue	5.56	5.67	1827
1062	LAW	law	5.15	4.73	1323
1064	SHIELD	shield		4.76	2092
1070	BUS	bus	4.47	4.37	323
1075	TRAP (PITFALL)	trap	3	6.12	2440
1082	MERCHANT	merchant	5.31	4.4	1478
1086	WORK (ACTIVITY)	activity	6.04	5.36	20
1088	SINK (DESCEND)	sink	4.71		2124
109	FOREIGN	foreign	4.68	4.94	947
1090	BE BORN	born	6.52	6.05	264
1091	SALTY	salty	4.97	5.56	1993
1092	HOPE	hope	7.63	6.61	1141
1094	FASTEN	fasten	5.05	4.86	885
1095	LET GO OR SET FREE	release	5.56	4.45	1906
1097	ABANDON	abandon	2.43	3.58	1
1098	WEIGH	weigh	4.12	4.93	2573
11	DARKNESS	darkness	3.15	3.81	606
1102	CLIMB	climb	5.69	5.26	443
1103	SACRIFICE	sacrifice	3.61	4.45	1983
1104	NURSE	nurse	5.27	4.88	1581
1107	GO OUT	exit	4.85	4.55	841
1109	WOUND	wound	3.02	4.25	2609
1110	SHARK	shark	4.59	5.53	2088
1113	WRAP	wrap		3.86	2610
1115	SPEECH	speech	5.32	5.02	2200
112	TURTLE	turtle	5.71		2469
1122	WAGES	salary	7.87	6.06	1990
1123	PREGNANT	pregnant	6.6	5.82	1776
1124	PIPE	pipe		4.59	1718
1125	BALD	bald	3.51	4.28	163
1127	SEND	send	5.64	5.43	2060
1135	KICK	kick	4.07	5.23	1290
1139	LEOPARD	panther	5.8	5.09	1637
1143	OVEN	oven	5.65	4.67	1620
1145	SWAMP	swamp		5.13	2330
1147	PURE	pure	7.56	4.04	1825
1149	ORPHAN	orphan	2.61	3.92	1613
1150	THUNDER	thunder	4.75	6.3	2402
1153	CATTLE	cattle		4.52	368
1155	CAVE	cave	4.33	4.84	370
1156	OPEN	open	6.16	5.61	1601
1158	STEP	step	5.11	4.58	2244
1159	FART	fart	3.51	4.49	882
1161	THREAD	thread	4.49	4.73	2393
1162	INTENTION	intention	5.43	5.38	1242
1163	BRIBE (AMOUNT)	bribe	3.44	4.77	293
1165	MOUSTACHE	whiskers	5.24	4.19	2584
1171	MIRROR	mirror	6.57		1498
1172	SHOOT	shoot		5.59	2098
1175	GHOST	ghost		5.82	1011
1198	MANY	numerous	5.57	4.62	1579
1202	BIG	great	7.42	6.86	1047
1207	YOUNG	young	7.86		2622
1210	HEAVY	heavy		4.74	1108
1217	FATHER	father	7.2	6.03	888
122	CART	cart	5.09	4.28	362
1222	PENIS	penis	4.87	5.17	1672
1225	DAY (NOT NIGHT)	day	6.38	4.44	609
1227	BOARD	board	5.2	4.46	240
1228	EARTH (SOIL)	earth	6.57	4.43	775
123	FOREHEAD	forehead	4.62	4.28	946
1230	DIRTY	dirty	3.27	5.59	692
1232	WARM	warm	7.57		2563
1234	SMOOTH	smooth	6.19	4.33	2158
1244	THICK	thick	4.78	4.75	2383
1246	SMALL	little		4.91	1369
1248	EYE	eyes	6.19	5.26	861
125	SWEAT (SUBSTANCE)	sweat	5.15	5.45	2331
1251	BELLY	abdomen	4.88	4.62	2
1256	HEAD	head	6.13	5.06	1099
1257	WING	wing	6.88	4.04	2593
1261	SING	sing	7.67	5.71	2123
1263	SISTER	sister	6.78	4.6	2126
1264	CHANGE	change		5.45	387
1265	HIGH	high	5.72	5.87	1116
1266	BRIDE	bride	6.71		295
1267	NARROW	narrow	4.12	4.12	1549
1271	DELIGHT	delight	6.43		638
1275	ANSWER	answer	5.93	4.71	86
1276	AUTUMN	autumn	6.78	5.48	144
1278	VOMIT	puke		4.59	1820
1280	FALL	fall	3.84	5.31	876
1281	PRISON	jail	2.23	4.72	1270
1284	BANK	bank		4.91	167
1285	IMPORTANT	important	6.06	4.96	1191
1286	HOT	hot	5.53	5.84	1150
1288	CAP	cap	5.33	4.06	349
1289	BABY	baby	6.52	4.27	152
129	CHOKE	choke	2.5	5.19	412
1295	STICK	stick	4.93	3.76	2251
1299	COFFEE	coffee	5.93	4.59	454
13	DECEIT	deception	3.23	5.35	617
1301	FOOT	foot	4.85	4.6	942
1302	FORK	fork	5.43		949
1304	CHILD (YOUNG HUMAN)	kids		5.55	1291
1308	DOUBT	doubt	3.09	4.47	742
1309	ASK (INQUIRE)	ask	5.12	5.33	117
1313	MOON	moon	7	4.67	1518
1314	QUIET	quiet	5.93	1.94	1839
1315	RADIO	radio	6.29		1847
1316	TENT	tent	5.5	4.4	2370
1319	COWARD	coward		4.8	554
132	SAUCE	sauce	6.22	5.27	2009
1322	BREAKFAST	breakfast	6.94	5.5	289
1323	CLOCK	clock	5.6	3.71	445
1325	FRIEND	friend	7.81	5.69	965
1327	UNCLE	uncle	6	4.24	2482
1330	DEFEND	defend	5.62	5	627
1334	GUTS	gut	4.18	4.68	1071
1336	EAT	eat	7.59	6	778
1339	MORNING	morning	6.19	4.63	1521
134	FAULT	fault	2.67	5.18	891
1343	SUN	sun	7.58	5.92	2305
1344	RAM	ram	4.74	4.59	1857
1350	MONKEY	monkey	6.2	5.41	1513
1353	HOUR	hour	4.71	4.46	1152
1355	LAUGH	laugh	8.29	7.7	1319
1357	DAUGHTER	daughter	6.86	4.68	608
1358	ENEMY	enemy	2.7	5.16	806
1363	VOICE	voice		5.6	2550
1364	HEALTHY	healthy	7.58	5.91	1103
1365	KITCHEN	kitchen	6.53	5.35	1296
1366	BOY	boy	6.12	5.76	278
1368	BREAD	bread	6.78	4.62	287
1369	GOLD	gold	7.11	6.29	1026
1371	KNEE	knee	4.61	4.1	1299
1372	MEDICINE	medicine	4.67	4.53	1462
1373	TEA	tea	7.34	4.95	2355
1375	WINDOW	window		4.77	2591
1378	SPOON	spoon	5.29	4.62	2219
1379	TELEPHONE	phone	5.94	5	1695
1380	TOOTH	tooth		4.14	2417
1381	SHOE	shoes	6.14	5.89	2097
1384	SECOND	second		4.5	2046
1386	LION	lion	5.62	6.47	1364
1387	ARRIVE	arrive		5.38	113
1389	TOE	toe	5.43		2412
1391	TOWN	town	6		2424
1394	BONE	bone	4.47	4.88	250
1396	SHARP	sharp	4.3	5.24	2089
1398	DRY	dry	3.58	4.1	763
1400	THIN (SLIM)	slim	6.67	6.23	2147
1406	FAR	distant	3.56	4.42	712
1407	BREATHE	breathe	6.31	4.65	291
1409	SEE	see		6.05	2051
1414	SQUEEZE	squeeze	4.71		2228
1419	FEAR (BE AFRAID)	fear		5.82	892
1422	BE ALIVE	alive	7.71		55
1426	EXPENSIVE	expensive	3.74	5.39	845
1429	FULL	full	6.05	5.16	977
1430	STAR	star	6.85	5.58	2238
1434	STAB	prick	3.13	4.5	1787
1436	SCRATCH	scratch	3.84	4.84	2033
1437	SPLIT	split		4.42	2214
1438	FOOL	fool		5.19	941
1439	SWIM	swimming	8.29		2337
1440	SPIT	spit	2.33	4.42	2213
1443	WALK	walk	6.57		2558
1447	GIVE	give	6.68	5.43	1015
1448	HOLD	hold	5.18	4.41	1124
1452	PUSH	push	4.24	5.23	1829
1457	SEW	sew	5.19	4.16	2076
1458	SAY	say	5.65	4.58	2013
1465	BOX	case	4.53	4.24	363
1466	EXACT	exact	6.06	5	832
1475	COMB	comb		4.89	467
1476	CHAIR	throne	5.61	5.11	2398
1479	DOLPHIN	dolphin		5.95	731
1480	BODY	body	5.44	4.42	243
1481	HAMMER	hammer	4.13	5.41	1077
1487	POUR	pour	5.06	4.42	1764
1490	RAT	rat		4.85	1862
1495	HAPPY	happy	8.11	6.79	1086
1496	GRANDMOTHER	grandmother	7.3	4.51	1038
1497	POSTCARD	postcard	6.47	4.71	1760
1503	SALIVA	saliva	3.15	3.83	1991
1506	MEASURE	measure	4.93	4.24	1455
1507	FRUIT	fruit	7.7	5.28	971
1510	CHIN	chin	4.86	3.9	409
1511	ROOSTER	cock	4.37	4.94	450
1512	RISE (ONESELF)	arise	5.51	5.34	107
1514	HEN	hen	6.14		1114
1518	STUPID	stupid	4.86		2285
1519	RUN	run	5.44	5.52	1979
1523	FORGET	forget	3.97	4.65	948
1527	TICK	tick	3.74	4.27	2403
153	GREY	gray	3.53	3.27	1044
1530	BOWL	bowl	5.6	4.29	274
1535	SWORD	sword	4.57	5	2339
1536	UNDERSTAND	understand	7.14		2485
1537	SPRINGTIME	spring	7.23	6.96	2224
1538	SCORPION	scorpion	3.23	5.16	2030
1539	BASKET	basket	5.14	4.46	176
1545	HOST	host		4.91	1149
1548	UGLY	ugly	2.2	5.12	2475
1549	TRIBE	tribe	5.27	4.27	2447
155	CHOP	chop	4.44	5.02	413
1552	GLOOMY	gloomy	3.31	3.59	1021
1553	MALE	male	5.86		1417
1557	BEGINNING	beginning	6.33	5.76	198
1558	SIMILAR	similar	5.67	4.06	2121
156	RED	red	6.1	6.57	1886
1560	FACE	face	5.67	4.76	864
1561	ARMY	army	3.43	5.53	110
1564	LAZY	lazy	3.84	3.45	1326
1566	GUN	gun		5.14	1070
1570	EQUAL	equal	5.98	5.24	818
1571	SELL	sell		5.32	2056
1572	SURPRISED	surprised		6.82	2321
1573	SWELL	swell	5.29		2335
1575	COCKROACH	cockroach	2.36	4.9	452
1579	BE	be	5.7	3.55	183
1581	ALLIGATOR	alligator	4.31	4.9	58
1585	SLEEP	sleep	7.3	4.61	2143
1592	CHEST	chest	4.94	5.15	404
1593	DEEP	deep	5.28	4.67	623
1595	SOUTH	south	5.43	4.31	2186
1596	LOCK	lock		4.55	1377
1597	AIRPLANE	airplane	6.94	5.54	48
1600	SKIRT	skirt	6	4.85	2135
1610	PROSTITUTE	hooker	3.73	4.64	1139
1611	INVITE	invite	6.93	5.24	1259
1612	LETTER	letter	6.43		1343
1615	ESCAPE	escape	6.43		821
1619	GRANDDAUGHTER	granddaughter	6.73	4.18	1037
1621	SNEEZE	sneeze	4.33	4.56	2163
1622	SHIRT	shirt	5.67	5.03	2095
1624	EMPTY	empty	3.47	3.67	801
1625	DEAD	dead	1.9	3.46	612
1627	CHAIN	chain		4.36	379
1629	EVENING	evening	6.48	4.36	827
1631	FAST	quick	6.71		1838
1633	FLAT	flat	4.8	4.38	923
1634	HUNDRED	hundred	5.9	5.21	1163
1637	AUTHORITY	authority	4.43	4.89	139
1639	BEER	beer	5.08	5.35	193
1641	SILK	silk	6	4.21	2118
1646	GIRL	girl	6.73	5.3	1014
1653	BLIND	blind	3	4.09	229
1654	LIGHTNING	lightning	5.22	4.91	1358
1655	BLINK	wink		6.1	2594
1657	TRUE	real	6.84	5.63	1868
1663	BED	bed		5.18	190
1664	RAFT	raft	4.64	4.34	1849
1665	BEAT	beat	4.95	5.46	189
1667	HOLE	hole	4.36	4.27	1125
1668	GRIEF	grief	3.71		1051
1671	TOWER	tower	5.33	4.6	2423
1672	WRITE	write		4.68	2615
1673	ARM	arm	4.85	4.27	108
1679	LOAD	burden	2.81	3.6	317
168	REST	relax	7.88	3.88	1902
1688	FATE	fate	5.43	5.82	887
1690	FENCE	fence	4.8	3.76	900
1702	HOLY	holy	6.04	4.03	1127
1719	BURY	bury		4.1	322
1726	WET	wet	3.5	4.67	2578
1727	THRESHOLD	threshold	4.62	4.86	2396
1730	CHEEK	cheek	5.91	5.01	399
1732	SKY	sky	7.81	4.67	2137
1733	RAINBOW	rainbow	7.41	5.9	1852
174	PROUD	proud	7.38	5.48	1811
1740	PINE	pine	5.34	4.33	1714
1743	JOIN	join	6.22	4.85	1279
1746	BLADDER	bladder	3.74	4.53	222
1752	LEAVE	leave		4.77	1332
1755	UNDRESS	undress	5.22	5.5	2488
1756	WIDOW	widow	3	4.71	2587
1773	GRAVE	grave	2.47	4.38	1043
1775	TABLE	desk	5.2	4	656
1776	SHAME	shame	2.6	4.04	2085
1778	APPROACH	approach	5		101
1779	DARE	dare	5.07	4.59	604
178	RIPE	ripe	5.37	5.04	1949
1782	GUEST	guest	4		1065
1783	PAIN	pain	3	5.88	1631
1784	WANT	want		6.05	2561
1788	TELEVISION	television		6.18	2362
1789	AGE	age		5.05	41
1801	CHILD (DESCENDANT)	offspring	6.14	5.75	1600
1802	SCREW	screw	4.04	4.79	2038
1803	WOOD	log	4.59	4.14	1378
1806	BEGIN	begin	5.54	5.06	197
1807	AFTERNOON	afternoon	5.71		40
1810	DANGER	danger	2.73	5.61	603
1812	TRY	try	6.53	5.35	2461
1813	TASTY	delicious		6.95	637
1815	ACHE	ache	2.6	5.12	15
1817	WEST	west	4.81	3.64	2577
1820	BEAR	bear	5.83	5.23	187
1823	BORROW	borrow	4.73	4.06	265
1826	ANGRY	angry	5		78
1828	ASK (REQUEST)	request	4.76	4.64	1921
1831	MEET	meet	6.15	4.85	1465
1833	DINNER (SUPPER)	dinner		6.81	686
1835	MARROW	marrow	3.92	4.79	1436
1836	VAGINA	vagina	5.43		2522
1843	THOUSAND	thousand	5.91	5.76	2392
1844	BOAT	boat	6.25	4.11	241
1845	BALL	football		5.45	943
185	FIREPLACE	fireplace	5.81	4.37	910
1851	POCKET	pocket	6		1732
1853	DOVE	dove	6.13	4.58	745
1863	AMAZING	amazing		7.19	67
1868	VISIBLE	visible	5.87	4.41	2544
1874	SAUSAGE	sausage	6	5.42	2011
1875	REGRET	sorry	3.89	4.3	2184
1876	REINDEER	reindeer	6.67	5.19	1901
1887	CHEAP	cheap	6.4	5	396
1888	PAIR	couple	6.24	5.58	550
1891	PUMA	cougar	5.48	5.05	545
1895	CLOTHES	clothes	6.73	5.38	448
1899	MAD	mad	2.95	5.55	1404
1906	SOUR	acid	3.62	5.15	16
1917	TIE	tie		4.86	2404
1919	TORCH	torch	5.07	6	2419
1923	ROUGH	rough	4.27	5.76	1970
1929	STUDY	study	4.85	4.06	2280
193	SHALLOW	shallow	3.77	3.82	2084
1933	LOOSEN	loosen	4.53	4.28	1385
1934	BEGGAR	beggar	4		196
1936	DEER	deer	6.11	4.27	624
194	FAMILY	family	8.19	4.81	877
1941	SOLDIER	soldier	5.43		2175
1943	CROWN (OF HEAD)	crown	6.27	4.98	578
1945	IDOL	idol	6.15	5.74	1174
1948	SAW	saw	4.27	4.71	2012
1954	GENTLE	gentle	7.3	3.98	1007
196	DONATE	donate	6.24	5.05	735
1962	ROAST (SOMETHING)	roast	6.13	4.59	1956
1964	ALONE	alone	2.97	3.09	60
1966	BUNCH	bunch		5.05	316
1975	CHECK	check	5.4	5.1	397
1977	DEW	dew	5.71	4.26	669
1978	RECOVER	recover	6.68	5.26	1884
1986	DISEASE	sickness	2.17	3.38	2112
1991	INTESTINES	bowel	4.14	4.46	273
1993	SELF	self	6.29		2055
1995	DEFECT	defect	2.67	4.88	625
1996	GET TIRED	tire	4.74	4.48	2408
1998	COMMAND	command	4.59	5.09	474
2	DUST	dust	3.16	3.94	771
2001	PAINTING	draw	6.05	4.62	752
2002	DITCH	ditch	3.26	4.72	719
2003	FLOW	flow	5.39	4.42	932
2007	BOLT (OF LIGHTNING)	bolt	5.07	5.62	247
2008	RESCUE	rescue	6.73	6.29	1922
201	FARM	farm	6.12	3.54	881
2011	COFFIN	coffin	2.38	4.63	455
2012	COLLAR	collar	5.36	4.53	458
2013	BAIT	bait		5.26	160
2017	MIX	mix	5.88	5.04	1503
2021	GRASP	grasp	5.93	5.06	1041
2024	PLOT	plot	5.14	4.33	1729
2025	PEA	peas		4.59	1664
2030	DRAG	drag	3.74	4.28	746
2033	DELIVER	deliver	5.75	5.22	641
2038	DRAGON	dragon	6.94	5.89	747
2043	PEACH	peach	6.78	4	1661
2045	COLUMN	column		4.15	465
2046	APRON	apron	5.71		103
2052	BUCKET	bucket	4.86	4.45	306
2058	STOOL	stool	4.41	3.89	2259
2060	STORY	story	6.85	6.56	2262
2064	SCATTER (SEEDS)	scatter	4.49	4.89	2018
2069	SOAK (VERB)	soak	5		2167
2072	USE (VERB)	use	5.07	4.44	2518
208	NASAL MUCUS (SNOT)	snot	3.43	4.6	2164
209	RARE	rare	5.32	5.04	1860
210	LIFE	life	6.53	5.99	1353
2112	OLD (AGED)	elder	4.71		789
2134	RAISE (BRING UP)	raise	5.71		1854
2137	MAGICIAN	magician	6.66	6.77	1408
2150	MATTER	matter	5.43		1447
216	MOVIE	movie	7.29		1531
2204	LEDGE	ledge	3.64	4.33	1334
221	FIRE	fire	4.12	5.91	908
2216	BECOME NUMB	numb	3.41	3.79	1578
2219	LEAN (MEAT)	lean	5.38	4.65	1329
2224	BEND (SOMETHING)	bend	5		206
2230	UNTAMED OR WILD	wild	6.07	6.79	2589
2232	KEEN OR SUBTLE	subtle	5.32	3.98	2292
2252	PATH	path	5.53	4.81	1653
2253	DRIP (EMIT LIQUID)	leak	3.6	4.39	1328
227	FISH	fish	6	4.58	913
2283	SEMEN	semen	4.27	4.75	2057
2287	HORIZON	horizon	5.43		1144
2288	METEOROID (SHOOTING OR SHINING STAR)	meteor	5.85	6.1	1484
2291	VOLCANO	volcano	4.26	5.27	2551
2297	DUSK	twilight		5.42	2471
2298	VIRGIN	virgin	5.54	4.9	2542
2299	STRAW	straw	5.54	4.31	2268
2308	THIN	thin	5.97	5.53	2385
2316	FREE	free	7.57		958
232	FLEA	flea	3.45	4.6	927
2329	LACK (NOT HAVE)	lack	3.04	3.53	1306
2342	LANDSCAPE	landscape	6.14	4.8	1314
2349	SHRIMP	shrimp	6.12	4.42	2108
2352	DRAGONFLY	dragonfly	6.07	4.65	748
2354	CRICKET	cricket	4.48	4.42	569
236	STEPMOTHER	stepmother	3.2	4.82	2246
237	STEPFATHER	stepfather	3.12	4.44	2245
2374	DREAM	dream	7.66	7	754
2375	VERTICAL	vertical	5.24	4.17	2536
2386	TURKEY	turkey	6.45	5.98	2468
239	FLOWER	flower		5.95	933
2396	KNOCK	knock	4.79	5.04	1302
2397	LOBSTER	lobster		6.19	1374
24	PRAY	pray	5.92	4.04	1770
240	ELECTION	election	4.95	4.86	790
2403	TOY	toy	7.19	5.69	2426
2408	CAKE	cake	7.24	6.95	338
2410	GOOD-LOOKING	attractive		7	135
2411	HURT (SOMEBODY)	hurt	3.12	4.3	1165
2412	THANK (SOMEBODY)	thank	7.6	5.65	2377
2424	MEMBER	member	5.61	4.96	1468
2427	FUTURE	future		7	989
2428	LIBRARY	library	5.12	3.78	1351
2429	LOGIC	logic	6.19	4.06	1379
243	FRESH	fresh	7.57	5.49	964
2430	OFFICE	office	5.03	3.88	1598
2433	THEORY	theory	5.87	4.18	2380
2435	UNIVERSITY	university	6.33	5.07	2499
2440	PINEAPPLE	pineapple	5.98	5.33	1715
2449	FAT (OF MEAT AND FOOD)	fatty	3.05	4.39	890
246	THRUST	thrust	4.93	5.67	2400
2466	WEIGHT	weight	4.03	4.88	2574
2468	BAG	bag	5.47	5.17	158
2470	DEAR	beloved	6.48	5.03	203
2471	LADY	lady	7.29		1307
248	HAPPEN	happen	5	4.91	1085
2481	FEMALE DOG	bitch	3.07	5.14	218
2483	COLD (OF WEATHER)	chilly	4.86		408
249	FOG	fog	4.2	4.35	938
2493	BOIL	boil	5.14		246
25	DIRT	dirt	3.81	4.03	691
2505	BEDROOM	bedroom	6.54	4.85	191
2506	LOOSE	slack	3.94	3.73	2138
2519	SEEING (VISUAL SENSE)	sight	6.16	5.24	2114
252	FRIGHTEN	frighten	2.82	5.25	967
2526	POWER	power	6	5.39	1766
2527	ABILITY	ability	7.33	5.29	4
2530	SMART	intelligent	7.19	5.58	1239
2539	PIT (POTHOLE)	pit	3.87	4.21	1720
2541	MIRACLE	miracle		6.41	1497
2543	RAVEN	raven	4.59	4.75	1864
2546	BORDER	border	4.87	5.56	260
2547	CITY	city	6.57		428
2554	PRINCE (RULER)	prince	6.78	5.52	1788
256	FOOD	food	7.3	6.3	940
2562	SEX (GENDER)	sex	6.21	6.38	2078
2564	PIGLET	piglet	6.67	5	1709
2572	SENSE (PERCEIVE BY SENSES)	sense		5	2064
2580	HELICOPTER	helicopter	6.07	6.35	1111
2584	BENCH	bench	5.17	4.23	205
2588	GLOBE	globe		6.29	1020
2601	UNICORN	unicorn	5.74	4.55	2496
2604	NOOSE	noose	4.1	4.39	1571
2606	COMPASS	compass	5.53	4.18	483
2617	BULB	bulb	4.96	4.46	310
2618	CAMERA	camera	5.93	5.21	341
2619	CARD	card	5.75	5.43	355
2622	ENGINE	engine	4.83	4.97	809
2623	FLAG	flag	6.43		917
2627	ORANGE (FRUIT)	orange	6.51	4.98	1608
2630	WHIP	whip		5	2583
2631	WIRE	wire	4.52	4.7	2596
2638	FISHING	fishing	5.67	4.86	914
2651	BE IGNORANT	ignorant	3.05	4.81	1177
2666	SOLE (FOOT)	sole	5.06	4.24	2176
27	AIR	air	6.81	3.89	45
2704	FADE (LOOSE COLOR)	fade	3.88	3.88	868
2705	INHALE	inhale	6.87	3.76	1214
2709	FLATTER	flatter	6.19	5	924
271	SAUCER	saucer	4.42	3.74	2010
2712	GET DIZZY	dizzy	2.93	4.22	725
275	PEEL	peel	4.89	4.7	1668
2755	BUSY	busy	3.93	5.76	326
2756	IDLE	idle	4.18	3.62	1173
2769	PORK	pork	4.41	4.76	1751
2772	KITCHEN KNIFE	chopper		4.5	414
2809	BLUEBERRY	blueberry		6.05	237
281	POST	post		4.18	1759
2819	GRASSLAND	meadow	6.49	4.07	1452
2830	OYSTERS	oyster	4.94	4.07	1628
2831	PENGUIN	penguin	7.14		1671
2833	RUM	rum	5.33	5.55	1977
2838	TAME	tame	5.57		2347
2845	SIZE (OF OBJECT)	size		4.59	2128
2860	BOLT (MOVE IN HASTE)	rush	3.8	6.71	1981
2862	CONNECT	connect	6.11	4.62	513
2869	BOTHER (HARASS)	bother	3.94	4.52	266
2872	IMPROVE (SOMETHING)	improve	6.74	4.82	1195
2881	URGE (SOMEONE)	urge	3.94	5.68	2515
2884	HANG	hang	4	4.37	1084
289	MOLD	mold	3.25	3.67	1507
2904	RINSE	rinse	5.78	4.12	1947
2909	PREPARE	prepare	6.53	4.54	1780
292	RUG	carpet	6.07	4.12	360
2924	A LITTLE	bit		4.86	217
2932	COLD (CHILL)	chill	5.59	4.7	407
2933	CONVERSATION	conversation		5.32	531
2938	FLAVOR	flavor	7.2	5.53	926
2940	GATE	gate	5.22	4.61	998
2948	GAP (DISTANCE)	gap	4	4.4	995
2949	LAIR	lair	4.38	4.93	1308
2954	SLICE	slice		4.55	2145
2956	TUBE	tube	4.64	4.29	2462
2958	LAUGHTER	laughter	7.71		1320
2959	LEASH	leash	4.09	4.39	1330
296	CROUCH	squat	4.86		2226
2961	MESSAGE	message		5.81	1483
2964	NEWS	news	5.14		1563
2968	REASON	reason	5.57		1872
2973	STRAP	strap	3.77	5.12	2266
2975	THOUGHT	thought	5.58	4.62	2390
2977	WORKER	worker	6		2607
2978	DISTANCE	distance	4.71		711
2980	AREA	area	5.31	4.73	105
2983	COMPANIONSHIP	company	5.35	4.67	482
2985	HEIGHT	height	5.44	4.67	1110
2991	SKI	ski	5.6	5.94	2130
3	BRAVE	brave		6.29	284
3002	PRECIOUS	precious	7.07	6.05	1774
3003	SOLID	solid	5.07	4.33	2177
3006	SPACE (AVAILABLE)	space	7		2189
3020	BREAK (BREAKING)	burst	4.33	4.94	321
3025	BARN OR SHED	shed	4.35	3.79	2090
304	PREACH	preach		5.22	1772
3049	COURAGE	courage	7.08	5.47	552
307	HAWK	kite		5.95	1297
3074	FIX	fix	5.48	4.53	916
3076	SLOPE	slope	4.67	4.47	2152
3085	CARROT	carrot	6.29		361
3086	COMPUTER	computer	6.4	5.84	490
3087	PACIFIER	dummy	3.71	4.11	768
3090	GUITAR	guitar	6.92	5.23	1069
3091	LEMON	lemon	6.4	6.25	1340
3096	RACKET	racket	4.93	5.47	1844
3099	SOFA	sofa		5.09	2172
31	PAN	pan	4.94	4.25	1635
3105	UMBRELLA	umbrella	5.19	3.76	2477
3106	WARDROBE	wardrobe	6.42	6.2	2562
3110	CLAP	clap	6.25	6.32	432
3116	HATCH (OUT)	hatch	4.78	4.32	1094
3121	OPERATE (MEDICINE)	operate	4.91	4.83	1602
3128	SHOWER (ACTION)	shower		5.09	2107
3130	SPILL (SOMETHING)	spill	3.67	5	2209
3132	SURF	surf	7.14		2319
3134	TYPE (ON SOMETHING)	type	5.11	4.24	2473
3144	GORILLA	gorilla	6		1029
3146	CHEETAH	cheetah	5.61	6.08	401
3147	HAMSTER	hamster	5.59	5.06	1078
3153	LORD	lord	6.29	5.28	1387
3160	SLAP	slap	3.47	6.12	2139
3167	SERMON	sermon	4.77	4.05	2070
3174	WAKE UP (SOMEONE)	wake	5.13	4.88	2557
3176	RACK (FOR STORING FOOD)	rack	4.4	4.04	1843
3179	CORAL ROCK	coral	5.29		539
3181	MUSTARD	mustard	4.27	4.47	1541
319	LICK	lick	4.86		1352
3197	SUSPICION	suspicion	3.4	6	2326
320	LAME	lame	3.62	3.76	1310
321	CHEW	chew	5.29	4.75	405
323	FAT (ORGANIC SUBSTANCE)	fat	2.57	4.19	886
3268	QUESTION	question	5.11	5.06	1836
3276	SUNSHINE	sunshine	7.54	6.06	2306
3283	CAGE	cage	3.02	3.96	337
3287	BLOOM	blossom	7.4	6.43	234
329	STOCKING	stocking	4.37	4.42	2257
3303	PICTURE (PAINTING)	painting	6.59	4.6	1633
3304	PICTURE (PHOTOGRAPH)	photo		5.71	1696
332	RAG	rag	4.29		1850
3327	AUTUMN OR HARVEST SEASON	harvest	6.57		1091
3336	FUNERAL	funeral	2	4.19	980
3357	CUPBOARD	cupboard	5.02	4.49	589
3376	ROBBER	robber	2.4	4.71	1957
338	RAKE	rake		4.79	1855
3389	MEASLES	measles	2.38	4.41	1454
3405	RULER	ruler	4.83	4.52	1976
342	HAY	hay	5		1098
3423	DRILL	drill	3.79	5.36	756
3425	JOKE	joke	7.14	6.89	1280
3427	DIRECTION	direction	5.15	4.61	690
343	VINE	vine	4.71	4.57	2540
3446	PINK	pink	6.33	4.85	1716
3460	BEACH	beach		6.1	184
3470	LIAR	liar	1.62	4.56	1348
3471	OBLIGATION (DUTY)	obligation	4.27	4.52	1586
3533	ONE MILLION	million	6.89	6.39	1492
3534	BEG	beg		4.55	195
3551	FETCH	fetch	5.23	4.16	901
3554	GOODBYE	farewell	4.57		880
356	SHEARS	scissors	4.73	4.48	2026
3608	WARRIOR	warrior	5.28	5.85	2565
3616	FAINT (PASS OUT)	faint	3.7	4.33	872
3617	STUMBLE	stumble		4.39	2282
3620	SLEEPY	sleepy	4.8	3.18	2144
3621	DISABLED PERSON	cripple	2.77	4.82	571
3625	HEADACHE	headache	2.46	4.67	1100
3632	GENEROUS	generous		5.91	1006
3633	CURIOUS	curious	6	6.07	593
3634	STUBBORN	stubborn		4.26	2277
3635	ADULT	adult	4.81	4.67	32
3638	ASSEMBLE (GET TOGETHER)	assemble	6	5.29	120
3639	AVOID	avoid	4.07	4.24	147
3640	GOSSIP	gossip	3.4	6.29	1030
3651	MUSH (FOOD)	mush	3.4	4.53	1538
3659	POLISH (SOMETHING)	polish		5.24	1742
366	LIMP	limp	3.66	3.87	1361
3673	MOURNING	mourning	2.59	3.44	1529
3681	PARTRIDGE	partridge		4.05	1648
3689	BUBBLE	bubble	7	5.88	304
3695	MOVEMENT	movement	6.25	4.59	1530
3702	SLIPPERY	slippery	4.11	4.9	2150
3703	STICKY	sticky		4.43	2252
3726	BROCCOLI	broccoli	6.47	4.35	301
3729	LETTUCE	lettuce	5.46	4.3	1344
3746	VASE	vase	5.2	4.62	2529
3747	SHAPE	shape	5.93	4.12	2087
3758	WINDY	windy	4.73	4.59	2592
3761	EMOTIONAL	emotional	5.22	5.8	796
378	PINCH	pinch		5.12	1713
3780	PET	pet	6.24	6	1691
379	BLUNT	dull	3.27	3.33	767
38	SPREAD OUT	spread	4.99	4.75	2222
3808	JUNGLE	jungle	5.71		1284
3809	SCREAM (PRODUCE A CRY)	scream		6.36	2034
381	BLAME	blame	2.64	3.71	223
3849	TRIUMPH	triumph	6.48	4.97	2452
3854	SADNESS	sadness	2.11	2.99	1985
3858	CONFUSED	confused	3.67	4.39	508
3860	POSSESSIONS	belongings	5.96	4.55	202
3861	FAIL	fail		5.62	870
3866	ABORTION	abortion	3.43		6
3869	ANXIOUS	anxious	3	5.36	91
387	SLING	sling	4.42	4.47	2149
3872	BLOND	blond	5.86		231
3875	CRIMINAL	criminal	2.52	4.32	570
3876	DENTIST	dentist	3.81	4.48	649
3879	IMAGINE	imagine	7.14	6.58	1180
3882	ROSE	rose	7.15	6.15	1966
3885	IMPATIENT	impatient	3.27	5.88	1188
3888	SKUNK	skunk	2.85	4.24	2136
3895	DETECT	detect	4.94	4.67	662
3896	ROAR	roar	5.6	6.41	1955
392	MAGIC	magic	6.44	6.18	1407
3929	BRAZILIAN CEDAR	cedar		3.8	372
3948	SHOTGUN	shotgun	3.06	5.78	2104
395	PILL	pill	3.81	4.08	1710
3958	SOCIETY	society	5.08	4.46	2169
3963	SCENERY	scenery	7.67	3.82	2019
3966	CONCEPT	concept	5	4	494
3970	PROCESS	process	5.5	4.3	1794
3973	DEPRESSED	depressed	2.06	4.12	652
3976	EXPLODE	explode	5.19	5.31	849
3982	BREEZE	breeze	5.43		292
3994	PIANO (INSTRUMENT)	piano	6.51	5.2	1703
40	ENVY	envy	3.07	4.96	816
4005	SUITCASE	suitcase	5.73	5.16	2301
4010	TOASTER	toaster	6.19	4.28	2410
4016	MICROSCOPE	microscope	5.78	4.42	1486
4019	CIGAR	cigar	3.71		421
4021	DINOSAUR	dinosaur	5.81	5.41	687
4022	SUBMARINE	submarine	5.27	5.43	2288
41	IGNORE	ignore	3.19	4.21	1178
419	SEVERE	severe	3.17	4.26	2075
42	STINKING	stinky	2.69	4.31	2254
425	BE LATE	delayed	2.8	4.3	634
43	LEAD (GUIDE)	guide		4.38	1066
44	INJURE	harm		4.5	1088
471	UPPER LEG (THIGH)	thigh	5.06	4.56	2384
477	LATE	late	3.37	5.15	1318
479	GROW	grow	6.08	5.57	1059
48	BE SILENT	silent	6.14		2117
480	PLATE	plate	5.16	4.09	1724
481	DISH	dish	4.73	4.29	705
483	COMPOUND	compound	5.11	4.09	489
486	MINISTER	minister	4.63	4.13	1495
487	SHY	shy	6.57		2111
488	MANNER	manner		5.38	1425
49	REFUSE	refuse	2.8	5.76	1894
491	CENTER	center		5.05	375
501	LIFT	lift	5.97	4.44	1355
502	NAIL (TOOL)	nail	4.5	4	1547
507	MELON	melon	6.57		1467
508	PERIOD	period	3.92	4.63	1682
509	CERTAIN	sure	6.25	4.67	2318
51	SORE	sore	4.86		2182
518	SPARK	spark	6.38	5.87	2194
52	SHIVER	tremble	3.71		2444
522	WOLF	wolf	4.74	5.39	2603
523	BACK OF HEAD	rear	4.5	4.12	1871
526	HOWL	howl	4.69	4.92	1156
528	DREADFUL	dreadful	2.54	4	753
53	SPIRIT	spirit	6.2	5.06	2212
539	NEST	nest	5.23	4.32	1558
541	POETRY	poetry		4.2	1736
544	SPICY	spicy	6.59	6.16	2206
55	WHISPER	whisper	5.15	4.78	2586
557	OFFEND	offend	2.5	4.38	1595
56	BAD LUCK	misfortune	2.42	4.98	1501
568	RISE (MOVE UPWARDS)	rise	6	5.37	1950
569	SPOIL (BECOME SPOILED)	rot	2.9	3.78	1967
575	TREAD	tread	4.62	4.35	2442
580	FUR	fur	5.62	4.23	984
584	DIFFICULT	difficult	2.57	4.53	677
585	BOOT	boot	4.97	4.65	257
587	ANT	ant	4.92	4.42	87
588	BROKEN	broken	4.86		302
59	ELECTRICITY	electricity	5.38	4.78	792
590	NAKED	naked	5.11	6.02	1548
592	PISS	urinate	4.39	3.91	2517
593	POTATO	potato	6.41	4.52	1761
594	PIECE	piece		4.81	1707
595	GROUNDNUT (PEANUT)	peanut	6.29		1662
596	POSTAGE STAMP	stamp		4.41	2237
597	PHYSICIAN	doctor	5.93	4.74	727
600	STRANGE	strange	4.43	4.79	2264
604	GLASS	glass		4.81	1018
606	GRASS	grass	5.74	4.36	1042
611	HARVEST	crop		4.27	576
614	HILL	hill	5.81	4.58	1120
615	HORSE	horse	6.17	5.37	1146
619	ANIMAL	animal	7	5.71	79
621	IRON	iron	4.7	4.43	1261
624	LAKE	lake	7	3.35	1309
626	LAND	land	6.73	3.71	1312
629	LEATHER	leather		5.5	1331
630	LIGHT (RADIATION)	light	6.8	5.39	1356
631	LIVESTOCK	livestock	4.82	4.71	1371
632	LIZARD	lizard	4.13	4.82	1372
634	MEAT	meat	7		1456
638	MOTORCYCLE	motorcycle	6.27	6.24	1527
640	MUD	mud		4.5	1532
641	MUSHROOM	mushroom	5.56	4.89	1539
647	PAINT (PIGMENTS)	paint	5.75	4.81	1632
65	AMBUSH	ambush	3.47	5.38	70
66	KNEEL	kneel	4.56	4.44	1300
660	REEF	reef	4.85	4.87	1889
661	RELIGION	religion	5.3	4.77	1908
662	BATTERY	battery	4.69	3.77	182
665	BEE	bee	3.67	5.08	192
666	RIVER	river	6.15	3.91	1953
668	ROCK	rock		5.05	1960
671	SAND	sand	5.78	3.96	1997
673	SCHOOL	school	5.41	4.79	2023
678	BEARD	beard	4.81	4.69	188
68	TATTOO	tattoo		6.1	2351
680	BREAK (DESTROY OR GET DESTROYED)	break	6.14		288
681	DESTROY	destroy		5.33	659
683	PERSON	person	6	4.78	1685
685	DECIDE	decide	4.75	4.91	618
690	BOTTOM	bottom	3.88	4.12	267
691	SEASON	season	6.71		2043
692	BRING	bring	5.56	4.46	298
694	GET	get	5.83	4.79	1010
696	STIR	stir		5.11	2255
699	SAD	sad	1.89	3.85	1984
7	GATHER	gather	5.8	4.53	999
705	GO UP (ASCEND)	mount	5.08	4.97	1528
707	REMEMBER	remember	6.22	5.12	1913
710	WHEEL	wheel	4.73	4.59	2581
711	TALL	tall	6.22	5.3	2345
717	SWEET	sweetness	7.05	5.44	2334
72	CLAW	claw	3.52	5.04	440
722	ATTACK	attack	3.07	5.45	131
724	READ	read	6.29		1866
73	BEAK	beak	4.75	4.4	185
730	SNAKE	snake	3.88	5.67	2161
734	MAKE	make		5.29	1416
736	YARD	yard	5.6	3.47	2617
74	PUPPY	cub	5.85	4.58	584
740	SHIP	ship	6.8	5.04	2093
746	SHOP	shop	6.95	6.95	2100
754	HURRY	hurry	4.04	5.85	1164
763	SKIN	skin	5.98	5.37	2133
764	SUIT	suit	6.22	5.31	2299
768	LUNCH	lunch	7.29		1396
772	BELT	belt	4.62	4.57	204
777	FLUTE	flute		4.85	936
779	PART	part	5.3	4.06	1645
784	SNOW	snow		6.1	2165
79	WASTE	waste	2.68	3.77	2566
791	STRANGER	stranger	4.43		2265
795	TROUT	trout	4.96	4.25	2459
796	NIPPLE	nipple	5.26	5.5	1567
798	JAW	jaw	4.4	4.23	1271
804	WOMB	womb	4.82	4.61	2604
805	SPINE	spine	4.7	4.42	2211
808	DRIP (FALL IN GLOBULES)	drip	5.07	4.29	757
809	TROUSERS	trousers	5.19	4.04	2458
815	GOVERNMENT	government	4	4.06	1032
83	FORBID	forbid	3.08	5.08	944
831	BASE	base		4.27	174
832	BEAN	bean	5.6	4.24	186
833	ENDURE	endure	4.58	4.94	805
834	BUTTOCKS	butt	5.05	5.29	328
835	CHAPTER	chapter	5.05	4.47	388
837	BLUE	blue	5.92	4.38	236
842	LIQUOR	liquor	4.74	4.97	1365
843	SPIDER	spider	3.03	5.73	2207
846	TIGER	tiger	5.88	5.5	2405
847	THIRSTY	thirsty	3.7	5.16	2387
848	THIRST	thirst	3.81	4.62	2386
849	SPRING (OF WATER)	source	5.14		2185
851	STABLE	stall	4.86		2235
853	ALTAR	altar	5.77	5	63
855	SEIZE	seize	3.75	4.56	2053
858	STORM	storm	4.71		2261
860	CAUSE	lawsuit	3.27	4.59	1324
864	PUMPKIN	pumpkin		5.29	1822
867	GLOVE	gloves	4.83	4.45	1023
873	TAX	tax	2.62	4.23	2353
874	CANDY	candy	7.38	5.85	346
876	ARCH	arch	4.73	4.31	104
879	COUGH	cough	2.89	4.27	546
887	BITTER	bitter	4.29		219
889	FLAME	flame	5.29		918
897	SWALLOW	swallow	5.71		2329
9	ANNOUNCE	announce		4.86	81
90	INNOCENT	innocent	5.93	4.22	1218
905	BORING	boring	2.68	2.62	263
909	GARBAGE	garbage	2.68	3.68	996
911	TEMPLE	temple	5.93	3.94	2364
912	COYOTE	coyote	5	4.88	556
916	LINEN	linen	5.86		1362
92	SPOIL (SOMEBODY OR SOMETHING)	spoil	3.74	5.03	2215
920	GRAPE	grape	6	4.61	1039
923	LOVE	love		6.85	1392
924	VEGETABLES	vegetable	6.14		2530
933	WALL (OF HOUSE)	wall		4.48	2559
936	STALLION	stallion	5.1	5.74	2236
937	BIRD	bird		4.95	214
946	BLOOD	blood	3.62	5.77	233
947	STREAM	stream	5.29	4.66	2270
948	WATER	water		5	2567
951	WEAPONS	weapon	3.29	5.19	2570
955	GREASY	greasy	3.13	5	1046
957	WHALE	whale	6.25	4.98	2580
96	CRAWL	crawl	4.3	4.33	561
966	BRAKE	brake	4.29	4.89	282
969	CIGARETTE	cigarette	3	4.38	422
970	COCONUT	coconut		5.5	453
972	BE ABLE	able		5.35	5
974	TOBACCO	tobacco		4.45	2411
976	WEAR	wear	5.93	5.65	2571
978	WAVE	wave	6.5	5.18	2568
979	FARMER	peasant		4.63	1665
981	ELBOW	elbow	5.43		788
983	CONVICT	convict	3.1	4.27	534
984	WORK (LABOUR)	work	4.71		2606
986	TOMATO	tomato	6		2414
987	REMAIN	remain		4.48	1912
990	CREEK (TIDAL)	creek	4.96	4.13	566
991	FRY	fry	5.19	5.03	972
994	BOW	bow	5.14		272
996	DEAF	deaf	2.67	3.41	613
998	PUT	put	4.93	4.06	1832
