CONCEPTICON_ID	CONCEPTICON_GLOSS	ARABIC	ENGLISH	ARABIC_CONCRETENESS_MEAN	ARABIC_AOA_MEAN	ARABIC_FREQUENCY_PM	ARABIC_POS	LINE_IN_SOURCE
1002	STATUE	تمثال	Statue	5.94736842105263	4.21739130434783	19.95	noun	752
1010	BOUNDARY	طرف	Party	3.4	4	406.45142	noun	1468
1011	BRIDGE	جسر	Bridge	5.76190476190476	4	52.37	noun	852
1016	DRIZZLE	رذاذ	Spray	4.29411764705882	5.25925925925926	3.17072	noun	1158
1045	POET	شاعر	Poet	4.52941176470588	4.72413793103448	192.92697	noun	1329
1066	CRIME	جريمة	Crime	3.83333333333333	4.8695652173913	236.0772	noun	842
1068	COURT	محكمة	Court	4.46666666666667	4.95238095238095	289.44162	noun	1902
1070	BUS	حافلة	Bus	6.33333333333333	3.60869565217391	22.49	noun	897
1104	NURSE	ممرضة	Nurse	6.21052631578947	4.03448275862069	2.27	noun	2211
1122	WAGES	راتب	Stipend	4.68421052631579	5.04545454545455	86.46617	noun	1118
1136	RABBIT	أرنب	Rabbit	6.05263157894737	2.39285714285714	7.68108	noun	59
1153	CATTLE	بقرة	Cow	6.625	2.52173913043478	2.92	noun	519
1169	OX	ثور	Bull	6.53846153846154	3.31818181818182	13.51898	noun	806
1202	BIG	كبير	Big	3.76190476190476	2.7	1250.01	adjective	1782
1205	TONGUE	لسان	Tongue	5.47368421052632	2.66666666666667	100.62	noun	1831
1207	YOUNG	صغير	Small	4.77777777777778	2.48148148148148	335.29197	adjective	1429
1216	MOTHER	أم	Mother	5.78947368421053	1.66666666666667	645.17828	noun	113
1217	FATHER	أب	Father	5.33333333333333	1.5	267.55006	noun	8
1218	ROPE	حبل	Rope	6.26315789473684	3.3125	28.57	noun	906
1221	NOSE	أنف	Nose	5.94444444444444	2.36666666666667	27.9	noun	134
1223	HEART	قلب	Heart	5.52631578947368	3.03703703703704	465.99421	noun	1754
1224	LIVER	كبد	Liver	4.5625	4.31818181818182	29.5247	noun	1780
1226	YEAR	سنة	Year	2.81818181818182	3.39285714285714	1359.63	noun	1306
1229	OLD	قديم	Old	3.23529411764706	3.3448275862069	234.99505	adjective	1713
1230	DIRTY	قذر	Grubby	5.125	4.44827586206897	11.92868	adjective	1714
1231	NEW	جديد	New	3.46153846153846	3.15	1275.37	noun	828
1245	BUTTER	زبدة	Butter	6.47368421052632	3.55555555555556	3.3	noun	1201
1248	EYE	عين	Eye	6.53846153846154	2.04545454545455	509.49717	noun	1586
1262	BROTHER	أخ	Brother	5	2.03703703703704	447.61319	noun	31
1263	SISTER	أخت	Sister	5.17647058823529	2.2962962962963	184.24105	noun	33
1266	BRIDE	عروس	Bride	5.29411764705882	3.82758620689655	32.49205	noun	1534
1281	PRISON	سجن	Prison	6.14285714285714	4.26086956521739	204.85815	noun	1242
1285	IMPORTANT	مهم	Important	2.57894736842105	3.92857142857143	404.61047	adjective	2266
1287	COLD	بارد	Cold	5.07142857142857	2.34782608695652	47.11	adjective	465
1297	LEG	ساق	Leg	6.05263157894737	3.10344827586207	41.35	noun	1227
1298	NEWSPAPER	جريدة	Gazette	5.94117647058824	3.92	84.07809	noun	841
1301	FOOT	قدم	Present	6.66666666666667	3	922.11	verb	1712
1313	MOON	قمر	Moon	5.42105263157895	2.64	74.70515	noun	1761
1325	FRIEND	صديق	Friend	4.15789473684211	3.17391304347826	259.71751	noun	1417
1327	UNCLE	عم	Uncle	4.35294117647059	2.68	95.30487	noun	1574
1331	SHEEP	خروف	Sheep	6.61111111111111	2.59259259259259	7.09957	noun	1014
1335	WHITE	أبيض	White	5.375	2.8	192.68422	adjective	15
1338	PEACE	سلام	Peace	2.77777777777778	3.62068965517241	725.59555	noun	1282
1339	MORNING	صباح	Morning	4.875	2.40909090909091	244.28092	noun	1399
1346	THROAT	حلق	Shave	4.45454545454545	4.07142857142857	28.63	verb	978
1350	MONKEY	قرد	Monkey	6.41176470588235	2.96	13.22869	noun	1722
1356	NUMBER	رقم	Number	2.88235294117647	2.44	398.14009	noun	1186
1361	TOOL	أداة	Tool	5.93333333333333	4.04761904761905	143.57755	noun	42
1362	STREET	شارع	Street	4.77777777777778	2.53333333333333	236.61499	noun	1325
1365	KITCHEN	مطبخ	Kitchen	5.33333333333333	2.6	33.51	noun	2080
1368	BREAD	خبز	Bread	6.71428571428571	2.20689655172414	37.10265	noun	1003
1369	GOLD	ذهب	Leave	5.23076923076923	3.5	312.82535	verb	1101
1378	SPOON	ملعقة	Spoon	6.33333333333333	2.43478260869565	25.52	noun	2196
1379	TELEPHONE	هاتف	Telephone	6.625	2.95652173913043	165.26561	noun	2395
1380	TOOTH	سن	Tooth	5.16666666666667	3.08	195.14251	noun	1305
1386	LION	أسد	Lion	6	2.44827586206897	117.66	noun	67
1394	BONE	عظم	Bone	5.05882352941176	3.5	68.69603	noun	1554
1404	STRAIGHT	مستقيم	Straight	4.38461538461539	3.54166666666667	20.15	adjective	2013
1426	EXPENSIVE	غالي	Expensive	2.47368421052632	3.77777777777778	85.11	adjective	1594
1427	BEAUTIFUL	جميل	Beautiful	4.14285714285714	3.03448275862069	252.43973	adjective	870
1472	KEY	مفتاح	Key	6.33333333333333	2.73913043478261	51.77	noun	2139
1474	SEA	بحر	Sea	5.13333333333333	3	210.53549	noun	479
1480	BODY	جسم	Body	6.47619047619048	3.53333333333333	215.32233	noun	853
1481	HAMMER	مطرقة	Hammer	5.41666666666667	3.85	1.58	noun	2082
1482	SHOULDER	كتف	Shoulder	5.72727272727273	2.92592592592593	23.83366	noun	1786
1491	MOUSE	فأر	Mouse	4.75	2.72	28.77	noun	1607
1495	HAPPY	سعيد	Happy	3.14285714285714	2.79310344827586	227.24	adjective	1266
1508	KING	ملك	King	4.4375	3.33333333333333	578.68581	noun	2201
1514	HEN	دجاجة	Chicken	5.77777777777778	2.18518518518519	1.74	noun	1059
1518	STUPID	غبي	Stupid	2.81818181818182	3.03571428571429	14.06137	adjective	1596
1525	COAST	ساحل	Seaboard	5.47368421052632	4.51515151515152	75.63	noun	1221
1548	UGLY	قبيح	Ugly	3.68421052631579	4.03448275862069	11.61	adjective	1706
1554	MAN	رجل	Man	6.19047619047619	2.72413793103448	759.43239	noun	1146
156	RED	أحمر	Red	4.76470588235294	2.25925925925926	177.29703	adjective	28
1562	MIND	عقل	Mind	4	3.4	232.28533	noun	1562
1567	DOOR	باب	Door	4.125	2.08333333333333	339.73358	noun	461
1569	CHEESE	جبنة	Cheese	6.05263157894737	2.37931034482759	1.44	noun	821
1592	CHEST	صدر	Chest	5.54545454545455	3.6	221.44275	noun	1411
1595	SOUTH	جنوب	South	2.78947368421053	3.96	321.18963	noun	877
1596	LOCK	قفل	Lock	5.55555555555556	3.44444444444444	10.51	noun	1752
1597	AIRPLANE	طائرة	Plane	6.21052631578947	2.63333333333333	213.71109	noun	1446
1598	NORTH	شمال	North	4.15789473684211	3.85714285714286	248.52563	noun	1381
1599	WORD	كلمة	Word	3.26666666666667	2.72	492.62307	noun	1809
161	MISS (A TARGET)	أخطأ	Make Mistakes	2.47058823529412	3.23076923076923	34.38437	verb	37
1612	LETTER	رسالة	Letter	5.5	3.33333333333333	346.48306	noun	1163
1622	SHIRT	قميص	Shirt	7	2.96153846153846	21.81306	noun	1763
1629	EVENING	مساء	Evening	4.92307692307692	3.82608695652174	214.56195	noun	1990
1631	FAST	سريع	Fast	4.25	2.93103448275862	157.85203	adjective	1260
1645	SHORT	قصير	Short	5.22222222222222	3.35714285714286	112.88	adjective	1740
1646	GIRL	فتاة	Young Lady	5.2	2.63333333333333	143.57596	noun	1622
1657	TRUE	حقيقي	Real	1.94444444444444	3.47826086956522	235.03786	adjective	969
1663	BED	سرير	Bed	5.5625	2.89655172413793	29.4869	noun	1259
1671	TOWER	برج	Tower	6.14285714285714	3.82758620689655	74.48335	noun	494
1682	GUILTY	مذنب	Guilty	2.78947368421053	5.03703703703704	8.71674	noun	1946
1690	FENCE	سور	Fence	5.375	3.96	46.92	noun	1312
1720	SIGN	علامة	Sign	4.375	4	154.13247	noun	1569
1726	WET	رطب	Moist	5.72727272727273	4.28571428571429	13.64332	adjective	1176
1757	TIRED	تعب	Get Tired	5	3.32258064516129	54.49925	verb	689
1763	CLUB	نادي	Club	5.26315789473684	4.18181818181818	534.25611	noun	2300
1773	GRAVE	قبر	Tomb	6.51851851851852	4.125	61.50307	noun	1702
1789	AGE	عمر	Age	2.26315789473684	3.46428571428571	542.75829	noun	1577
1791	BUTTERFLY	فراشة	Butterfly	6.15789473684211	2.65217391304348	7.07784	noun	1637
1793	BAT	خفاش	Bat	5.15789473684211	3.55555555555556	3.71127	noun	1040
1810	DANGER	خطر	Risk	3.47058823529412	3.16	209.28343	noun	1036
1817	WEST	غرب	West	2.78947368421053	4.36	185.03909	noun	1600
1826	ANGRY	غاضب	Angry	3.66666666666667	3.31034482758621	17.96652	noun	1593
1845	BALL	كرة	Ball	6.27777777777778	2.76	390.96807	noun	1793
1846	RULE	قاعدة	Base	4.52631578947368	5	312.90701	noun	1692
1850	COTTON	قطن	Cotton	5.55555555555556	4.04	29.34675	noun	1748
1857	CROCODILE	تمساح	Alligator	6.76190476190476	3.13793103448276	5.46436	noun	756
1882	BEFORE	قبل	Kiss	1.81481481481481	2.875	1590.14	verb	1704
1894	ASHAMED	خجول	Shy	2.75	4.05	5.44223	adjective	1007
1899	MAD	مجنون	Crazed	3.35294117647059	3.80769230769231	22.82	noun	1880
1905	EAGLE	نسر	Vulture	6	3.68965517241379	9.3238	noun	2346
192	CORNER	زاوية	Corner	5.19047619047619	4.3448275862069	57.53444	noun	1199
1923	ROUGH	شديد	Severe	3.5625	4.31818181818182	185.17173	adjective	1347
1924	VEIN	وريد	Vein	6.19047619047619	5.52	8.25772	noun	2439
1941	SOLDIER	جندي	Soldier	5.21052631578947	3.92592592592593	138.20815	noun	876
1943	CROWN (OF HEAD)	تاج	Crown	5.47058823529412	3.96296296296296	19.44276	noun	549
197	OTHER	آخر	Another	2.83333333333333	3.63636363636364	1188.78	noun	1
1973	DEMON	شيطان	Devil	1.85714285714286	3.2258064516129	80.91185	noun	1385
1986	DISEASE	مرض	Disease	5.2	3.56666666666667	379.02385	noun	1965
2060	STORY	قصة	Story	4.16666666666667	2.96428571428571	260.71247	noun	1737
2239	DENSE	كثيف	Dense	4.29411764705882	4.7037037037037	21.83716	adjective	1790
2244	METAL	معدن	Mineral	5.72727272727273	4.19047619047619	14.76538	noun	2103
2246	BELL	جرس	Bell	5.73333333333333	3.24137931034483	9.05853	noun	838
2252	PATH	مسار	Trajectory	4.07142857142857	5.125	129.67	noun	1994
2316	FREE	حر	Free	3.4375	3.77272727272727	200.30722	adjective	920
2374	DREAM	حلم	Dream	3.45454545454545	3.78571428571429	189.73662	noun	979
2393	JOURNEY	رحلة	Flight	4.35294117647059	3.44	195.68924	noun	1150
240	ELECTION	انتخاب	Election	3	5.8	336.66059	noun	432
2429	LOGIC	منطق	Logic	3.26666666666667	5.57692307692308	50.95368	noun	2247
2430	OFFICE	مكتب	Desk	6.1875	3.42857142857143	322.88121	noun	2173
2435	UNIVERSITY	جامعة	University	4.9375	4.54545454545455	629.58996	adjective	812
2440	PINEAPPLE	أناناس	Pineapple	6.3	3.43333333333333	1.82751	noun	130
245	BROOM	مكنسة	Broom	6.07142857142857	3.07142857142857	2.41811	noun	2181
2467	GAME	لعبة	Game	5.33333333333333	2.35714285714286	132.41569	noun	1836
25	DIRT	تراب	Soil	7	2.56521739130435	51.15283	noun	613
2504	DIFFERENT	مختلف	Different	3.36842105263158	3.96428571428571	644.03818	noun	1914
2506	LOOSE	رخو	Loose	4.11111111111111	5.39130434782609	2.33171	noun	1153
2527	ABILITY	قدرة	Capacity	2.91666666666667	4.75	357.08816	noun	1711
2531	BROAD	واسع	Broad	4.9375	3.76923076923077	174.14883	adjective	2414
2546	BORDER	حد	Limit	4.5	4.64	657.76	noun	912
2547	CITY	مدينة	City	4.07142857142857	3.11538461538462	1079.19	noun	1943
2554	PRINCE (RULER)	أمير	Prince	3.9	4.06666666666667	324.24734	noun	127
2584	BENCH	مقعد	Bench	5	3.33333333333333	77.06189	noun	2166
2617	BULB	مصباح	Light Bulb	5.4	3.23809523809524	19.22108	noun	2063
2620	CARRIAGE	عربة	Wagon	5.46666666666667	4.16666666666667	19.54892	noun	1528
2621	CURTAIN	ستارة	Curtain	5.52631578947368	3.81818181818182	8.39	noun	1237
2623	FLAG	علم	Flag	3.0952380952381	3.55172413793103	1191.32	noun	1571
2625	MAP	خريطة	Map	4.66666666666667	4.3	46.4	noun	1015
2765	CHERRY	كرز	Cherry	6.22222222222222	3.39130434782609	6.71	noun	1794
2845	SIZE (OF OBJECT)	حجم	Size	3.9375	3.72	222.47116	noun	911
2931	BUSINESS	عمل	Work	3.57894736842105	4.11111111111111	2727.58	noun	1578
2933	CONVERSATION	محادثة	Conversation	3.52941176470588	4.23076923076923	53.12483	noun	1882
2948	GAP (DISTANCE)	فارق	Difference	2.63157894736842	5.04545454545455	83.95335	noun	1615
2977	WORKER	عامل	Worker	4.5625	3.93333333333333	546.58626	noun	1495
2980	AREA	منطقة	Zone	4.95238095238095	4.44827586206897	1347.1	noun	2248
2992	TIP (OF OBJECT)	رأس	Head	6.57894736842105	2.27586206896552	390.86231	noun	1104
3033	SCARED	خائف	Afraid	3.94736842105263	2.82758620689655	12.99	adjective	989
3086	COMPUTER	حاسوب	Computer	6.22222222222222	4.34782608695652	29.27444	noun	895
3091	LEMON	ليمون	Lemon	5.72727272727273	2.44827586206897	15.71318	noun	1837
3099	SOFA	أريكة	Couch	5.95	4.14285714285714	4.78907	noun	60
3202	CANNON	مدفع	Cannon	4.57142857142857	4.57692307692308	9.95853	noun	1935
3258	FALCON	صقر	Falcon	6.73333333333333	3.15384615384615	28.66	noun	1434
3283	CAGE	قفص	Bird Cage	6.9375	3.52173913043478	15.19792	noun	1751
3328	ORANGE (COLOR)	برتقالي	Orange	4.54545454545455	2.82758620689655	5.2307	adjective	493
3349	WRISTWATCH	ساعة	Hour	5.8	2.93103448275862	535.47222	verb	1225
3375	PATIENT (SICK PERSON)	مريض	Sick	5.27777777777778	2.96666666666667	209.57044	noun	1979
3380	HUNTING DOG	كلب	Dog	6.68421052631579	2.36	50.60175	noun	1808
3396	BUILDING	بناء	Building	4.78947368421053	3.72	480.10089	noun	532
3405	RULER	حاكم	Governor	4.66666666666667	4.26666666666667	189.26825	noun	899
3460	BEACH	شاطئ	Beach	6.58333333333333	3.25	49.41	noun	1328
3469	LEVEL	مستوى	Level	2.15384615384615	4.45833333333333	691.3911	noun	2019
3472	DANCE (MOVEMENT)	رقص	Dance	4.84210526315789	3.03703703703704	25.14	verb	1185
3635	ADULT	بالغ	Adult	4.26666666666667	4.96875	133.15025	adjective	473
364	SMEAR	نشر	Publish	3.75	4.35	496.60224	verb	2351
3657	GRANARY	إسطبل	Barn	5.31818181818182	4.08	2.75503	noun	180
3695	MOVEMENT	حركة	Movement	5.78947368421053	3.20689655172414	483.20035	noun	929
3703	STICKY	لزج	Gooey	4.73684210526316	4.25925925925926	1.2	adjective	1830
374	ONE TIME	مرة	Once	2.84210526315789	3.66666666666667	638.49018	noun	1956
377	LOUD	صاخب	Rowdy	4.26666666666667	4.72413793103448	5.49637	adjective	1387
3957	SYSTEM	نظام	System	2.0952380952381	4.84	844.64188	noun	2367
3958	SOCIETY	مجتمع	Society	4.23529411764706	4.84	622.71206	noun	1870
3966	CONCEPT	مفهوم	Concept	2.92857142857143	3.43478260869565	166.485	noun	2145
3972	EXCITED	منفعل	Worked Up	3.75	5.2	1.50034	adjective	2255
4008	SANDWICH	شطيرة	Sandwich	6.25	3.78260869565217	0.81	noun	1365
4016	MICROSCOPE	مجهر	Microscope	5.35294117647059	4.77777777777778	5.85752	noun	1881
4021	DINOSAUR	ديناصور	Dinosaur	5.76923076923077	3.5	0.47	noun	1098
4035	SWEATER	سترة	Jacket	5.8125	4.54545454545455	4.58189	noun	1239
480	PLATE	صحن	Plate	6.66666666666667	2.96	10.33	noun	1406
488	MANNER	أسلوب	Style	2.38888888888889	4.26086956521739	197.12254	noun	73
489	KIDNEY	كلية	Kidney	6	4.76923076923077	282.78526	noun	1810
544	SPICY	حار	Hot	6.2	2.64285714285714	14.94148	adjective	888
579	BATTLE	معركة	Battle	6	4	157.56661	noun	2107
580	FUR	فرو	Fur	6.04761904761905	4.13333333333333	1.52892	noun	1653
584	DIFFICULT	صعب	Difficult	3.09090909090909	3.64285714285714	205.24012	adjective	1427
586	GARDEN	حديقة	Garden	5.57894736842105	2.90909090909091	71.01114	noun	918
593	POTATO	بطاطس	Potato	6.61904761904762	2.6	6.99381	noun	507
597	PHYSICIAN	طبيب	Doctor	4.72727272727273	2.96296296296296	225.27532	noun	1462
60	OAT	شوفان	Oats	5.27272727272727	4.82758620689655	0.21	noun	1383
604	GLASS	زجاج	Glass	5.27272727272727	3.17857142857143	19.29168	noun	1203
606	GRASS	عشب	Grass	6.13333333333333	3.27586206896552	26.68445	noun	1543
615	HORSE	حصان	Horse	6.41176470588235	2.88	28.51	noun	946
616	HOSPITAL	مستشفى	Hospital	5.53846153846154	3.41666666666667	264.8597	noun	2007
619	ANIMAL	حيوان	Fauna	6.07692307692308	2.68181818181818	91.66	noun	988
622	ISLAND	جزيرة	Island	4.47058823529412	4.59090909090909	156.70429	noun	850
630	LIGHT (RADIATION)	ضوء	Light	4.61538461538461	2.86363636363636	158.58765	noun	1442
636	MILL	طاحونة	Windmill	5.81818181818182	4.7	2.7931	noun	1449
639	MOUNTAIN	جبل	Mountain	5.63157894736842	2.6551724137931	149.31837	noun	820
640	MUD	طين	Mud	5.80952380952381	3.03125	18.15197	noun	1471
645	OCEAN	محيط	Ocean	4.2	4.17857142857143	134.58697	noun	1908
648	PAPER	ورقة	Leaf	6.52380952380952	3.12	36.73	noun	2437
658	RAIN (PRECIPITATION)	مطر	Rain	5.66666666666667	2.7	93.02743	noun	2081
660	REEF	شعب	Nation	3.80952380952381	4.58620689655172	724.39789	noun	1368
665	BEE	نحلة	Bee	5.53333333333333	2.79166666666667	0.97	noun	2330
673	SCHOOL	مدرسة	School	5.28571428571429	2.61538461538462	442.39421	noun	1933
682	SIDE	جانب	Side	4	4.43478260869565	649.92059	noun	815
683	PERSON	شخص	Person	4.66666666666667	3.17857142857143	737.82282	noun	1343
688	LUNG	رئة	Lungs	5.19047619047619	4.45161290322581	19.89	noun	1111
691	SEASON	فصل	Dismissal	3.42105263157895	3.93333333333333	276.84305	noun	1659
699	SAD	حزين	Sad	3.15384615384615	3.15	20.24	adjective	936
717	SWEET	حلو	Sweet	5.22222222222222	2.93103448275862	85.02	noun	980
720	GOOD LUCK	حظ	Luck	2.28571428571429	4.13333333333333	56.97993	noun	957
722	ATTACK	هجوم	Attack	2.42105263157895	4	160.06994	noun	2406
729	DAWN	فجر	Blowup	3.06666666666667	3.45833333333333	84.66	verb	1628
753	PUPIL (STUDENT)	طالب	Student	4.61111111111111	3.2962962962963	851.49291	noun	1455
757	BUTTON	زر	Button	5.43478260869565	3.1	27.69	noun	1206
763	SKIN	جلد	Fortitude	6.04545454545455	3.44444444444444	73.10432	adjective	858
772	BELT	حزام	Belt	5.23529411764706	3.6	26.02	noun	933
794	PEN	قلم	Pencil	6.61111111111111	2.77777777777778	86.69245	noun	1757
812	SLAVE	عبد	Worship	3.31578947368421	3.9375	920.88	verb	1502
815	GOVERNMENT	حكومة	Government	3.72222222222222	5.07407407407407	818.31596	noun	972
837	BLUE	أزرق	Blue	4.63157894736842	2.51724137931034	54.69406	adjective	61
849	SPRING (OF WATER)	مصدر	Source	2.53333333333333	4.71428571428571	594.54176	noun	2066
852	PRIEST	كاهن	Priest	4.05882352941176	5.62962962962963	22.55	noun	1778
857	STONE	حجر	Stone	6.63157894736842	2.68965517241379	106.81	noun	909
861	JUDGE	قاضي	Judge	4.78571428571429	4.82608695652174	148.90163	noun	1690
867	GLOVE	قفاز	Glove	6.44444444444444	3.82608695652174	5.16537	noun	1749
899	PRESIDENT	رئيس	President	4.91666666666667	3.9	1767.63	noun	1112
90	INNOCENT	بريء	Innocent	2	4.57142857142857	25.52	adjective	500
900	TRAIN	قطار	Train	5.64705882352941	2.48148148148148	53.21835	noun	1744
906	TREE	شجرة	Tree	5.55555555555556	3	91.86	noun	1340
908	DRUM	طبل	Drum	5.22222222222222	3.92	7.63854	noun	1460
910	DEATH	موت	Death	3.61904761904762	3.89655172413793	168.42144	noun	2278
926	RICE	أرز	Rice	6.6	2.63636363636364	2.36464	noun	54
937	BIRD	طائر	Bird	5.94736842105263	2.76666666666667	16.81206	noun	1445
938	MARE	فرس	Mare	4.83333333333333	3.8695652173913	23.77255	noun	1644
946	BLOOD	دم	Blood	6.33333333333333	3.14285714285714	269.29183	noun	1086
951	WEAPONS	سلاح	Weapon	6.28571428571429	4.43333333333333	259.6996	noun	1281
963	BOOK	كتاب	Book	5.94736842105263	3	746.1169	noun	1783
965	WORLD	عالم	World	5.22222222222222	3.82608695652174	778.55	noun	1491
977	ARROW	سهم	Arrow	5.65217391304348	4.4	178.177	noun	1309
985	VINEGAR	خل	Vinegar	6.10526315789474	3.92	16.66099	noun	1042
