CONCEPTICON_ID	CONCEPTICON_GLOSS	SPANISH	SPANISH_FREQUENCY	SPANISH_FREQUENCY_PM	SPANISH_FREQUENCY_LOG
10	FIREWOOD	leña	29.0	9.13673597983617	1.477121254719662
100	FAITHFUL	fiel	45.0	14.17769376181474	1.662757831681574
1001	BLACKSMITH	herrero	55.0	17.32829237555136	1.7481880270062
1002	STATUE	estatua	10.0	3.15059861373661	1.041392685158225
1005	TWINS	gemelos	24.0	7.561436672967864	1.397940008672037
1006	BRICK	ladrillo	13.0	4.095778197857593	1.146128035678238
1007	COW	vaca	93.0	29.30056710775047	1.973127853599699
1008	BULL	toro	112.0	35.28670447385003	2.05307844348342
1011	BRIDGE	puente	257.0	80.97038437303088	2.41161970596323
1012	LATCH	cerrojo	1.0	0.315059861373661	0.3010299956639812
1014	OR	o	18686.0	5887.208569628229	4.271539585593803
1019	RIGHT	derecha	363.0	114.3667296786389	2.561101383649056
102	COMMON COLD (DISEASE)	catarro	7.0	2.205419029615627	0.9030899869919436
1021	TOWEL	toalla	29.0	9.13673597983617	1.477121254719662
1022	BOOTY	botín	12.0	3.780718336483932	1.113943352306837
1025	WHISTLE	silbar	7.0	2.205419029615627	0.9030899869919436
1029	JEWEL	joya	21.0	6.616257088846881	1.342422680822206
1034	DEFENDANT	acusado	56.0	17.64335223692501	1.755874855672491
1035	GOOD	bueno	13673.0	4307.813484562067	4.135895575564019
1039	SHOW	mostrar	45.0	14.17769376181474	1.662757831681574
1042	CARPENTER	carpintero	10.0	3.15059861373661	1.041392685158225
1044	PILLOW	almohada	16.0	5.040957781978576	1.230448921378274
1045	POET	poeta	59.0	18.588531821046	1.778151250383644
1046	SHUT	cerrar	100.0	31.5059861373661	2.004321373782643
1047	PURSUE	perseguir	13.0	4.095778197857593	1.146128035678238
1048	LINE	línea	468.0	147.4480151228734	2.671172842715083
1051	CAN	lata	55.0	17.32829237555136	1.7481880270062
1061	ARMOUR	armadura	3.0	0.945179584120983	0.6020599913279624
1062	LAW	ley	829.0	261.184625078765	2.919078092376074
1063	NEPHEW	sobrino	50.0	15.75299306868305	1.707570176097936
1064	SHIELD	escudo	18.0	5.671077504725898	1.278753600952829
1067	JUDGMENT	juicio	273.0	86.01134215500946	2.437750562820388
1068	COURT	tribunal	208.0	65.53245116572148	2.320146286111054
1069	GLUE	pegar	52.0	16.38311279143037	1.724275869600789
1071	HOOK	gancho	15.0	4.725897920604915	1.204119982655925
1074	FISHHOOK	anzuelo	1.0	0.315059861373661	0.3010299956639812
1075	TRAP (PITFALL)	trampa	28.0	8.821676118462507	1.462397997898956
1077	WHEAT	trigo	17.0	5.356017643352237	1.255272505103306
1079	FEEL	sentir	86.0	27.09514807813484	1.939519252618618
108	RUDDER	timón	3.0	0.945179584120983	0.6020599913279624
1082	MERCHANT	comerciante	9.0	2.835538752362949	1.0
1084	CALL	llamar	325.0	102.3944549464398	2.513217600067939
1085	FOLLOW	seguir	581.0	183.049779458097	2.764922984649889
1087	CONCEIVE	concebir	11.0	3.465658475110271	1.079181246047625
1088	SINK (DESCEND)	hundir	13.0	4.095778197857593	1.146128035678238
1090	BE BORN	nacer	55.0	17.32829237555136	1.7481880270062
1091	SALTY	salado	13.0	4.095778197857593	1.146128035678238
1092	HOPE	esperanza	161.0	50.72463768115942	2.209515014542631
1095	LET GO OR SET FREE	soltar	12.0	3.780718336483932	1.113943352306837
1098	WEIGH	pesar	404.0	127.284183994959	2.607455023214669
1100	COOK (SOMETHING)	cocinar	28.0	8.821676118462507	1.462397997898956
1102	CLIMB	subir	122.0	38.43730308758664	2.089905111439398
1103	SACRIFICE	ofrenda	5.0	1.575299306868305	0.7781512503836436
1107	GO OUT	salir	769.0	242.2810333963453	2.886490725172482
1110	SHARK	tiburón	24.0	7.561436672967864	1.397940008672037
1111	CAR	coche	599.0	188.7208569628229	2.778151250383644
1119	DIVIDE	dividir	18.0	5.671077504725898	1.278753600952829
112	TURTLE	tortuga	14.0	4.410838059231254	1.176091259055681
1121	SECRET	secreto	148.0	46.62885948330182	2.173186268412274
1124	PIPE	pipa	21.0	6.616257088846881	1.342422680822206
1125	BALD	calvo	33.0	10.39697542533081	1.531478917042255
1126	CITRUS FRUIT	cítrico	2.0	0.630119722747322	0.4771212547196624
1133	MATCH	cerilla	1.0	0.315059861373661	0.3010299956639812
1134	DIVORCE	divorcio	62.0	19.53371140516698	1.799340549453582
1135	KICK	patear	1.0	0.315059861373661	0.3010299956639812
1136	RABBIT	conejo	26.0	8.191556395715185	1.431363764158987
1143	OVEN	horno	15.0	4.725897920604915	1.204119982655925
1144	WITNESS	testigo	76.0	23.94454946439824	1.886490725172482
1145	SWAMP	pantano	12.0	3.780718336483932	1.113943352306837
1150	THUNDER	trueno	1.0	0.315059861373661	0.3010299956639812
1151	VEIL	velo	6.0	1.890359168241966	0.8450980400142568
1152	BEGET	engendrar	2.0	0.630119722747322	0.4771212547196624
1155	CAVE	cueva	14.0	4.410838059231254	1.176091259055681
1156	OPEN	abrir	148.0	46.62885948330182	2.173186268412274
1157	BECAUSE	porque	16474.0	5190.296156269691	4.216825423266047
1158	STEP	paso	587.0	184.940138626339	2.769377326076139
1160	THIEF	ladrón	12.0	3.780718336483932	1.113943352306837
1161	THREAD	hilo	51.0	16.06805293005671	1.716003343634799
1162	INTENTION	propósito	93.0	29.30056710775047	1.973127853599699
1169	OX	buey	11.0	3.465658475110271	1.079181246047625
117	IMITATE	imitar	8.0	2.520478890989288	0.9542425094393249
1171	MIRROR	espejo	63.0	19.84877126654064	1.806179973983887
1173	EYEBROW	ceja	5.0	1.575299306868305	0.7781512503836436
1174	YESTERDAY	ayer	813.0	256.1436672967864	2.910624404889201
1175	GHOST	fantasma	30.0	9.45179584120983	1.491361693834273
1176	SPADE	laya	3.0	0.945179584120983	0.6020599913279624
1180	DAY BEFORE YESTERDAY	anteayer	7.0	2.205419029615627	0.9030899869919436
1181	PALM TREE	palmera	12.0	3.780718336483932	1.113943352306837
1185	VULTURE	buitre	10.0	3.15059861373661	1.041392685158225
1186	LAST (ENDURE)	durar	30.0	9.45179584120983	1.491361693834273
1187	GOOSE	ganso	3.0	0.945179584120983	0.6020599913279624
1188	CHARCOAL	carbón	29.0	9.13673597983617	1.477121254719662
1192	THREATEN	amenazar	12.0	3.780718336483932	1.113943352306837
1198	MANY	mucho	4910.0	1546.943919344676	3.691169934131604
1199	WIFE	esposa	96.0	30.24574669187146	1.986771734266245
12	MIDDAY	mediodía	84.0	26.46502835538752	1.929418925714293
1200	HUSBAND	marido	630.0	198.4877126654064	2.800029359244134
1201	FEATHER	pluma	29.0	9.13673597983617	1.477121254719662
1202	BIG	grande	602.0	189.6660365469439	2.780317312140151
1203	LONG	largo	536.0	168.8720856962823	2.729974285699555
1204	BARK	corteza	6.0	1.890359168241966	0.8450980400142568
1205	TONGUE	lengua	361.0	113.7366099558916	2.558708570533166
1206	BARKING	ladrar	4.0	1.260239445494644	0.6989700043360187
1208	CAT	cat	1.0	0.315059861373661	0.3010299956639812
1209	I	i	200.0	63.0119722747322	2.303196057420489
121	SPIN	hilar	2.0	0.630119722747322	0.4771212547196624
1210	HEAVY	pesado	59.0	18.588531821046	1.778151250383644
1211	HE	él	3434.0	1081.915563957152	3.535926741395569
1212	WE	nosotros	3002.0	945.8097038437303	3.477555332198981
1213	YOU	vosotros	404.0	127.284183994959	2.607455023214669
1214	THIS	este	7490.0	2359.798361688721	3.87453979707101
1215	THOU	usted	5941.0	1871.77063642092	3.773932647467645
1216	MOTHER	mamá	237.0	74.66918714555766	2.376576957056512
1217	FATHER	papá	123.0	38.7523629489603	2.093421685162235
1218	ROPE	cuerda	52.0	16.38311279143037	1.724275869600789
1219	WORM	gusano	3.0	0.945179584120983	0.6020599913279624
1220	TAIL	cola	144.0	45.36862003780718	2.161368002234975
1221	NOSE	nose	2.0	0.630119722747322	0.4771212547196624
1222	PENIS	pene	8.0	2.520478890989288	0.9542425094393249
1223	HEART	corazón	307.0	96.72337744171392	2.488550716500444
1224	LIVER	hígado	16.0	5.040957781978576	1.230448921378274
1225	DAY (NOT NIGHT)	día	3854.0	1214.240705734089	3.586024382386976
1226	YEAR	año	2411.0	759.6093257718967	3.382377303468114
1227	BOARD	tabla	30.0	9.45179584120983	1.491361693834273
1228	EARTH (SOIL)	suelo	268.0	84.43604284814114	2.429752280002408
1229	OLD	viejo	140.0	44.10838059231254	2.14921911265538
123	FOREHEAD	frente	478.0	150.59861373661	2.680335513414563
1230	DIRTY	sucio	26.0	8.191556395715185	1.431363764158987
1231	NEW	new	38.0	11.97227473219912	1.591064607026499
1233	NIGHT	night	9.0	2.835538752362949	1.0
1234	SMOOTH	liso	7.0	2.205419029615627	0.9030899869919436
1235	WHO	quien	815.0	256.7737870195337	2.911690158753861
1236	WHAT	que	149996.0	47257.71896660366	5.176082573079183
1237	WHERE	donde	2784.0	877.1266540642722	3.444825199509748
1238	WHEN	cuando	7253.0	2285.129174543163	3.860577551244416
1239	HOW	como	14703.0	4632.325141776938	4.167435494042036
1240	NOT	no	72028.0	22693.13169502205	4.857507385379264
1242	FEW	poco	4279.0	1348.141146817895	3.631443769013172
1243	WIDE	ancho	25.0	7.876496534341525	1.414973347970818
1244	THICK	grueso	13.0	4.095778197857593	1.146128035678238
1246	SMALL	chico	369.0	116.2570888468809	2.568201724066995
1247	EAR	oreja	93.0	29.30056710775047	1.973127853599699
1248	EYE	eye	1.0	0.315059861373661	0.3010299956639812
1250	JAGUAR	jaguar	1.0	0.315059861373661	0.3010299956639812
1251	BELLY	barriga	21.0	6.616257088846881	1.342422680822206
1252	HOUSE	house	3.0	0.945179584120983	0.6020599913279624
1255	SNOWING	nevar	4.0	1.260239445494644	0.6989700043360187
1256	HEAD	cabeza	532.0	167.6118462507876	2.726727209026572
1257	WING	ala	35.0	11.02709514807814	1.556302500767287
1258	FINGERNAIL	uña	5.0	1.575299306868305	0.7781512503836436
1261	SING	cantar	204.0	64.27221172022685	2.311753861055754
1262	BROTHER	hermano	392.0	123.5034656584751	2.594392550375427
1263	SISTER	hermana	352.0	110.9010712035287	2.547774705387822
1264	CHANGE	cambiar	363.0	114.3667296786389	2.561101383649056
1267	NARROW	estrecho	42.0	13.23251417769376	1.633468455579587
127	EXTINGUISH	apagar	16.0	5.040957781978576	1.230448921378274
1272	AUNT	tía	209.0	65.84751102709515	2.32221929473392
1273	CANDLE	vela	29.0	9.13673597983617	1.477121254719662
1274	SALT	salt	1.0	0.315059861373661	0.3010299956639812
1275	ANSWER	contestar	92.0	28.98550724637681	1.968482948553935
1276	AUTUMN	otoño	50.0	15.75299306868305	1.707570176097936
1277	HAND	mano	582.0	183.3648393194707	2.765668554759014
1278	VOMIT	vomitar	4.0	1.260239445494644	0.6989700043360187
1280	FALL	caer	118.0	37.17706364209199	2.075546961392531
1281	PRISON	cárcel	215.0	67.73787019533711	2.334453751150931
1283	TODAY	hoy	3432.0	1081.285444234405	3.53567380342575
1286	HOT	caliente	113.0	35.60176433522369	2.056904851336473
1287	COLD	fría	65.0	20.47889098928797	1.819543935541869
1288	CAP	gorro	16.0	5.040957781978576	1.230448921378274
1289	BABY	criatura	29.0	9.13673597983617	1.477121254719662
129	CHOKE	sofocar	1.0	0.315059861373661	0.3010299956639812
1290	ELEPHANT	elefante	13.0	4.095778197857593	1.146128035678238
1291	BACK	espalda	53.0	16.69817265280403	1.732393759822969
1292	BAD	malo	349.0	109.9558916194077	2.544068044350276
1295	STICK	palo	71.0	22.36925015752993	1.857332496431269
1297	LEG	pierna	100.0	31.5059861373661	2.004321373782643
1298	NEWSPAPER	periódico	216.0	68.05293005671078	2.33645973384853
13	DECEIT	engaño	10.0	3.15059861373661	1.041392685158225
1300	COUNTRY	país	1923.0	605.8601134215501	3.284205067701794
1301	FOOT	pie	208.0	65.53245116572148	2.320146286111054
1302	FORK	tenedor	5.0	1.575299306868305	0.7781512503836436
1303	FINGER	dedo	60.0	18.90359168241966	1.785329835010767
1304	CHILD (YOUNG HUMAN)	niño	702.0	221.17202268431	2.846955325019824
1305	CHIMNEY	chimenea	30.0	9.45179584120983	1.491361693834273
1306	QUEEN	reina	129.0	40.64272211720227	2.113943352306837
1308	DOUBT	dudar	13.0	4.095778197857593	1.146128035678238
1309	ASK (INQUIRE)	preguntar	248.0	78.13484562066793	2.396199347095736
1312	FOX	zorro	20.0	6.30119722747322	1.322219294733919
1313	MOON	luna	182.0	57.3408947700063	2.26245108973043
1318	CHICKEN	pollo	47.0	14.80781348456207	1.681241237375587
1320	APPLE	manzana	17.0	5.356017643352237	1.255272505103306
1321	BOTTLE	botella	98.0	30.87586641461878	1.99563519459755
1322	BREAKFAST	desayuno	47.0	14.80781348456207	1.681241237375587
1323	CLOCK	reloj	99.0	31.19092627599244	2.0
1324	SLIP	deslizar	5.0	1.575299306868305	0.7781512503836436
1326	DOWN	abajo	412.0	129.8046628859483	2.615950051656401
1327	UNCLE	tío	667.0	210.1449275362319	2.824776462475546
1329	TOMORROW	mañana	1802.0	567.7378701953371	3.255995726722402
1330	DEFEND	defender	122.0	38.43730308758664	2.089905111439398
1331	SHEEP	oveja	13.0	4.095778197857593	1.146128035678238
1332	NEIGHBOUR	vecino	56.0	17.64335223692501	1.755874855672491
1333	NECK	cuello	71.0	22.36925015752993	1.857332496431269
1335	WHITE	blanco	286.0	90.10712035286704	2.457881896733992
1336	EAT	comer	405.0	127.5992438563327	2.608526033577194
1338	PEACE	paz	383.0	120.6679269061122	2.584331224367531
134	FAULT	culpa	213.0	67.10775047258979	2.330413773349191
1340	WITH	con	25252.0	7955.891619407687	4.402312978734
1341	HEAT UP	calentar	6.0	1.890359168241966	0.8450980400142568
1342	SUMMER	verano	403.0	126.9691241335854	2.606381365110605
1343	SUN	sun	5.0	1.575299306868305	0.7781512503836436
1346	THROAT	garganta	45.0	14.17769376181474	1.662757831681574
1347	NAPE (OF NECK)	nuca	4.0	1.260239445494644	0.6989700043360187
1348	BOAR (MALE PIG)	jabalí	3.0	0.945179584120983	0.6020599913279624
1350	MONKEY	mono	71.0	22.36925015752993	1.857332496431269
1352	KNIFE	cuchillo	28.0	8.821676118462507	1.462397997898956
1353	HOUR	hora	1106.0	348.4562066792691	3.044147620878723
1355	LAUGH	reír	73.0	22.99936988027725	1.869231719730976
1357	DAUGHTER	hija	771.0	242.9111531190926	2.887617300335736
1358	ENEMY	enemigo	74.0	23.31442974165092	1.8750612633917
136	HERE	aquí	7211.0	2271.896660365469	3.858055718050364
1360	DUCK	pato	40.0	12.60239445494644	1.612783856719735
1361	TOOL	herramienta	21.0	6.616257088846881	1.342422680822206
1362	STREET	calle	1169.0	368.3049779458097	3.068185861746162
1363	VOICE	voz	233.0	73.40894770006301	2.369215857410143
1366	BOY	muchacho	56.0	17.64335223692501	1.755874855672491
1367	CROSS	cruz	169.0	53.24511657214871	2.230448921378274
1368	BREAD	pan	152.0	47.88909892879647	2.184691430817599
1369	GOLD	oro	185.0	58.28607435412729	2.269512944217916
137	COCA	coca	110.0	34.65658475110271	2.045322978786658
1370	MONTH	mes	560.0	176.4335223692502	2.748962861256161
1371	KNEE	rodilla	25.0	7.876496534341525	1.414973347970818
1375	WINDOW	ventana	76.0	23.94454946439824	1.886490725172482
1376	NOW	ahora	7685.0	2421.235034656585	3.88570038012833
1378	SPOON	cuchara	6.0	1.890359168241966	0.8450980400142568
1379	TELEPHONE	teléfono	473.0	149.0233144297416	2.675778341674085
138	BATHE	bañarse	7.0	2.205419029615627	0.9030899869919436
1380	TOOTH	diente	16.0	5.040957781978576	1.230448921378274
1381	SHOE	zapato	27.0	8.506616257088847	1.447158031342219
1382	NEEDLE (FOR SEWING)	aguja	21.0	6.616257088846881	1.342422680822206
1383	GRANDFATHER	abuelo	140.0	44.10838059231254	2.14921911265538
1384	SECOND	segundo	892.0	281.0333963453056	2.950851458888546
1385	PEPPER	pimienta	11.0	3.465658475110271	1.079181246047625
1386	LION	león	161.0	50.72463768115942	2.209515014542631
1388	SHADE	sombra	93.0	29.30056710775047	1.973127853599699
139	GUMS	encías	3.0	0.945179584120983	0.6020599913279624
1391	TOWN	ciudad	724.0	228.1033396345306	2.860338006570994
1392	LOUSE	piojo	1.0	0.315059861373661	0.3010299956639812
1393	HORN (ANATOMY)	cuerno	5.0	1.575299306868305	0.7781512503836436
1394	BONE	hueso	36.0	11.3421550094518	1.568201724066995
1395	ROUND	redondo	24.0	7.561436672967864	1.397940008672037
1396	SHARP	afilado	1.0	0.315059861373661	0.3010299956639812
1398	DRY	seco	39.0	12.28733459357278	1.602059991327963
1400	THIN (SLIM)	delgado	49.0	15.43793320730939	1.698970004336019
1401	DRINK	beber	93.0	29.30056710775047	1.973127853599699
1402	BREAST	senos	4.0	1.260239445494644	0.6989700043360187
1403	BITE	morder	4.0	1.260239445494644	0.6989700043360187
1404	STRAIGHT	recto	22.0	6.931316950220542	1.361727836017593
1405	NAME	name	1.0	0.315059861373661	0.3010299956639812
1406	FAR	lejos	258.0	81.28544423440454	2.413299764081252
1408	HEAR	oír	153.0	48.20415879017013	2.187520720836463
1409	SEE	see	1.0	0.315059861373661	0.3010299956639812
141	BURN (SOMETHING)	quemar	17.0	5.356017643352237	1.255272505103306
1410	KNOW (SOMETHING)	saber	823.0	259.294265910523	2.915927211697116
1411	LIE (REST)	acostado	13.0	4.095778197857593	1.146128035678238
1413	PLAY	jugar	441.0	138.9413988657845	2.645422269349092
1415	THINK (REFLECT)	pensar	458.0	144.2974165091367	2.661812685537261
1416	SIT	sentado	80.0	25.20478890989288	1.90848501887865
1417	KILL	matar	103.0	32.45116572148708	2.01703333929878
1419	FEAR (BE AFRAID)	temer	8.0	2.520478890989288	0.9542425094393249
1420	COUNT	contar	434.0	136.7359798361689	2.638489256954637
1421	SUCK	chupar	5.0	1.575299306868305	0.7781512503836436
1422	BE ALIVE	vivir	583.0	183.6798991808444	2.7664128471124
1424	YELLOW	amarillo	60.0	18.90359168241966	1.785329835010767
1425	GREEN	verde	133.0	41.90296156269691	2.127104798364808
1428	BURNING	arder	1.0	0.315059861373661	0.3010299956639812
1429	FULL	lleno	132.0	41.58790170132325	2.123851640967086
1430	STAR	star	2.0	0.630119722747322	0.4771212547196624
1432	CUT	cortar	87.0	27.41020793950851	1.944482672150169
1435	HUNT	cazar	36.0	11.3421550094518	1.568201724066995
1436	SCRATCH	rascar	3.0	0.945179584120983	0.6020599913279624
1437	SPLIT	hender	1.0	0.315059861373661	0.3010299956639812
1439	SWIM	nadar	23.0	7.246376811594203	1.380211241711606
1440	SPIT	escupir	3.0	0.945179584120983	0.6020599913279624
1441	FLY (MOVE THROUGH AIR)	volar	52.0	16.38311279143037	1.724275869600789
1442	STAND	parado	102.0	32.13610586011342	2.012837224705172
1443	WALK	andar	98.0	30.87586641461878	1.99563519459755
1446	COME	come	90.0	28.35538752362949	1.959041392321093
1447	GIVE	dar	1369.0	431.3169502205419	3.136720567156407
1448	HOLD	sostener	9.0	2.835538752362949	1.0
1449	RUB	frotar	2.0	0.630119722747322	0.4771212547196624
1451	SMILE	sonreír	6.0	1.890359168241966	0.8450980400142568
1452	PUSH	empujar	10.0	3.15059861373661	1.041392685158225
1453	WASH	lavar	26.0	8.191556395715185	1.431363764158987
1455	PULL	jalar	3.0	0.945179584120983	0.6020599913279624
1456	THROW	echar	173.0	54.50535601764335	2.240549248282599
1457	SEW	coser	21.0	6.616257088846881	1.342422680822206
1458	SAY	decir	5868.0	1848.771266540643	3.768564109513574
1459	IF	si	14205.0	4475.425330812855	4.152471810336037
1460	IN	en	71505.0	22528.35538752363	4.854342484564222
1463	DRUNK	ebrio	2.0	0.630119722747322	0.4771212547196624
1464	LADDER	escalera	37.0	11.65721487082546	1.57978359661681
1467	CIRCLE	círculo	52.0	16.38311279143037	1.724275869600789
1468	LOOK FOR	buscar	346.0	109.0107120352867	2.540329474790874
1469	WEEK	semana	1170.0	368.6200378071833	3.068556895072363
1470	FOLD	doblar	10.0	3.15059861373661	1.041392685158225
1471	WINTER	invierno	97.0	30.56080655324511	1.991226075692495
1472	KEY	llave	47.0	14.80781348456207	1.681241237375587
1474	SEA	mar	308.0	97.03843730308759	2.489958479424835
1475	COMB	peine	7.0	2.205419029615627	0.9030899869919436
1476	CHAIR	silla	86.0	27.09514807813484	1.939519252618618
1479	DOLPHIN	delfín	7.0	2.205419029615627	0.9030899869919436
1480	BODY	cuerpo	337.0	106.1751732829238	2.528916700277655
1481	HAMMER	martillo	42.0	13.23251417769376	1.633468455579587
1482	SHOULDER	hombro	26.0	8.191556395715185	1.431363764158987
1483	NINE	nueve	1104.0	347.8260869565217	3.043362278021129
1484	OIL (ORGANIC SUBSTANCE)	aceite	83.0	26.14996849401386	1.924279286061882
1485	BELOW OR UNDER	debajo	182.0	57.3408947700063	2.26245108973043
1487	POUR	servir	53.0	16.69817265280403	1.732393759822969
1489	CLOUD	nube	23.0	7.246376811594203	1.380211241711606
1490	RAT	rata	11.0	3.465658475110271	1.079181246047625
1491	MOUSE	ratón	6.0	1.890359168241966	0.8450980400142568
1493	ONE	one	14.0	4.410838059231254	1.176091259055681
1494	DIE	die	5.0	1.575299306868305	0.7781512503836436
1496	GRANDMOTHER	abuela	162.0	51.03969754253308	2.212187604403958
1498	TWO	two	21.0	6.616257088846881	1.342422680822206
15	OTTER	nutria	2.0	0.630119722747322	0.4771212547196624
1500	FOUR	cuatro	2592.0	816.6351606805293	3.413802516769351
1502	GOAT	cabra	26.0	8.191556395715185	1.431363764158987
1503	SALIVA	saliva	11.0	3.465658475110271	1.079181246047625
1504	FLY (INSECT)	mosca	20.0	6.30119722747322	1.322219294733919
1506	MEASURE	medir	38.0	11.97227473219912	1.591064607026499
1507	FRUIT	fruta	27.0	8.506616257088847	1.447158031342219
1509	MOSQUITO	mosquito	7.0	2.205419029615627	0.9030899869919436
1511	ROOSTER	gallo	27.0	8.506616257088847	1.447158031342219
1514	HEN	gallina	26.0	8.191556395715185	1.431363764158987
1515	TEN	diez	1372.0	432.2621298046629	3.137670537236755
1517	WASP	avispa	2.0	0.630119722747322	0.4771212547196624
1519	RUN	correr	100.0	31.5059861373661	2.004321373782643
1521	SEEM	parecer	157.0	49.46439823566477	2.198657086954423
1522	SOCK	calcetín	12.0	3.780718336483932	1.113943352306837
1523	FORGET	olvidar	99.0	31.19092627599244	2.0
1524	WINE	vino	391.0	123.1884057971015	2.593286067020457
1525	COAST	costa	231.0	72.77882797731569	2.3654879848909
1528	FORGIVE	perdonar	36.0	11.3421550094518	1.568201724066995
1529	LAST (FINAL)	último	685.0	215.8160050409578	2.836324115706752
1530	BOWL	tazón	1.0	0.315059861373661	0.3010299956639812
1531	BRANCH	rama	54.0	17.01323251417769	1.740362689494244
1534	FEVER	fiebre	27.0	8.506616257088847	1.447158031342219
1535	SWORD	espada	28.0	8.821676118462507	1.462397997898956
1536	UNDERSTAND	entender	163.0	51.35475740390675	2.214843848047698
1537	SPRINGTIME	primavera	70.0	22.05419029615627	1.851258348719075
1539	BASKET	cesta	10.0	3.15059861373661	1.041392685158225
1540	EYELASH	pestaña	1.0	0.315059861373661	0.3010299956639812
1543	SNAIL	caracol	16.0	5.040957781978576	1.230448921378274
1547	SOUP	caldo	9.0	2.835538752362949	1.0
1548	UGLY	feo	43.0	13.54757403906742	1.643452676486187
1553	MALE	varón	26.0	8.191556395715185	1.431363764158987
1554	MAN	hombre	4085.0	1287.019533711405	3.611298362296429
1558	SIMILAR	semejante	34.0	10.71203528670447	1.544068044350276
1559	MONEY	dinero	1187.0	373.9760554505356	3.074816440645175
156	RED	rojo	111.0	34.97164461247637	2.049218022670181
1560	FACE	cara	564.0	177.6937618147448	2.752048447819439
1564	LAZY	perezoso	3.0	0.945179584120983	0.6020599913279624
1566	GUN	pistola	45.0	14.17769376181474	1.662757831681574
1567	DOOR	puerta	444.0	139.8865784499055	2.648360010980932
1569	CHEESE	queso	40.0	12.60239445494644	1.612783856719735
157	DYE	teñir	1.0	0.315059861373661	0.3010299956639812
1571	SELL	vender	140.0	44.10838059231254	2.14921911265538
1573	SWELL	hinchar	3.0	0.945179584120983	0.6020599913279624
1574	FLOAT	flotar	1.0	0.315059861373661	0.3010299956639812
1575	COCKROACH	cucaracha	2.0	0.630119722747322	0.4771212547196624
1577	AND	y	92436.0	29122.87334593573	4.965845842209628
1578	IGUANA	iguana	1.0	0.315059861373661	0.3010299956639812
158	PUT ON	calar	2.0	0.630119722747322	0.4771212547196624
1585	SLEEP	dormir	175.0	55.13547574039067	2.24551266781415
1586	SMELL (PERCEIVE)	oler	5.0	1.575299306868305	0.7781512503836436
1591	UP	arriba	515.0	162.2558286074354	2.712649701627211
1592	CHEST	pecho	55.0	17.32829237555136	1.7481880270062
1594	FLOUR	harina	16.0	5.040957781978576	1.230448921378274
1595	SOUTH	sur	278.0	87.58664146187776	2.445604203273597
1597	AIRPLANE	avión	183.0	57.65595463137996	2.264817823009536
1598	NORTH	norte	308.0	97.03843730308759	2.489958479424835
1599	WORD	palabra	559.0	176.1184625078765	2.748188027006201
1600	SKIRT	falda	28.0	8.821676118462507	1.462397997898956
1601	WEAK	débil	43.0	13.54757403906742	1.643452676486187
1602	WAKE UP	despertarse	2.0	0.630119722747322	0.4771212547196624
1604	TEMPLES	sien	8.0	2.520478890989288	0.9542425094393249
1607	HATE	odiar	3.0	0.945179584120983	0.6020599913279624
1608	LISTEN	escuchar	227.0	71.51858853182105	2.357934847000454
1610	PROSTITUTE	prostituta	8.0	2.520478890989288	0.9542425094393249
1612	LETTER	carta	215.0	67.73787019533711	2.334453751150931
1613	COLOR	color	225.0	70.88846880907373	2.354108439147401
1616	CLOTH	tela	64.0	20.1638311279143	1.812913356642856
1618	GRANDSON	nieto	67.0	21.10901071203529	1.832508912706236
1619	GRANDDAUGHTER	nieta	31.0	9.766855702583491	1.505149978319906
1620	SON	hijo	821.0	258.6641461877757	2.914871817540051
1622	SHIRT	camisa	48.0	15.12287334593573	1.690196080028514
1623	SPEAK	hablar	1612.0	507.8764965343415	3.207634367388962
1624	EMPTY	vacío	62.0	19.53371140516698	1.799340549453582
1626	EXPLAIN	explicar	195.0	61.43667296786389	2.292256071356476
1627	CHAIN	cadena	259.0	81.60050409577819	2.414973347970818
1628	SQUIRREL	ardilla	1.0	0.315059861373661	0.3010299956639812
163	BLACK	negro	177.0	55.765595463138	2.250420002308894
1631	FAST	rápido	205.0	64.5872715816005	2.313867220369153
1633	FLAT	plano	112.0	35.28670447385003	2.05307844348342
1635	OBEY	obedecer	7.0	2.205419029615627	0.9030899869919436
1639	BEER	cerveza	62.0	19.53371140516698	1.799340549453582
164	KANGAROO	canguro	2.0	0.630119722747322	0.4771212547196624
1641	SILK	seda	18.0	5.671077504725898	1.278753600952829
1642	NIECE	sobrina	22.0	6.931316950220542	1.361727836017593
1645	SHORT	corto	131.0	41.27284183994959	2.12057393120585
1646	GIRL	muchacha	22.0	6.931316950220542	1.361727836017593
1648	ANVIL	yunque	5.0	1.575299306868305	0.7781512503836436
1651	TEAR (OF EYE)	lágrima	32.0	10.08191556395715	1.518513939877888
1653	BLIND	ciego	31.0	9.766855702583491	1.505149978319906
1654	LIGHTNING	rayo	48.0	15.12287334593573	1.690196080028514
1657	TRUE	verdadero	100.0	31.5059861373661	2.004321373782643
166	MAINLAND	continente	95.0	29.93068683049779	1.982271233039568
1662	CAPE	punta	90.0	28.35538752362949	1.959041392321093
1663	BED	cama	225.0	70.88846880907373	2.354108439147401
1664	RAFT	balsa	25.0	7.876496534341525	1.414973347970818
1666	MUTE	mudo	13.0	4.095778197857593	1.146128035678238
1667	HOLE	agujero	33.0	10.39697542533081	1.531478917042255
1669	ANCESTORS	antepasados	6.0	1.890359168241966	0.8450980400142568
1671	TOWER	torre	54.0	17.01323251417769	1.740362689494244
1672	WRITE	escribir	223.0	70.2583490863264	2.350248018334163
1673	ARM	brazo	75.0	23.62948960302457	1.880813592280791
1674	POOR	pobre	246.0	77.50472589792061	2.392696953259666
1675	PROMISE	prometer	6.0	1.890359168241966	0.8450980400142568
1676	ALWAYS	siempre	4214.0	1327.662255828607	3.624797578960761
1678	HUT	rancho	3.0	0.945179584120983	0.6020599913279624
168	REST	descansar	34.0	10.71203528670447	1.544068044350276
1681	WAIST	cintura	18.0	5.671077504725898	1.278753600952829
1682	GUILTY	culpable	59.0	18.588531821046	1.778151250383644
1683	BUSH	bush	47.0	14.80781348456207	1.681241237375587
1685	AFTER	después	2771.0	873.0308758664146	3.442793225939769
1689	SMOKE (INHALE)	fumar	69.0	21.73913043478261	1.845098040014257
169	IT	ello	524.0	165.0913673597984	2.720159303405957
1692	FRIDAY	viernes	266.0	83.80592312539382	2.426511261364575
1693	THURSDAY	jueves	217.0	68.36798991808443	2.338456493604605
1694	WEDNESDAY	miércoles	173.0	54.50535601764335	2.240549248282599
1695	TUESDAY	martes	192.0	60.49149338374291	2.285557309007774
1696	SURRENDER	rendirse	1.0	0.315059861373661	0.3010299956639812
1697	MONDAY	lunes	229.0	72.14870825456836	2.361727836017593
1699	SUNDAY	domingo	316.0	99.55891619407687	2.501059262217752
1700	SATURDAY	sábado	234.0	73.72400756143668	2.371067862271736
1702	HOLY	sagrado	24.0	7.561436672967864	1.397940008672037
1703	SIX	seis	1708.0	538.122243226213	3.232742062720737
1704	SEVEN	siete	1504.0	473.8500315059861	3.177536499929862
1705	EIGHT	ocho	1422.0	448.0151228733459	3.153204900084284
1706	ELEVEN	once	564.0	177.6937618147448	2.752048447819439
1707	TWELVE	doce	741.0	233.4593572778828	2.870403905279027
1709	FIFTEEN	quince	749.0	235.9798361688721	2.8750612633917
1710	TWENTY	veinte	956.0	301.1972274732199	2.980911937776844
1712	OATH	juramento	8.0	2.520478890989288	0.9542425094393249
1719	BURY	sepultar	2.0	0.630119722747322	0.4771212547196624
1725	CORRECT (RIGHT)	correcto	95.0	29.93068683049779	1.982271233039568
1726	WET	mojado	12.0	3.780718336483932	1.113943352306837
1728	ROTTEN	podrido	2.0	0.630119722747322	0.4771212547196624
1730	CHEEK	mejilla	10.0	3.15059861373661	1.041392685158225
1732	SKY	cielo	123.0	38.7523629489603	2.093421685162235
174	PROUD	orgulloso	35.0	11.02709514807814	1.556302500767287
1740	PINE	pino	40.0	12.60239445494644	1.612783856719735
1743	JOIN	juntar	21.0	6.616257088846881	1.342422680822206
1744	SPLEEN	bazo	1.0	0.315059861373661	0.3010299956639812
1745	HIP	cadera	22.0	6.931316950220542	1.361727836017593
1747	CUSTOM	costumbre	74.0	23.31442974165092	1.8750612633917
1753	TOP	cima	10.0	3.15059861373661	1.041392685158225
1756	WIDOW	viuda	35.0	11.02709514807814	1.556302500767287
1757	TIRED	cansado	63.0	19.84877126654064	1.806179973983887
176	BLOW (WITH MOUTH)	soplar	6.0	1.890359168241966	0.8450980400142568
1763	CLUB	club	275.0	86.64146187775677	2.440909082065218
1768	FOAM	espuma	11.0	3.465658475110271	1.079181246047625
1769	AXLE	eje	58.0	18.27347195967234	1.770852011642144
1773	GRAVE	sepulcro	5.0	1.575299306868305	0.7781512503836436
1775	TABLE	mesa	325.0	102.3944549464398	2.513217600067939
1776	SHAME	vergüenza	99.0	31.19092627599244	2.0
1778	APPROACH	acercarse	32.0	10.08191556395715	1.518513939877888
178	RIPE	maduro	2.0	0.630119722747322	0.4771212547196624
1782	GUEST	huésped	1.0	0.315059861373661	0.3010299956639812
1783	PAIN	dolor	244.0	76.87460617517328	2.389166084364533
1786	DRY UP	secar	14.0	4.410838059231254	1.176091259055681
1788	TELEVISION	tele	209.0	65.84751102709515	2.32221929473392
1789	AGE	edad	563.0	177.3787019533711	2.751279103983342
1791	BUTTERFLY	mariposa	14.0	4.410838059231254	1.176091259055681
1793	BAT	murciélago	5.0	1.575299306868305	0.7781512503836436
1794	FURROW	surco	5.0	1.575299306868305	0.7781512503836436
180	CALL BY NAME	llamarse	17.0	5.356017643352237	1.255272505103306
1803	WOOD	madera	90.0	28.35538752362949	1.959041392321093
1808	PUS	pus	3.0	0.945179584120983	0.6020599913279624
1810	DANGER	peligro	165.0	51.98487712665406	2.220108088040055
1818	ADJUDICATE	juzgar	40.0	12.60239445494644	1.612783856719735
1820	BEAR	oso	32.0	10.08191556395715	1.518513939877888
1821	BRUSH	cepillo	8.0	2.520478890989288	0.9542425094393249
1828	ASK (REQUEST)	pedir	262.0	82.54568367989918	2.419955748489758
1829	JUMP	saltar	28.0	8.821676118462507	1.462397997898956
1831	MEET	encontrar	287.0	90.42218021424071	2.459392487759231
1833	DINNER (SUPPER)	cena	100.0	31.5059861373661	2.004321373782643
1834	SHE	ella	2188.0	689.3509766855702	3.340245761567932
1838	NAVEL	ombligo	2.0	0.630119722747322	0.4771212547196624
1839	CRY	llorar	59.0	18.588531821046	1.778151250383644
184	MAST	mástil	5.0	1.575299306868305	0.7781512503836436
1840	BUILD	edificar	9.0	2.835538752362949	1.0
1841	SUSPECT	sospechar	4.0	1.260239445494644	0.6989700043360187
1843	THOUSAND	mil	3173.0	999.6849401386263	3.50160692241883
1844	BOAT	bote	35.0	11.02709514807814	1.556302500767287
1845	BALL	pelota	139.0	43.79332073093888	2.146128035678238
1846	RULE	gobernar	36.0	11.3421550094518	1.568201724066995
185	FIREPLACE	fogón	4.0	1.260239445494644	0.6989700043360187
1850	COTTON	cotton	6.0	1.890359168241966	0.8450980400142568
1851	POCKET	bolsillo	44.0	13.86263390044108	1.653212513775344
1853	DOVE	paloma	74.0	23.31442974165092	1.8750612633917
1855	BIRCH	abedul	1.0	0.315059861373661	0.3010299956639812
1856	SOFT	suave	48.0	15.12287334593573	1.690196080028514
1857	CROCODILE	caimán	1.0	0.315059861373661	0.3010299956639812
1858	FISHERMAN	pescador	4.0	1.260239445494644	0.6989700043360187
1859	THIRD	tercero	184.0	57.97101449275362	2.267171728403014
186	SHIN	espinilla	2.0	0.630119722747322	0.4771212547196624
1867	COIN	moneda	76.0	23.94454946439824	1.886490725172482
1869	BUY	comprar	321.0	101.1342155009452	2.507855871695831
1870	ANCHOR	ancla	2.0	0.630119722747322	0.4771212547196624
1871	CAMEL	camello	8.0	2.520478890989288	0.9542425094393249
1874	SAUSAGE	salchicha	2.0	0.630119722747322	0.4771212547196624
1879	DANCE	bailar	116.0	36.54694391934468	2.068185861746162
1884	HARD	duro	274.0	86.32640201638311	2.439332693830263
1887	CHEAP	barato	102.0	32.13610586011342	2.012837224705172
1888	PAIR	par	228.0	71.83364839319471	2.359835482339888
1890	BELIEVE	creer	198.0	62.38185255198488	2.298853076409707
1891	PUMA	puma	2.0	0.630119722747322	0.4771212547196624
1892	TOUCH	tocar	158.0	49.77945809703844	2.201397124320451
1895	CLOTHES	ropa	113.0	35.60176433522369	2.056904851336473
1897	HELP	ayudar	207.0	65.21739130434783	2.318063334962762
1901	SHOVEL	pala	14.0	4.410838059231254	1.176091259055681
1902	BETRAY	traicionar	1.0	0.315059861373661	0.3010299956639812
1903	SWELLING	hinchazón	3.0	0.945179584120983	0.6020599913279624
1904	DROWN	ahogar	4.0	1.260239445494644	0.6989700043360187
1905	EAGLE	águila	6.0	1.890359168241966	0.8450980400142568
1909	SHAKE	sacudir	6.0	1.890359168241966	0.8450980400142568
191	NUT	nuez	2.0	0.630119722747322	0.4771212547196624
1914	DEBT	deuda	55.0	17.32829237555136	1.7481880270062
1917	TIE	atar	4.0	1.260239445494644	0.6989700043360187
1920	DREAM (SOMETHING)	soñar	33.0	10.39697542533081	1.531478917042255
1921	PLOUGH	surcar	1.0	0.315059861373661	0.3010299956639812
1922	LAND (DESCEND)	desembarcar	3.0	0.945179584120983	0.6020599913279624
1923	ROUGH	áspero	2.0	0.630119722747322	0.4771212547196624
1925	ARTERY	arteria	3.0	0.945179584120983	0.6020599913279624
1927	BAMBOO	bambú	15.0	4.725897920604915	1.204119982655925
1929	STUDY	estudiar	323.0	101.7643352236925	2.510545010206612
1934	BEGGAR	mendigo	3.0	0.945179584120983	0.6020599913279624
1937	THERE	allí	2643.0	832.703213610586	3.422261450813603
1939	SWEAR	jurar	9.0	2.835538752362949	1.0
194	FAMILY	familia	997.0	314.11468178954	2.999130541287371
1941	SOLDIER	soldado	24.0	7.561436672967864	1.397940008672037
1942	NEAR	cerca	459.0	144.6124763705104	2.662757831681574
1943	CROWN (OF HEAD)	corona	61.0	19.21865154379332	1.792391689498254
1945	IDOL	ídolo	20.0	6.30119722747322	1.322219294733919
1948	SAW	serrucho	2.0	0.630119722747322	0.4771212547196624
195	MAT	mat	2.0	0.630119722747322	0.4771212547196624
1950	BEECH	haya	1053.0	331.7580340264651	3.022840610876528
1959	RAW	crudo	11.0	3.465658475110271	1.079181246047625
1961	NECKLACE	collar	20.0	6.30119722747322	1.322219294733919
1962	ROAST (SOMETHING)	asar	8.0	2.520478890989288	0.9542425094393249
1966	BUNCH	racimo	2.0	0.630119722747322	0.4771212547196624
197	OTHER	otro	3491.0	1099.873976055451	3.543074235033532
1970	CANOE	canoa	2.0	0.630119722747322	0.4771212547196624
1971	FAN (OBJECT)	abanico	21.0	6.616257088846881	1.342422680822206
1972	KID	cabrito	3.0	0.945179584120983	0.6020599913279624
1973	DEMON	demonio	28.0	8.821676118462507	1.462397997898956
1974	CENTIPEDE	ciempiés	1.0	0.315059861373661	0.3010299956639812
1977	DEW	rocío	95.0	29.93068683049779	1.982271233039568
1981	WIDOWER	viudo	10.0	3.15059861373661	1.041392685158225
1982	WHIRLPOOL	remolino	3.0	0.945179584120983	0.6020599913279624
1983	SNORE	roncar	4.0	1.260239445494644	0.6989700043360187
199	FAMINE	hambre	160.0	50.40957781978576	2.20682587603185
1991	INTESTINES	intestinos	3.0	0.945179584120983	0.6020599913279624
1992	MORE	más	16107.0	5074.669187145558	4.207041620935394
1994	COLLARBONE	clavícula	1.0	0.315059861373661	0.3010299956639812
1998	COMMAND	mandar	79.0	24.88972904851922	1.903089986991944
2	DUST	polvo	105.0	33.0812854442344	2.02530586526477
2001	PAINTING	dibujar	15.0	4.725897920604915	1.204119982655925
2002	DITCH	zanja	4.0	1.260239445494644	0.6989700043360187
2005	MASK	máscara	18.0	5.671077504725898	1.278753600952829
2008	RESCUE	salvar	64.0	20.1638311279143	1.812913356642856
2009	DOG	perro	189.0	59.54631379962193	2.278753600952829
2014	GO DOWN (DESCEND)	bajar	107.0	33.71140516698173	2.03342375548695
2017	MIX	mezclar	13.0	4.095778197857593	1.146128035678238
2019	HAMMOCK	hamaca	2.0	0.630119722747322	0.4771212547196624
2023	CROWD	multitud	25.0	7.876496534341525	1.414973347970818
2024	PLOT	conspiración	5.0	1.575299306868305	0.7781512503836436
203	MARRY	casarse	70.0	22.05419029615627	1.851258348719075
2030	DRAG	arrastrar	10.0	3.15059861373661	1.041392685158225
2058	STOOL	banco	169.0	53.24511657214871	2.230448921378274
2060	STORY	cuento	187.0	58.9161940768746	2.27415784926368
2070	COMB (VERB)	peinar	1.0	0.315059861373661	0.3010299956639812
2076	SPROUT (VERB)	brotar	1.0	0.315059861373661	0.3010299956639812
208	NASAL MUCUS (SNOT)	moco	2.0	0.630119722747322	0.4771212547196624
210	LIFE	vida	2726.0	858.8531821045999	3.43568513794163
2108	RAINING OR RAIN	llover	23.0	7.246376811594203	1.380211241711606
211	CAST	fundir	4.0	1.260239445494644	0.6989700043360187
213	FIN	aleta	19.0	5.986137366099559	1.301029995663981
2148	PICK	coger	269.0	84.75110270951481	2.431363764158987
215	LIE DOWN	acostarse	11.0	3.465658475110271	1.079181246047625
218	FINE (PENALTY)	multa	19.0	5.986137366099559	1.301029995663981
2206	RABIES	rabia	46.0	14.49275362318841	1.672097857935718
221	FIRE	fire	1.0	0.315059861373661	0.3010299956639812
2235	CLEAN (SOMETHING)	limpiar	41.0	12.9174543163201	1.6232492903979
224	MORTAR	mortero	1.0	0.315059861373661	0.3010299956639812
2240	CORAL SNAKE	coral	32.0	10.08191556395715	1.518513939877888
2246	BELL	campana	15.0	4.725897920604915	1.204119982655925
2252	PATH	camino	395.0	124.4486452425961	2.597695185925512
2260	FEMALE (OF PERSON)	hembra	18.0	5.671077504725898	1.278753600952829
227	FISH	pez	20.0	6.30119722747322	1.322219294733919
228	CARVE	tallar	2.0	0.630119722747322	0.4771212547196624
2292	GLASSES	gafas	61.0	19.21865154379332	1.792391689498254
23	RYE	centeno	14.0	4.410838059231254	1.176091259055681
230	SWEEP	barrer	10.0	3.15059861373661	1.041392685158225
231	SHAVE	afeitar	2.0	0.630119722747322	0.4771212547196624
232	FLEA	pulga	1.0	0.315059861373661	0.3010299956639812
236	STEPMOTHER	madrastra	2.0	0.630119722747322	0.4771212547196624
2366	ONION	cebolla	15.0	4.725897920604915	1.204119982655925
237	STEPFATHER	padrastro	4.0	1.260239445494644	0.6989700043360187
239	FLOWER	flor	77.0	24.2596093257719	1.89209460269048
24	PRAY	orar	1.0	0.315059861373661	0.3010299956639812
2407	BIRTHDAY	cumpleaños	63.0	19.84877126654064	1.806179973983887
244	LEFT	izquierdo	42.0	13.23251417769376	1.633468455579587
2440	PINEAPPLE	piña	15.0	4.725897920604915	1.204119982655925
245	BROOM	escoba	8.0	2.520478890989288	0.9542425094393249
2458	PERSPIRE OR SWEAT	sudar	9.0	2.835538752362949	1.0
2481	FEMALE DOG	perra	52.0	16.38311279143037	1.724275869600789
249	FOG	neblina	2.0	0.630119722747322	0.4771212547196624
2493	BOIL	hervir	6.0	1.890359168241966	0.8450980400142568
250	LIGHT (COLOR)	claro	6578.0	2072.463768115942	3.818159886397186
251	SHARPEN (SOMETHING)	afilar	1.0	0.315059861373661	0.3010299956639812
2548	BARREL	barril	8.0	2.520478890989288	0.9542425094393249
256	FOOD	comida	209.0	65.84751102709515	2.32221929473392
2575	DO OR MAKE	hacer	4829.0	1521.424070573409	3.683947130751512
2578	PENCIL	lápiz	19.0	5.986137366099559	1.301029995663981
258	CALM	calma	59.0	18.588531821046	1.778151250383644
2580	HELICOPTER	helicóptero	19.0	5.986137366099559	1.301029995663981
2615	FLESH OR MEAT	carne	110.0	34.65658475110271	2.045322978786658
2618	CAMERA	cámara	302.0	95.14807813484562	2.481442628502305
2619	CARD	carnet	54.0	17.01323251417769	1.740362689494244
2623	FLAG	bandera	87.0	27.41020793950851	1.944482672150169
2627	ORANGE (FRUIT)	naranja	41.0	12.9174543163201	1.6232492903979
2638	FISHING	pescar	15.0	4.725897920604915	1.204119982655925
2648	HAIR (HEAD)	cabello	28.0	8.821676118462507	1.462397997898956
266	SCALE	escama	1.0	0.315059861373661	0.3010299956639812
27	AIR	aire	266.0	83.80592312539382	2.426511261364575
271	SAUCER	platillo	6.0	1.890359168241966	0.8450980400142568
272	TONGS	tenazas	1.0	0.315059861373661	0.3010299956639812
273	DOUGH	masa	78.0	24.57466918714556	1.897627091290441
275	PEEL	pelar	6.0	1.890359168241966	0.8450980400142568
277	SPINDLE	huso	1.0	0.315059861373661	0.3010299956639812
2783	SCALES (MEASURE INSTRUMENT)	báscula	3.0	0.945179584120983	0.6020599913279624
281	POST	poste	16.0	5.040957781978576	1.230448921378274
2831	PENGUIN	pingüino	6.0	1.890359168241966	0.8450980400142568
288	FORGE	fragua	3.0	0.945179584120983	0.6020599913279624
2900	PROTECT	guardar	45.0	14.17769376181474	1.662757831681574
2902	BRAWL (FIGHT)	pelear	20.0	6.30119722747322	1.322219294733919
2905	KNIT	tejer	2.0	0.630119722747322	0.4771212547196624
2965	PAW	pata	27.0	8.506616257088847	1.447158031342219
297	CROOKED	torcido	4.0	1.260239445494644	0.6989700043360187
298	SHRIEK	chillar	11.0	3.465658475110271	1.079181246047625
2991	SKI	esquiar	13.0	4.095778197857593	1.146128035678238
3	BRAVE	valiente	44.0	13.86263390044108	1.653212513775344
304	PREACH	predicar	4.0	1.260239445494644	0.6989700043360187
3072	MISPLACE	perder	211.0	66.47763074984248	2.326335860928751
3078	IRRIGATE	regar	5.0	1.575299306868305	0.7781512503836436
3080	SPLIT OPEN	rajar	1.0	0.315059861373661	0.3010299956639812
3083	BALLOON	globo	45.0	14.17769376181474	1.662757831681574
3084	BLACKBOARD	pizarra	41.0	12.9174543163201	1.6232492903979
3085	CARROT	zanahoria	11.0	3.465658475110271	1.079181246047625
3086	COMPUTER	ordenador	109.0	34.34152488972905	2.041392685158225
3087	PACIFIER	chupete	9.0	2.835538752362949	1.0
3088	ENVELOPE	sobre	3687.0	1161.625708884688	3.566790912381592
3090	GUITAR	guitarra	83.0	26.14996849401386	1.924279286061882
3091	LEMON	limón	42.0	13.23251417769376	1.633468455579587
3092	LIGHTER	mechero	11.0	3.465658475110271	1.079181246047625
3093	LIPSTICK	pintalabios	1.0	0.315059861373661	0.3010299956639812
3094	PAINTBRUSH	brocha	3.0	0.945179584120983	0.6020599913279624
3095	POSTMAN	cartero	4.0	1.260239445494644	0.6989700043360187
3096	RACKET	raqueta	13.0	4.095778197857593	1.146128035678238
3099	SOFA	sillón	19.0	5.986137366099559	1.301029995663981
31	PAN	sartén	7.0	2.205419029615627	0.9030899869919436
3101	SWING	columpio	16.0	5.040957781978576	1.230448921378274
3102	TANK	tanque	14.0	4.410838059231254	1.176091259055681
3104	THERMOMETER	termómetro	8.0	2.520478890989288	0.9542425094393249
3105	UMBRELLA	paraguas	55.0	17.32829237555136	1.7481880270062
3106	WARDROBE	armario	62.0	19.53371140516698	1.799340549453582
3108	BOX (SOMEBODY OR SOMETHING)	boxear	2.0	0.630119722747322	0.4771212547196624
3110	CLAP	aplaudir	21.0	6.616257088846881	1.342422680822206
3111	CONDUCT	dirigir	56.0	17.64335223692501	1.755874855672491
3113	FILE (SOMETHING)	archivar	1.0	0.315059861373661	0.3010299956639812
3118	IRON (CLOTHES)	planchar	10.0	3.15059861373661	1.041392685158225
3120	MOP (SOMETHING)	fregar	11.0	3.465658475110271	1.079181246047625
3121	OPERATE (MEDICINE)	operar	29.0	9.13673597983617	1.477121254719662
3122	PAINT (SOMETHING)	pintar	40.0	12.60239445494644	1.612783856719735
3126	POST (SOMETHING)	enviar	49.0	15.43793320730939	1.698970004336019
3128	SHOWER (ACTION)	ducharse	7.0	2.205419029615627	0.9030899869919436
3129	SKATE	patinar	3.0	0.945179584120983	0.6020599913279624
3135	VACUUM (SOMETHING)	aspirar	17.0	5.356017643352237	1.255272505103306
3137	OAR	paddle	2.0	0.630119722747322	0.4771212547196624
3138	STRAWBERRY	fresa	10.0	3.15059861373661	1.041392685158225
315	CURASSOW	pavo	18.0	5.671077504725898	1.278753600952829
316	PACA	paca	2.0	0.630119722747322	0.4771212547196624
317	PIRANHA	caribe	33.0	10.39697542533081	1.531478917042255
318	FOOTPRINT	huella	13.0	4.095778197857593	1.146128035678238
3187	DROWNED	ahogado	5.0	1.575299306868305	0.7781512503836436
3199	TWIST (AROUND)	torcer	4.0	1.260239445494644	0.6989700043360187
32	EARWAX	cerumen	1.0	0.315059861373661	0.3010299956639812
3217	TIN OR TINPLATE	estaño	6.0	1.890359168241966	0.8450980400142568
323	FAT (ORGANIC SUBSTANCE)	grasa	22.0	6.931316950220542	1.361727836017593
325	FELT	fieltro	5.0	1.575299306868305	0.7781512503836436
326	CLOAK	capa	58.0	18.27347195967234	1.770852011642144
3306	NAIL	clavar	4.0	1.260239445494644	0.6989700043360187
3351	STOP DOING	parar	130.0	40.95778197857593	2.117271295655764
3405	RULER	regla	60.0	18.90359168241966	1.785329835010767
344	TREE TRUNK	tronco	21.0	6.616257088846881	1.342422680822206
345	SAP	savia	6.0	1.890359168241966	0.8450980400142568
3462	FLAX OR LINEN	lino	12.0	3.780718336483932	1.113943352306837
353	STRIKE	golpear	5.0	1.575299306868305	0.7781512503836436
356	SHEARS	tijeras	3.0	0.945179584120983	0.6020599913279624
357	HANG UP	colgar	11.0	3.465658475110271	1.079181246047625
359	POTTER	alfarero	3.0	0.945179584120983	0.6020599913279624
365	SPLASH	salpicar	2.0	0.630119722747322	0.4771212547196624
3653	COOKING POT	olla	14.0	4.410838059231254	1.176091259055681
3654	TAKE OUT	sacar	305.0	96.0932577189666	2.48572142648158
3659	POLISH (SOMETHING)	pulir	2.0	0.630119722747322	0.4771212547196624
367	RIDE	montar	55.0	17.32829237555136	1.7481880270062
3675	ZEBRA	cebra	5.0	1.575299306868305	0.7781512503836436
369	OWE	deber	39.0	12.28733459357278	1.602059991327963
371	PICK UP	recoger	89.0	28.04032766225583	1.954242509439325
380	WRINKLED	arrugado	3.0	0.945179584120983	0.6020599913279624
387	SLING	honda	29.0	9.13673597983617	1.477121254719662
388	FISHNET	red	96.0	30.24574669187146	1.986771734266245
389	FISH TRAP	nasa	14.0	4.410838059231254	1.176091259055681
390	PUNISHMENT	castigo	72.0	22.68431001890359	1.863322860120456
391	BLESS	bendecir	2.0	0.630119722747322	0.4771212547196624
394	SHAMAN (FOLK HEALER)	curandero	7.0	2.205419029615627	0.9030899869919436
399	PLANTAIN	plátano	10.0	3.15059861373661	1.041392685158225
411	GOURD	calabaza	1.0	0.315059861373661	0.3010299956639812
420	FOREST	bosque	31.0	9.766855702583491	1.505149978319906
43	LEAD (GUIDE)	guiar	5.0	1.575299306868305	0.7781512503836436
441	CHICHA	chicha	1.0	0.315059861373661	0.3010299956639812
446	LOWER ARM	antebrazo	2.0	0.630119722747322	0.4771212547196624
474	DRESS	vestido	94.0	29.61562696912413	1.977723605288848
477	LATE	tarde	989.0	311.5942028985507	2.99563519459755
478	LIP	labio	7.0	2.205419029615627	0.9030899869919436
479	GROW	crecer	43.0	13.54757403906742	1.643452676486187
48	BE SILENT	callarse	8.0	2.520478890989288	0.9542425094393249
480	PLATE	plato	44.0	13.86263390044108	1.653212513775344
482	NOBLE	noble	30.0	9.45179584120983	1.491361693834273
484	CONDEMN	condenar	10.0	3.15059861373661	1.041392685158225
485	DISAPPEAR	desaparecer	42.0	13.23251417769376	1.633468455579587
489	KIDNEY	riñón	27.0	8.506616257088847	1.447158031342219
490	DESCENDANTS	descendientes	12.0	3.780718336483932	1.113943352306837
492	THREE	tres	3783.0	1191.87145557656	3.577951127729755
493	FIVE	five	1.0	0.315059861373661	0.3010299956639812
496	CUCUMBER	pepino	1.0	0.315059861373661	0.3010299956639812
497	SCAR	cicatriz	6.0	1.890359168241966	0.8450980400142568
498	CALF OF LEG	pantorrilla	2.0	0.630119722747322	0.4771212547196624
501	LIFT	levantar	60.0	18.90359168241966	1.785329835010767
502	NAIL (TOOL)	clavo	34.0	10.71203528670447	1.544068044350276
503	FROG	rana	13.0	4.095778197857593	1.146128035678238
504	LEARN	aprender	175.0	55.13547574039067	2.24551266781415
505	PARENTS	padres	834.0	262.7599243856333	2.921686475483602
506	MAIZE	maíz	15.0	4.725897920604915	1.204119982655925
509	CERTAIN	seguro	630.0	198.4877126654064	2.800029359244134
52	SHIVER	temblar	2.0	0.630119722747322	0.4771212547196624
522	WOLF	lobo	38.0	11.97227473219912	1.591064607026499
526	HOWL	aullar	1.0	0.315059861373661	0.3010299956639812
539	NEST	nido	11.0	3.465658475110271	1.079181246047625
568	RISE (MOVE UPWARDS)	ascender	9.0	2.835538752362949	1.0
571	STING	picar	11.0	3.465658475110271	1.079181246047625
575	TREAD	pisar	15.0	4.725897920604915	1.204119982655925
576	DANDRUFF	caspa	10.0	3.15059861373661	1.041392685158225
578	KISS	besar	16.0	5.040957781978576	1.230448921378274
582	LEND	prestar	22.0	6.931316950220542	1.361727836017593
584	DIFFICULT	difícil	949.0	298.9918084436043	2.977723605288848
585	BOOT	bota	17.0	5.356017643352237	1.255272505103306
587	ANT	hormiga	1.0	0.315059861373661	0.3010299956639812
588	BROKEN	quebrado	3.0	0.945179584120983	0.6020599913279624
590	NAKED	desnudo	55.0	17.32829237555136	1.7481880270062
592	PISS	orinar	1.0	0.315059861373661	0.3010299956639812
593	POTATO	papa	74.0	23.31442974165092	1.8750612633917
596	POSTAGE STAMP	sello	31.0	9.766855702583491	1.505149978319906
6	EARTHQUAKE	terremoto	19.0	5.986137366099559	1.301029995663981
601	LIE (MISLEAD)	mentir	28.0	8.821676118462507	1.462397997898956
602	HIDE (CONCEAL)	esconder	14.0	4.410838059231254	1.176091259055681
604	GLASS	cristal	46.0	14.49275362318841	1.672097857935718
605	GRAIN	grano	36.0	11.3421550094518	1.568201724066995
606	GRASS	hierba	19.0	5.986137366099559	1.301029995663981
607	GRASSHOPPER	saltamontes	1.0	0.315059861373661	0.3010299956639812
610	PORT	puerto	100.0	31.5059861373661	2.004321373782643
615	HORSE	caballo	108.0	34.02646502835539	2.037426497940624
617	ICE	hielo	99.0	31.19092627599244	2.0
619	ANIMAL	animal	108.0	34.02646502835539	2.037426497940624
620	INSECT	insecto	3.0	0.945179584120983	0.6020599913279624
621	IRON	hierro	97.0	30.56080655324511	1.991226075692495
622	ISLAND	island	3.0	0.945179584120983	0.6020599913279624
623	LAGOON	laguna	67.0	21.10901071203529	1.832508912706236
624	LAKE	lago	42.0	13.23251417769376	1.633468455579587
625	LAMP	lámpara	15.0	4.725897920604915	1.204119982655925
627	LEAD (CHEMICAL ELEMENT)	plomo	25.0	7.876496534341525	1.414973347970818
628	LEAF	hoja	57.0	17.95841209829868	1.763427993562937
630	LIGHT (RADIATION)	luz	341.0	107.4354127284184	2.534026106056135
631	LIVESTOCK	ganado	272.0	85.69628229363579	2.436162647040756
632	LIZARD	lagartija	1.0	0.315059861373661	0.3010299956639812
633	MARKET	mercado	359.0	113.1064902331443	2.556302500767287
635	MILK	leche	213.0	67.10775047258979	2.330413773349191
636	MILL	molino	17.0	5.356017643352237	1.255272505103306
638	MOTORCYCLE	motocicleta	6.0	1.890359168241966	0.8450980400142568
639	MOUNTAIN	mountain	1.0	0.315059861373661	0.3010299956639812
64	PIN	alfiler	11.0	3.465658475110271	1.079181246047625
640	MUD	lodo	1.0	0.315059861373661	0.3010299956639812
641	MUSHROOM	seta	2.0	0.630119722747322	0.4771212547196624
643	NEED (NOUN)	necesidad	244.0	76.87460617517328	2.389166084364533
644	OAK	roble	14.0	4.410838059231254	1.176091259055681
645	OCEAN	océano	13.0	4.095778197857593	1.146128035678238
646	ASH	cenizas	21.0	6.616257088846881	1.342422680822206
647	PAINT (PIGMENTS)	pintura	101.0	31.82104599873976	2.008600171761918
648	PAPER	papel	398.0	125.3938248267171	2.600972895686748
653	PLANT (VEGETATION)	planta	130.0	40.95778197857593	2.117271295655764
655	POISON	veneno	83.0	26.14996849401386	1.924279286061882
657	PRICE	precio	195.0	61.43667296786389	2.292256071356476
658	RAIN (PRECIPITATION)	lluvia	78.0	24.57466918714556	1.897627091290441
66	KNEEL	arrodillarse	2.0	0.630119722747322	0.4771212547196624
660	REEF	arrecife	2.0	0.630119722747322	0.4771212547196624
661	RELIGION	religión	135.0	42.53308128544423	2.133538908370217
662	BATTERY	pila	12.0	3.780718336483932	1.113943352306837
665	BEE	bee	1.0	0.315059861373661	0.3010299956639812
666	RIVER	rio	1.0	0.315059861373661	0.3010299956639812
667	ROAD	carretera	224.0	70.57340894770006	2.352182518111363
670	ROOT	raíz	93.0	29.30056710775047	1.973127853599699
671	SAND	arena	85.0	26.78008821676119	1.934498451243568
672	EARLY	temprano	55.0	17.32829237555136	1.7481880270062
674	MOUTH	boca	193.0	60.80655324511658	2.287801729930226
677	AXE	hacha	4.0	1.260239445494644	0.6989700043360187
678	BEARD	barba	23.0	7.246376811594203	1.380211241711606
68	TATTOO	tatuaje	4.0	1.260239445494644	0.6989700043360187
680	BREAK (DESTROY OR GET DESTROYED)	quebrar	3.0	0.945179584120983	0.6020599913279624
681	DESTROY	destruir	23.0	7.246376811594203	1.380211241711606
683	PERSON	persona	1487.0	468.4940138626339	3.17260293120986
686	EASY	fácil	459.0	144.6124763705104	2.662757831681574
688	LUNG	pulmón	32.0	10.08191556395715	1.518513939877888
690	BOTTOM	fondo	449.0	141.4618777567738	2.653212513775344
691	SEASON	estación	99.0	31.19092627599244	2.0
692	BRING	traer	114.0	35.91682419659735	2.060697840353612
694	GET	obtener	65.0	20.47889098928797	1.819543935541869
695	GO	ir	1861.0	586.3264020163831	3.269979676645324
696	STIR	revolver	4.0	1.260239445494644	0.6989700043360187
698	WISE	sabio	16.0	5.040957781978576	1.230448921378274
700	CARRY	llevar	494.0	155.6395715185885	2.694605198933569
702	CATCH	atrapar	4.0	1.260239445494644	0.6989700043360187
703	SOON	pronto	356.0	112.1613106490233	2.552668216112193
704	CLEAN	limpio	63.0	19.84877126654064	1.806179973983887
706	DARK	oscuro	46.0	14.49275362318841	1.672097857935718
708	SHINE	brillar	8.0	2.520478890989288	0.9542425094393249
709	TEACH	enseñar	85.0	26.78008821676119	1.934498451243568
710	WHEEL	rueda	132.0	41.58790170132325	2.123851640967086
711	TALL	alto	346.0	109.0107120352867	2.540329474790874
712	RICH	rico	96.0	30.24574669187146	1.986771734266245
713	STEAL	hurtar	1.0	0.315059861373661	0.3010299956639812
714	SEED	semilla	5.0	1.575299306868305	0.7781512503836436
715	SHOUT	gritar	16.0	5.040957781978576	1.230448921378274
717	SWEET	dulce	57.0	17.95841209829868	1.763427993562937
718	PAY	pagar	272.0	85.69628229363579	2.436162647040756
72	CLAW	garra	5.0	1.575299306868305	0.7781512503836436
721	LOW	bajo	422.0	132.955261499685	2.626340367375042
722	ATTACK	atacar	44.0	13.86263390044108	1.653212513775344
724	READ	leer	294.0	92.62759924385634	2.469822015978163
728	FIRST	primero	1174.0	369.880277252678	3.070037866607755
729	DAWN	madrugada	100.0	31.5059861373661	2.004321373782643
73	BEAK	pico	158.0	49.77945809703844	2.201397124320451
731	BEVERAGE	bebida	18.0	5.671077504725898	1.278753600952829
735	OWL	lechuza	2.0	0.630119722747322	0.4771212547196624
737	LIGHT (IGNITE)	encender	13.0	4.095778197857593	1.146128035678238
738	THING	cosa	3079.0	970.0693131695022	3.488550716500444
739	FEED	nutrir	1.0	0.315059861373661	0.3010299956639812
741	DRIVE	conducir	45.0	14.17769376181474	1.662757831681574
742	END (OF SPACE)	final	1259.0	396.6603654694392	3.100370545117563
743	END (OF TIME)	fin	1516.0	477.6307498424701	3.18098558078673
744	EGG	huevo	35.0	11.02709514807814	1.556302500767287
747	BICYCLE	bicicleta	56.0	17.64335223692501	1.755874855672491
749	ENTER	entrar	462.0	145.5576559546314	2.665580991017953
753	PUPIL (STUDENT)	alumno	61.0	19.21865154379332	1.792391689498254
755	DENY	negar	45.0	14.17769376181474	1.662757831681574
757	BUTTON	botón	33.0	10.39697542533081	1.531478917042255
759	SILVER	plata	65.0	20.47889098928797	1.819543935541869
760	KNOT	nudo	27.0	8.506616257088847	1.447158031342219
761	COVER	cubrir	35.0	11.02709514807814	1.556302500767287
763	SKIN	skin	4.0	1.260239445494644	0.6989700043360187
765	MOVE	mover	71.0	22.36925015752993	1.857332496431269
767	CORPSE	cadáver	43.0	13.54757403906742	1.643452676486187
768	LUNCH	almuerzo	12.0	3.780718336483932	1.113943352306837
769	ROOF	tejado	18.0	5.671077504725898	1.278753600952829
771	HAT	sombrero	39.0	12.28733459357278	1.602059991327963
772	BELT	cinturón	14.0	4.410838059231254	1.176091259055681
773	HAVE	tener	2383.0	750.7876496534342	3.377306251068199
777	FLUTE	flauta	9.0	2.835538752362949	1.0
778	SMOKE (EXHAUST)	humo	35.0	11.02709514807814	1.556302500767287
779	PART	pedazo	81.0	25.51984877126654	1.913813852383717
78	THAT	aquel	463.0	145.872715816005	2.666517980554881
781	FEAR (FRIGHT)	miedo	607.0	191.2413358538122	2.783903579272735
782	DEFEAT	derrota	39.0	12.28733459357278	1.602059991327963
783	VICTORY	victoria	306.0	96.40831758034027	2.487138375477187
784	SNOW	nieve	66.0	20.79395085066163	1.826074802700826
787	SAIL	navegar	9.0	2.835538752362949	1.0
788	SOAP	jabón	20.0	6.30119722747322	1.322219294733919
789	PEOPLE	people	7.0	2.205419029615627	0.9030899869919436
790	READY	listo	57.0	17.95841209829868	1.763427993562937
794	PEN	bolígrafo	13.0	4.095778197857593	1.146128035678238
796	NIPPLE	pezón	2.0	0.630119722747322	0.4771212547196624
798	JAW	mandíbula	4.0	1.260239445494644	0.6989700043360187
799	WRIST	muñeca	33.0	10.39697542533081	1.531478917042255
8	CURSE	maldecir	2.0	0.630119722747322	0.4771212547196624
800	THIGH	muslo	7.0	2.205419029615627	0.9030899869919436
801	RIB	costilla	2.0	0.630119722747322	0.4771212547196624
803	ANKLE	tobillo	20.0	6.30119722747322	1.322219294733919
809	TROUSERS	pantalones	55.0	17.32829237555136	1.7481880270062
811	SOUL	alma	162.0	51.03969754253308	2.212187604403958
812	SLAVE	esclavo	12.0	3.780718336483932	1.113943352306837
816	HALF	mitad	347.0	109.3257718966604	2.541579243946581
817	THEY	ellos	2124.0	669.187145557656	3.32735893438633
819	STOMACH	estómago	31.0	9.766855702583491	1.505149978319906
82	ANGER	enojo	3.0	0.945179584120983	0.6020599913279624
829	RAFTER	viga	2.0	0.630119722747322	0.4771212547196624
83	FORBID	prohibir	16.0	5.040957781978576	1.230448921378274
834	BUTTOCKS	culo	84.0	26.46502835538752	1.929418925714293
837	BLUE	azul	113.0	35.60176433522369	2.056904851336473
843	SPIDER	araña	15.0	4.725897920604915	1.204119982655925
845	MURDER	asesinar	10.0	3.15059861373661	1.041392685158225
846	TIGER	tigre	17.0	5.356017643352237	1.255272505103306
848	THIRST	sed	22.0	6.931316950220542	1.361727836017593
85	GIVE BACK	devolver	33.0	10.39697542533081	1.531478917042255
850	SQUARE	cuadrado	56.0	17.64335223692501	1.755874855672491
853	ALTAR	altar	11.0	3.465658475110271	1.079181246047625
854	KETTLE	caldera	7.0	2.205419029615627	0.9030899869919436
855	SEIZE	embargar	1.0	0.315059861373661	0.3010299956639812
857	STONE	stone	4.0	1.260239445494644	0.6989700043360187
859	STOVE	estufa	11.0	3.465658475110271	1.079181246047625
860	CAUSE	causar	17.0	5.356017643352237	1.255272505103306
861	JUDGE	juez	287.0	90.42218021424071	2.459392487759231
862	SUGAR	azúcar	41.0	12.9174543163201	1.6232492903979
867	GLOVE	guante	13.0	4.095778197857593	1.146128035678238
871	RATTLESNAKE	cascabel	1.0	0.315059861373661	0.3010299956639812
875	SHOEMAKER	zapatero	17.0	5.356017643352237	1.255272505103306
877	MASON	albañil	18.0	5.671077504725898	1.278753600952829
878	HELL	infierno	33.0	10.39697542533081	1.531478917042255
879	COUGH	toser	1.0	0.315059861373661	0.3010299956639812
88	BEEHIVE	colmena	3.0	0.945179584120983	0.6020599913279624
881	TAILOR	sastre	16.0	5.040957781978576	1.230448921378274
882	PARROT	loro	27.0	8.506616257088847	1.447158031342219
884	SHARE	repartir	28.0	8.821676118462507	1.462397997898956
886	PARAKEET	perico	26.0	8.191556395715185	1.431363764158987
887	BITTER	amargo	11.0	3.465658475110271	1.079181246047625
889	FLAME	llama	1020.0	321.3610586011342	3.00902574208691
89	NATIVE COUNTRY	patria	79.0	24.88972904851922	1.903089986991944
890	MULE	mulo	3.0	0.945179584120983	0.6020599913279624
891	TIDE	marea	5.0	1.575299306868305	0.7781512503836436
892	TIME	tiempo	2966.0	934.4675488342785	3.472317546316842
894	TOAD	sapo	3.0	0.945179584120983	0.6020599913279624
896	ANACONDA (WATER BOA)	anaconda	7.0	2.205419029615627	0.9030899869919436
897	SWALLOW	tragar	14.0	4.410838059231254	1.176091259055681
90	INNOCENT	inocente	48.0	15.12287334593573	1.690196080028514
901	ADOBE	adobe	1.0	0.315059861373661	0.3010299956639812
902	ADULTERY	adulterio	2.0	0.630119722747322	0.4771212547196624
906	TREE	árbol	80.0	25.20478890989288	1.90848501887865
907	OLD WOMAN	viejita	2.0	0.630119722747322	0.4771212547196624
908	DRUM	tambor	5.0	1.575299306868305	0.7781512503836436
911	TEMPLE	iglesia	571.0	179.8991808443604	2.757396028793024
913	CROW	cuervo	16.0	5.040957781978576	1.230448921378274
914	SCULPTOR	escultor	8.0	2.520478890989288	0.9542425094393249
919	CHILI PEPPER	ají	3.0	0.945179584120983	0.6020599913279624
920	GRAPE	uva	13.0	4.095778197857593	1.146128035678238
921	VALLEY	valle	91.0	28.67044738500315	1.963787827345555
922	PEAR	pera	10.0	3.15059861373661	1.041392685158225
923	LOVE	querer	114.0	35.91682419659735	2.060697840353612
924	VEGETABLES	legumbres	7.0	2.205419029615627	0.9030899869919436
926	RICE	arroz	30.0	9.45179584120983	1.491361693834273
928	EMBRACE	abrazar	5.0	1.575299306868305	0.7781512503836436
93	DRAW MILK	ordeñar	2.0	0.630119722747322	0.4771212547196624
930	VILLAGE	pueblo	874.0	275.3623188405797	2.942008053022313
932	BARLEY	cebada	5.0	1.575299306868305	0.7781512503836436
937	BIRD	pájaro	31.0	9.766855702583491	1.505149978319906
938	MARE	yegua	2.0	0.630119722747322	0.4771212547196624
942	HONEY	miel	22.0	6.931316950220542	1.361727836017593
943	WATERFALL	cascada	9.0	2.835538752362949	1.0
945	SPEAR	lanza	52.0	16.38311279143037	1.724275869600789
946	BLOOD	sangre	201.0	63.32703213610586	2.305351369446624
947	STREAM	quebrada	2.0	0.630119722747322	0.4771212547196624
948	WATER	water	10.0	3.15059861373661	1.041392685158225
951	WEAPONS	armas	134.0	42.21802142407057	2.130333768495006
953	RAPE	violación	25.0	7.876496534341525	1.414973347970818
956	FLEE	huir	21.0	6.616257088846881	1.342422680822206
957	WHALE	ballena	1.0	0.315059861373661	0.3010299956639812
96	CRAWL	gatear	1.0	0.315059861373661	0.3010299956639812
960	WIND	viento	134.0	42.21802142407057	2.130333768495006
962	WOMAN	mujer	1616.0	509.1367359798361	3.208710019906401
963	BOOK	libro	559.0	176.1184625078765	2.748188027006201
964	WOOL	lana	24.0	7.561436672967864	1.397940008672037
965	WORLD	mundo	2685.0	845.9357277882798	3.429106008332697
968	ACORN	bellota	4.0	1.260239445494644	0.6989700043360187
970	COCONUT	coco	61.0	19.21865154379332	1.792391689498254
974	TOBACCO	tabaco	83.0	26.14996849401386	1.924279286061882
977	ARROW	flecha	4.0	1.260239445494644	0.6989700043360187
978	WAVE	saludar	38.0	11.97227473219912	1.591064607026499
98	ALL	todos	5233.0	1648.708254568368	3.718833718303862
980	HEEL	talón	8.0	2.520478890989288	0.9542425094393249
981	ELBOW	codo	16.0	5.040957781978576	1.230448921378274
984	WORK (LABOUR)	trabajar	623.0	196.2822936357908	2.795184589682424
986	TOMATO	tomate	35.0	11.02709514807814	1.556302500767287
987	REMAIN	quedar	263.0	82.86074354127284	2.421603926869831
994	BOW	arco	47.0	14.80781348456207	1.681241237375587
996	DEAF	sordo	7.0	2.205419029615627	0.9030899869919436
998	PUT	meter	202.0	63.64209199747952	2.307496037913213
