CONCEPTICON_ID	CONCEPTICON_GLOSS	DUTCH	DUTCH_FREQUENCY	DUTCH_CD	DUTCH_SUBTITLE_FREQUENCY	DUTCH_FREQUENCY_LOG	DUTCH_SUBTITLE_CD	DUTCH_CD_LOG	LINE_IN_SOURCE
100	FAITHFUL	trouw	2e+03	1e+03	52.3446	3.3598	16.9517	3.1364	1305
1007	COW	koe	8e+02	5e+02	18.5459	2.9096	5.7249	2.6656	2964
1019	RIGHT	rechts	3e+03	2e+03	58.679	3.4094	18.8848	3.1833	1194
1025	WHISTLE	fluiten	2e+02	2e+02	4.6651	2.3118	2.1314	2.238	8310
1030	NECESSARY	nodig	5e+04	8e+03	1038.0197	4.657	95.7745	3.8882	130
1035	GOOD	goed	2e+05	8e+03	3488.1092	5.1834	99.5539	3.905	48
1038	TEACHER	leraar	1e+03	7e+02	29.6597	3.1133	8.6617	2.8451	2041
1040	HAIR	haar	1e+05	8e+03	2975.8683	5.1144	97.0632	3.894	55
1069	GLUE	lijmen	4e+01	4e+01	0.9833	1.6435	0.4957	1.6128	23774
1070	BUS	bus	3e+03	1e+03	64.8305	3.4527	16.3569	3.1209	1104
1088	SINK (DESCEND)	zinken	4e+02	3e+02	9.6045	2.6243	3.3209	2.4298	4872
1098	WEIGH	wegen	9e+02	7e+02	20.5811	2.9547	8.7113	2.8476	2739
1102	CLIMB	klimmen	6e+02	4e+02	13.1719	2.7612	5.4151	2.6415	3850
1111	CAR	auto	2e+04	5e+03	457.9983	4.3017	58.6369	3.6751	255
1117	LIKE	lijken	4e+03	3e+03	95.9308	3.6228	35.0682	3.4519	819
112	TURTLE	schildpad	2e+02	1e+02	4.3678	2.2833	1.3879	2.0531	8712
1120	HONEST	eerlijk	8e+03	4e+03	172.3782	3.8773	48.8724	3.596	533
1123	PREGNANT	zwanger	3e+03	1e+03	62.7724	3.4387	15.6753	3.1024	1130
1125	BALD	kaal	4e+02	3e+02	8.2324	2.5575	3.4944	2.4518	5471
1129	PAINFUL	pijnlijk	7e+02	6e+02	16.099	2.8482	7.3234	2.7723	3321
1133	MATCH	lucifer	3e+02	2e+02	6.4487	2.4518	2.4535	2.2989	6548
1135	KICK	schoppen	6e+02	5e+02	13.4463	2.7701	6.2701	2.705	3802
1136	RABBIT	konijn	8e+02	3e+02	18.866	2.917	4.2751	2.5391	2930
1147	PURE	puur	1e+03	9e+02	23.3481	3.0095	10.5452	2.9304	2496
1150	THUNDER	donder	2e+03	1e+03	38.0522	3.2214	13.7546	3.0457	1688
1156	OPEN	openen	2e+03	1e+03	36.1999	3.1998	14.6344	3.0726	1752
1157	BECAUSE	omdat	4e+04	7e+03	869.3918	4.58	91.2887	3.8673	144
119	DIVE	duiken	7e+02	4e+02	16.0533	2.847	5.4523	2.6444	3328
1190	HARE	haas	1e+02	7e+01	2.1725	1.9823	0.8426	1.8388	14137
1198	MANY	talrijk	4e+01	3e+01	0.8232	1.5682	0.4089	1.5315	26449
1200	HUSBAND	echtgenoot	2e+03	1e+03	36.177	3.1995	12.2677	2.9961	1755
1201	FEATHER	veer	2e+02	1e+02	3.4302	2.179	1.1896	1.9868	10300
1202	BIG	uitgestrekt	4e+01	4e+01	0.9605	1.6335	0.5204	1.6335	24016
1206	BARKING	blaffen	2e+02	1e+02	3.6131	2.2014	1.5985	2.1139	10001
1207	YOUNG	jong	4e+03	2e+03	91.6088	3.6028	30.6568	3.3936	858
1208	CAT	kat	2e+03	1e+03	52.8477	3.364	12.2924	2.9969	1291
1209	I	ik	2e+06	8e+03	39883.0334	6.2416	99.8017	3.9061	1
121	SPIN	spinnen	3e+02	1e+02	6.3115	2.4425	1.772	2.1584	6662
1210	HEAVY	zwaar	4e+03	3e+03	80.838	3.5485	31.0781	3.3995	938
1215	THOU	jij	2e+05	8e+03	4471.2917	5.2912	99.1945	3.9034	32
1216	MOTHER	moeder	3e+04	6e+03	652.4898	4.4554	73.0731	3.7707	187
1217	FATHER	vader	3e+04	6e+03	795.6199	4.5415	73.829	3.7752	156
1220	TAIL	staart	8e+02	6e+02	17.9513	2.8954	7.0384	2.7551	3039
1221	NOSE	neus	3e+03	2e+03	70.0444	3.4863	24.5725	3.2975	1045
1223	HEART	hart	9e+03	4e+03	196.3666	3.9339	46.2701	3.5723	482
1225	DAY (NOT NIGHT)	dag	4e+04	7e+03	848.5591	4.5695	90.8922	3.8655	148
1226	YEAR	jaar	3e+04	7e+03	762.6673	4.5231	87.2367	3.8476	162
1229	OLD	oud	8e+03	4e+03	183.2633	3.9039	50.7063	3.612	504
1230	DIRTY	smerig	1e+03	9e+02	24.3543	3.0278	10.7559	2.939	2406
1231	NEW	nieuw	5e+03	3e+03	119.8507	3.7195	41.1276	3.5211	673
1233	NIGHT	nacht	9e+03	4e+03	204.439	3.9514	51.7348	3.6208	466
1234	SMOOTH	vlot	3e+02	2e+02	6.4259	2.4502	2.689	2.3385	6561
1235	WHO	wie	8e+04	8e+03	1829.4548	4.9031	98.3271	3.8996	84
1236	WHAT	wat	5e+05	8e+03	10991.4556	5.6818	99.8885	3.9064	10
1238	WHEN	wanneer	2e+04	6e+03	458.8215	4.3024	79.4548	3.8071	254
1239	HOW	hoe	1e+05	8e+03	3216.3928	5.1481	99.5663	3.905	51
1240	NOT	niet	8e+05	8e+03	18323.9788	5.9038	99.9504	3.9067	7
1241	SOME	sommige	4e+03	3e+03	93.7355	3.6128	33.5192	3.4323	837
1242	FEW	enkele	5e+03	3e+03	114.591	3.7	34.3247	3.4426	698
1243	WIDE	wijd	3e+02	3e+02	7.4092	2.5119	3.259	2.4216	5893
1244	THICK	dik	2e+03	1e+03	42.6029	3.2704	16.1462	3.1153	1559
1246	SMALL	klein	9e+03	4e+03	195.6577	3.9323	53.5068	3.6354	483
1247	EAR	oor	1e+03	8e+02	25.0175	3.0394	9.5415	2.8871	2356
1248	EYE	oog	3e+03	2e+03	68.3979	3.476	22.5403	3.2601	1062
1252	HOUSE	huis	4e+04	7e+03	818.8995	4.554	85.9851	3.8414	154
1253	RAIN (RAINING)	regen	1e+03	8e+02	26.481	3.0641	9.6035	2.8899	2258
1255	SNOWING	sneeuwen	8e+01	7e+01	1.8066	1.9031	0.8302	1.8325	15898
1261	SING	zingen	3e+03	1e+03	65.5165	3.4573	16.2949	3.1193	1092
1262	BROTHER	broer	1e+04	3e+03	245.6241	4.0311	38.7113	3.4949	405
1263	SISTER	zus	6e+03	2e+03	131.0331	3.7582	27.6456	3.3487	633
1265	HIGH	hoog	3e+03	2e+03	63.2297	3.4419	24.2627	3.292	1126
1267	NARROW	smal	9e+01	9e+01	2.081	1.9638	1.0657	1.9395	14500
1268	YES	ja	1e+05	8e+03	3427.898	5.1758	98.6245	3.9009	50
1269	NO	nee	1e+05	8e+03	3084.8338	5.13	98.7732	3.9016	54
127	EXTINGUISH	blussen	1e+02	9e+01	2.5155	2.0453	1.1648	1.9777	12790
1270	WHY	waarom	9e+04	8e+03	2141.7159	4.9715	98.8971	3.9021	77
1272	AUNT	tante	3e+03	1e+03	62.3379	3.4357	12.8625	3.0166	1136
1273	CANDLE	kaars	3e+02	2e+02	5.8771	2.4116	2.0818	2.2279	7048
1274	SALT	zout	7e+02	4e+02	15.5044	2.8319	5.5514	2.6522	3412
1275	ANSWER	antwoorden	2e+03	1e+03	41.3223	3.2572	16.1462	3.1153	1595
1277	HAND	hand	9e+03	4e+03	199.9112	3.9417	53.0607	3.6317	472
1279	FAT (OBESE)	vet	8e+02	6e+02	18.523	2.909	7.2367	2.7672	2966
1280	FALL	vallen	8e+03	4e+03	180.9766	3.8985	52.2429	3.625	508
1285	IMPORTANT	belangrijk	7e+03	4e+03	170.0	3.8713	50.3098	3.6086	540
1286	HOT	heet	1e+04	6e+03	338.5135	4.1704	68.29	3.7413	311
1287	COLD	koud	4e+03	3e+03	95.9537	3.6229	31.6729	3.4077	817
1288	CAP	muts	2e+02	1e+02	4.4592	2.2923	1.7224	2.1461	8566
1290	ELEPHANT	olifant	5e+02	3e+02	12.0056	2.721	3.2094	2.415	4137
1292	BAD	slecht	1e+04	5e+03	267.806	4.0686	65.3532	3.7222	380
1294	ZERO	nul	8e+02	5e+02	17.6083	2.8871	6.6667	2.7316	3083
1297	LEG	been	2e+03	1e+03	53.6252	3.3703	17.1499	3.1414	1274
1298	NEWSPAPER	krant	3e+03	1e+03	58.1988	3.4059	17.72	3.1556	1202
1302	FORK	vork	2e+02	2e+02	5.191	2.3579	2.3296	2.2765	7680
1307	LANGUAGE	taal	2e+03	1e+03	36.2914	3.2009	13.8166	3.0477	1748
1309	ASK (INQUIRE)	vragen	2e+04	6e+03	440.6644	4.2849	80.062	3.8104	259
1311	VERY	zeer	7e+03	3e+03	149.8533	3.8165	39.1078	3.4993	586
1313	MOON	maan	2e+03	1e+03	42.0998	3.2653	11.9455	2.9845	1568
1320	APPLE	appel	4e+02	3e+02	10.1991	2.6503	3.9777	2.5079	4666
1321	BOTTLE	fles	2e+03	1e+03	45.7129	3.301	15.8612	3.1075	1472
1323	CLOCK	klok	1e+03	7e+02	23.897	3.0195	8.1784	2.8202	2442
1324	SLIP	glijbaan	2e+01	2e+01	0.5031	1.3617	0.2354	1.301	36073
1327	UNCLE	oom	5e+03	2e+03	108.7826	3.6774	18.9095	3.1838	731
1335	WHITE	wit	1e+03	1e+03	33.4786	3.1658	13.0112	3.0216	1862
1336	EAT	eten	2e+04	6e+03	445.924	4.2901	72.9616	3.77	258
1339	MORNING	ochtend	2e+03	1e+03	39.5386	3.238	16.6047	3.1274	1645
1342	SUMMER	zomer	2e+03	1e+03	42.9002	3.2735	12.8625	3.0166	1549
1343	SUN	zon	3e+03	2e+03	68.6723	3.4777	22.28	3.255	1058
1350	MONKEY	aap	1e+03	6e+02	28.562	3.0969	7.1871	2.7642	2104
1352	KNIFE	mes	2e+03	1e+03	46.2389	3.306	14.5973	3.0715	1463
1355	LAUGH	lachen	4e+03	2e+03	88.8875	3.5897	30.1239	3.386	880
1356	NUMBER	getal	3e+02	2e+02	6.9061	2.4814	2.4287	2.2945	6210
1357	DAUGHTER	dochter	1e+04	3e+03	219.3032	3.9819	38.7732	3.4955	441
136	HERE	hier	2e+05	8e+03	4516.6158	5.2956	99.7274	3.9057	31
1360	DUCK	eend	4e+02	2e+02	8.9871	2.5955	2.404	2.29	5144
1370	MONTH	maand	4e+03	3e+03	93.644	3.6124	32.1685	3.4145	838
1376	NOW	nu	1e+05	8e+03	3089.4531	5.1307	99.653	3.9054	53
1377	VISIT	bezoeken	1e+03	9e+02	26.2523	3.0603	10.9789	2.9479	2269
1378	SPOON	lepel	2e+02	2e+02	5.0081	2.3424	2.0818	2.2279	7912
1379	TELEPHONE	telefoon	7e+03	3e+03	156.9195	3.8365	39.6159	3.5049	570
138	BATHE	badderen	1e+01	1e+01	0.2515	1.0792	0.1239	1.0414	55083
1381	SHOE	schoen	6e+02	4e+02	13.4463	2.7701	4.4857	2.5599	3803
1382	NEEDLE (FOR SEWING)	naald	4e+02	3e+02	8.5069	2.5717	3.6307	2.4683	5345
1383	GRANDFATHER	opa	3e+03	9e+02	57.3298	3.3993	11.2392	2.9581	1211
1384	SECOND	tweede	6e+03	3e+03	129.8211	3.7542	40.6196	3.5157	638
1386	LION	leeuw	6e+02	3e+02	14.7041	2.8089	3.7299	2.48	3567
1390	WRONG	fout	7e+03	4e+03	165.2663	3.859	47.4845	3.5835	553
1394	BONE	bot	6e+02	5e+02	14.5211	2.8035	6.2949	2.7067	3595
1395	ROUND	rond	8e+03	4e+03	172.6526	3.878	53.482	3.6352	531
1396	SHARP	scherp	9e+02	7e+02	20.8327	2.96	9.1202	2.8675	2714
1398	DRY	droog	9e+02	7e+02	19.6435	2.9345	8.7856	2.8513	2840
1400	THIN (SLIM)	mager	4e+02	3e+02	8.6441	2.5786	3.9405	2.5038	5284
1401	DRINK	drinken	8e+03	4e+03	193.6682	3.9279	49.8017	3.6042	489
1403	BITE	bijten	7e+02	6e+02	15.9618	2.8445	7.0756	2.7574	3345
1404	STRAIGHT	recht	7e+03	4e+03	159.3664	3.8432	46.6914	3.5762	563
1405	NAME	naam	2e+04	6e+03	470.5985	4.3134	76.1834	3.7888	245
1406	FAR	ver	6e+03	4e+03	131.4904	3.7597	44.0273	3.5507	632
1407	BREATHE	ademen	1e+03	8e+02	24.2628	3.0261	9.653	2.8921	2414
1408	HEAR	horen	2e+04	6e+03	352.28	4.1877	76.2454	3.7892	303
1409	SEE	zien	7e+04	8e+03	1538.8038	4.828	98.5502	3.9006	93
1410	KNOW (SOMETHING)	weten	4e+04	8e+03	977.2597	4.6308	95.0682	3.885	138
1411	LIE (REST)	liegen	3e+03	2e+03	60.3255	3.4214	22.4535	3.2584	1167
1414	SQUEEZE	uitknijpen	2e+01	2e+01	0.343	1.2041	0.1859	1.2041	44468
1415	THINK (REFLECT)	nadenken	2e+03	2e+03	49.7377	3.3377	20.7311	3.2238	1371
1416	SIT	zitten	3e+04	7e+03	743.6412	4.5122	90.2974	3.8626	167
1417	KILL	vermoorden	9e+03	4e+03	194.8574	3.9305	45.4895	3.5649	484
1418	DIG	graven	1e+03	7e+02	26.138	3.0584	8.5378	2.8388	2274
1419	FEAR (BE AFRAID)	bang	2e+04	6e+03	477.2073	4.3195	79.4672	3.8071	239
1420	COUNT	tellen	1e+03	9e+02	27.35	3.0781	11.4994	2.968	2198
1422	BE ALIVE	levend	2e+03	2e+03	55.6147	3.3861	21.6233	3.242	1246
1424	YELLOW	geel	4e+02	3e+02	9.5588	2.6222	3.8042	2.4886	4889
1425	GREEN	groen	1e+03	8e+02	28.0589	3.0892	10.347	2.9222	2145
1426	EXPENSIVE	duur	2e+03	1e+03	34.5305	3.1793	15.0558	3.0849	1812
1427	BEAUTIFUL	mooi	3e+04	7e+03	616.0612	4.4304	82.6766	3.8243	195
1429	FULL	vol	9e+03	5e+03	207.206	3.9572	58.4758	3.6739	458
143	HUMID	klam	3e+01	2e+01	0.6174	1.4472	0.285	1.3802	31787
1430	STAR	ster	2e+03	1e+03	43.7692	3.2822	12.8005	3.0145	1531
1431	FREEZE	bevriezen	2e+02	2e+02	4.2534	2.2718	1.8711	2.1818	8904
1432	CUT	knippen	4e+02	3e+02	9.0786	2.5999	3.9033	2.4997	5100
1435	HUNT	jagen	1e+03	1e+03	32.724	3.1559	13.0235	3.022	1899
1439	SWIM	zwemmen	2e+03	1e+03	39.47	3.2373	12.3048	2.9974	1648
1441	FLY (MOVE THROUGH AIR)	vliegen	4e+03	2e+03	89.6879	3.5936	24.1636	3.2903	872
1442	STAND	staan	2e+04	6e+03	421.7527	4.2659	79.7274	3.8085	272
1443	WALK	lopen	1e+04	5e+03	221.5671	3.9863	58.2528	3.6723	437
1451	SMILE	glimlachen	3e+02	2e+02	5.7627	2.4031	2.5898	2.3222	7174
1452	PUSH	duwen	1e+03	7e+02	22.3648	2.9908	9.1574	2.8692	2573
1453	WASH	wassen	1e+03	1e+03	27.9674	3.0878	11.834	2.9805	2153
1455	PULL	trekken	4e+03	2e+03	82.05	3.555	30.7311	3.3946	933
1456	THROW	weggooien	3e+02	3e+02	7.6607	2.5263	3.7918	2.4871	5744
1457	SEW	naaien	8e+02	6e+02	18.0199	2.8971	7.0508	2.7559	3034
1458	SAY	zeggen	5e+04	8e+03	1085.905	4.6766	95.1425	3.8853	121
1459	IF	als	3e+05	8e+03	6343.3493	5.4431	99.8265	3.9062	26
1463	DRUNK	dronken	3e+03	2e+03	76.7675	3.5261	23.5068	3.2783	984
1464	LADDER	ladder	4e+02	3e+02	9.6731	2.6274	3.3829	2.4378	4855
1466	EXACT	stipt	1e+02	1e+02	2.95	2.1139	1.3879	2.0531	11404
1468	LOOK FOR	zoeken	1e+04	5e+03	273.2257	4.0773	67.4597	3.736	373
1469	WEEK	week	1e+04	5e+03	235.608	4.013	56.4064	3.6583	419
1471	WINTER	winter	1e+03	6e+02	22.3648	2.9908	7.658	2.7917	2571
1472	KEY	sleutel	4e+03	2e+03	80.7008	3.5478	21.9579	3.2487	941
1474	SEA	zee	3e+03	1e+03	67.8033	3.4722	17.0384	3.1386	1068
1475	COMB	kam	2e+02	2e+02	5.2825	2.3655	1.8711	2.1818	7599
1476	CHAIR	stoel	2e+03	1e+03	51.2012	3.3502	18.1165	3.1652	1334
1483	NINE	negen	3e+03	2e+03	64.2817	3.449	22.3172	3.2558	1110
1485	BELOW OR UNDER	lager	6e+02	5e+02	13.5607	2.7738	5.9603	2.683	3768
1487	POUR	gieten	8e+01	8e+01	1.9438	1.9345	0.9665	1.8976	15171
1489	CLOUD	wolk	2e+02	2e+02	5.4426	2.3784	2.2553	2.2625	7431
1491	MOUSE	muis	5e+02	3e+02	11.1367	2.6884	3.1722	2.4099	4378
1493	ONE	een	8e+05	8e+03	17972.179	5.8954	99.9876	3.9069	8
1494	DIE	doodgaan	9e+02	8e+02	21.4272	2.9722	9.5415	2.8871	2666
1495	HAPPY	graag	3e+04	7e+03	583.726	4.407	85.4647	3.8387	203
1496	GRANDMOTHER	oma	3e+03	1e+03	72.8571	3.5034	14.1636	3.0584	1020
1498	TWO	twee	4e+04	8e+03	1007.5139	4.644	93.2838	3.8767	134
1500	FOUR	vier	1e+04	5e+03	242.0796	4.0248	57.4349	3.6661	411
1501	BORE	boren	2e+02	1e+02	5.374	2.3729	1.6605	2.1303	7522
1502	GOAT	geit	4e+02	2e+02	8.0724	2.549	2.7757	2.3522	5553
1504	FLY (INSECT)	vlieg	1e+03	9e+02	29.0651	3.1045	10.8674	2.9435	2070
1506	MEASURE	opmeten	3e+01	3e+01	0.7318	1.5185	0.3594	1.4771	28571
1507	FRUIT	fruit	6e+02	4e+02	12.9432	2.7536	5.1921	2.6232	3908
1514	HEN	kip	2e+03	9e+02	37.8921	3.2196	11.1648	2.9552	1695
1515	TEN	tien	9e+03	4e+03	207.0002	3.9568	51.3259	3.6173	461
1518	STUPID	stom	5e+03	3e+03	103.9117	3.6575	34.3494	3.4429	762
1519	RUN	hardlopen	1e+02	7e+01	2.5155	2.0453	0.8302	1.8325	12768
1522	SOCK	sok	1e+02	1e+02	3.11	2.1367	1.1896	1.9868	11007
153	GREY	grauw	2e+01	2e+01	0.5031	1.3617	0.2726	1.3617	36066
1533	BE HUNGRY	hongeren	2e+01	2e+01	0.5717	1.415	0.2726	1.3617	33315
1536	UNDERSTAND	begrijpen	5e+03	3e+03	111.6868	3.6889	38.2528	3.4897	716
1537	SPRINGTIME	lente	7e+02	4e+02	16.3048	2.8537	5.5019	2.6484	3286
1539	BASKET	mand	2e+02	1e+02	4.2992	2.2765	1.71	2.143	8828
1543	SNAIL	slak	1e+02	8e+01	2.3783	2.0212	0.9418	1.8865	13258
1548	UGLY	lelijk	1e+03	9e+02	29.2252	3.1069	11.3259	2.9614	2063
1552	GLOOMY	somber	3e+02	3e+02	6.8832	2.48	3.2962	2.4265	6215
1554	MAN	man	6e+04	8e+03	1403.8146	4.7881	93.3457	3.877	101
1558	SIMILAR	vergelijkbaar	6e+01	6e+01	1.4635	1.8129	0.7807	1.8062	18323
156	RED	ros	1e+02	5e+01	2.2868	2.0043	0.6072	1.699	13623
1564	LAZY	lui	2e+03	1e+03	47.6796	3.3193	16.741	3.131	1425
1566	GUN	pistool	4e+03	2e+03	102.6311	3.6521	21.1772	3.233	775
1567	DOOR	deur	1e+04	5e+03	247.4764	4.0343	57.2243	3.6645	401
1569	CHEESE	kaas	1e+03	7e+02	22.845	3.0	8.1289	2.8176	2533
1570	EQUAL	gelijk	1e+04	6e+03	329.9152	4.1592	73.1351	3.7711	320
1571	SELL	verkopen	4e+03	2e+03	90.5569	3.5978	27.7943	3.351	863
1572	SURPRISED	verrast	9e+02	8e+02	21.473	2.9731	9.8017	2.8987	2660
1574	FLOAT	drijven	6e+02	4e+02	12.6917	2.7451	5.4771	2.6464	3966
1579	BE	bestaand	2e+01	2e+01	0.526	1.3802	0.2726	1.3617	35318
1580	ONLY	enig	2e+03	2e+03	51.7501	3.3549	21.6605	3.2428	1322
1585	SLEEP	slapen	9e+03	4e+03	209.2184	3.9614	51.8587	3.6218	455
1586	SMELL (PERCEIVE)	ruiken	1e+03	9e+02	25.612	3.0496	11.2144	2.9571	2306
1593	DEEP	diep	3e+03	2e+03	68.3979	3.476	26.3073	3.3272	1063
1597	AIRPLANE	vliegtuig	4e+03	2e+03	89.9166	3.5947	19.3309	3.1934	870
1601	WEAK	zwak	2e+03	1e+03	35.3995	3.1901	14.7831	3.077	1779
1602	WAKE UP	opstaan	2e+03	1e+03	41.6424	3.2605	16.1958	3.1166	1586
1607	HATE	haten	1e+03	9e+02	26.1151	3.058	10.8055	2.941	2275
1608	LISTEN	luisteren	4e+03	3e+03	99.4068	3.6383	36.3321	3.4673	796
1609	IDEA	idee	2e+04	7e+03	482.9929	4.3247	82.0322	3.8209	237
1613	COLOR	kleur	2e+03	1e+03	39.6758	3.2395	15.3036	3.092	1639
1620	SON	zoon	2e+04	4e+03	348.1866	4.1826	48.9467	3.5967	306
1622	SHIRT	overhemd	3e+02	2e+02	6.746	2.4713	2.8377	2.3617	6308
1623	SPEAK	praten	3e+04	7e+03	642.2678	4.4485	85.4647	3.8387	191
1624	EMPTY	leeg	3e+03	2e+03	61.7433	3.4315	24.6097	3.2982	1147
1625	DEAD	dood	4e+04	7e+03	992.1467	4.6374	88.6493	3.8546	136
1627	CHAIN	ketting	8e+02	5e+02	19.1404	2.9232	6.0967	2.6928	2892
1628	SQUIRREL	eekhoorn	3e+02	1e+02	6.06	2.4249	1.7472	2.1523	6884
1629	EVENING	avond	8e+03	4e+03	180.6107	3.8976	45.2416	3.5625	509
163	BLACK	zwart	3e+03	2e+03	57.307	3.3992	19.6778	3.2011	1212
1631	FAST	snel	2e+04	7e+03	463.6009	4.3069	80.6568	3.8136	251
1633	FLAT	plat	8e+02	7e+02	18.9804	2.9196	8.3643	2.8299	2912
1634	HUNDRED	honderd	2e+03	1e+03	47.954	3.3218	18.2776	3.1691	1414
164	KANGAROO	kangoeroe	7e+01	3e+01	1.555	1.8388	0.3965	1.5185	17653
1645	SHORT	kort	2e+03	2e+03	47.5195	3.3179	20.7807	3.2248	1429
1646	GIRL	meisje	2e+04	5e+03	382.74	4.2237	62.0446	3.6997	287
1650	WATCH	horloge	1e+03	7e+02	28.1733	3.091	8.8724	2.8555	2132
1653	BLIND	blind	2e+03	1e+03	35.6053	3.1926	12.4287	3.0017	1772
1654	LIGHTNING	bliksem	5e+02	3e+02	10.6336	2.6684	4.052	2.5159	4540
1657	TRUE	waar	1e+05	8e+03	3198.6702	5.1457	99.7026	3.9056	52
1659	DOLL	pop	1e+03	5e+02	23.897	3.0195	5.7621	2.6684	2439
1663	BED	bed	1e+04	4e+03	239.93	4.0209	53.3953	3.6345	413
1672	WRITE	schrijven	4e+03	2e+03	96.6169	3.6259	26.6295	3.3324	813
1674	POOR	arm	3e+03	2e+03	79.2601	3.54	26.9269	3.3373	956
1689	SMOKE (INHALE)	roken	2e+03	1e+03	43.8835	3.2833	15.3779	3.0941	1527
1702	HOLY	heilig	5e+02	4e+02	12.2115	2.7284	5.2045	2.6243	4089
1703	SIX	zes	9e+03	4e+03	199.8426	3.9415	51.5737	3.6194	473
1704	SEVEN	zeven	5e+03	3e+03	103.523	3.6559	31.5489	3.406	765
1705	EIGHT	acht	5e+03	3e+03	111.0694	3.6865	33.891	3.4371	721
1706	ELEVEN	elf	1e+03	8e+02	27.8302	3.0856	10.1363	2.9133	2169
1707	TWELVE	twaalf	2e+03	1e+03	46.4904	3.3084	17.2986	3.1452	1456
1708	THIRTEEN	dertien	6e+02	4e+02	13.1948	2.7619	4.9814	2.6053	3847
1709	FIFTEEN	vijftien	1e+03	9e+02	28.9965	3.1035	11.3631	2.9628	2074
1710	TWENTY	twintig	2e+03	2e+03	56.438	3.3925	19.7274	3.2022	1232
1713	EIGHTEEN	achttien	5e+02	4e+02	10.725	2.6721	4.4238	2.5539	4517
1714	NINETEEN	negentien	2e+02	2e+02	5.3968	2.3747	2.3668	2.2833	7489
1715	THIRTY	dertig	1e+03	1e+03	32.4495	3.1523	12.2677	2.9961	1910
1716	FORTY	veertig	8e+02	6e+02	17.7912	2.8915	6.9888	2.752	3059
1717	FIFTY	vijftig	1e+03	8e+02	26.8698	3.0704	9.8265	2.8998	2234
1718	SIXTY	zestig	4e+02	3e+02	9.0328	2.5977	4.1016	2.5211	5117
1720	SIGN	gebaren	9e+01	8e+01	2.1267	1.9731	0.9418	1.8865	14357
1721	SEVENTY	zeventig	2e+02	1e+02	3.5903	2.1987	1.7348	2.1492	10009
1722	EIGHTY	tachtig	2e+02	2e+02	5.3511	2.3711	2.119	2.2355	7526
1724	NINETY	negentig	1e+02	1e+02	3.293	2.1614	1.5366	2.0969	10607
1725	CORRECT (RIGHT)	juist	1e+04	5e+03	236.7742	4.0152	56.3569	3.6579	418
1726	WET	nat	1e+03	9e+02	30.5744	3.1265	11.2144	2.9571	1987
1728	ROTTEN	rot	4e+03	2e+03	87.1496	3.5812	26.518	3.3306	890
1733	RAINBOW	regenboog	2e+02	1e+02	4.505	2.2967	1.3507	2.0414	8516
1734	TWENTY ONE	eenentwintig	7e+01	6e+01	1.555	1.8388	0.7311	1.7782	17677
1735	TEAR (SHRED)	scheuren	3e+02	3e+02	6.6088	2.4624	3.2218	2.4166	6415
174	PROUD	trots	5e+03	3e+03	111.4581	3.688	35.9108	3.4622	718
1750	CHOOSE	kiezen	3e+03	2e+03	59.6166	3.4163	22.974	3.2683	1179
1757	TIRED	moe	4e+03	2e+03	89.9394	3.5948	30.5204	3.3916	869
176	BLOW (WITH MOUTH)	blazen	8e+02	6e+02	17.654	2.8882	7.6828	2.7931	3079
1771	TASTELESS	smaakloos	4e+00	4e+00	0.0915	0.699	0.0496	0.699	88106
1775	TABLE	bureau	3e+03	2e+03	66.9343	3.4666	21.2144	3.2338	1077
178	RIPE	rijp	4e+02	3e+02	8.0952	2.5502	3.7918	2.4871	5527
1784	WANT	willen	3e+04	7e+03	754.2748	4.5183	91.8216	3.8699	165
1788	TELEVISION	televisie	1e+03	6e+02	22.5706	2.9948	7.5589	2.786	2555
1791	BUTTERFLY	vlinder	3e+02	2e+02	6.1286	2.4298	1.8959	2.1875	6808
1807	AFTERNOON	middag	1e+03	8e+02	22.6392	2.9961	9.6406	2.8915	2550
1813	TASTY	smakelijk	4e+02	3e+02	9.0557	2.5988	4.2999	2.5416	5109
1814	ACCUSE	beschuldigen	4e+02	4e+02	9.4673	2.618	4.4981	2.5611	4934
1819	LOOK	kijken	2e+04	7e+03	495.2272	4.3356	83.5192	3.8287	234
1820	BEAR	beer	1e+03	4e+02	25.452	3.0469	5.0062	2.6075	2321
1821	BRUSH	borstel	9e+01	8e+01	2.1038	1.9685	0.9418	1.8865	14467
1824	DEXTEROUS	handig	6e+02	5e+02	13.8122	2.7818	6.7782	2.7388	3721
1826	ANGRY	boos	5e+03	3e+03	105.7869	3.6653	32.404	3.4176	745
1829	JUMP	springen	2e+03	1e+03	46.8563	3.3118	16.5428	3.1258	1442
1831	MEET	ontmoeten	6e+03	3e+03	127.9688	3.748	37.5836	3.482	648
1839	CRY	huilen	2e+03	2e+03	54.5171	3.3775	19.1822	3.1901	1256
1840	BUILD	metselen	9e+00	9e+00	0.2058	1.0	0.1115	1.0	60079
1843	THOUSAND	duizend	2e+03	1e+03	40.3618	3.247	14.3371	3.0637	1615
1845	BALL	bal	4e+03	1e+03	80.6322	3.5474	16.3569	3.1209	942
1847	SICK	ziek	6e+03	3e+03	129.2036	3.7521	36.2454	3.4663	639
1849	ROW	roeien	3e+02	2e+02	7.6379	2.525	2.6518	2.3324	5763
1856	SOFT	zacht	1e+03	8e+02	22.845	3.0	10.0867	2.9112	2531
1857	CROCODILE	krokodil	2e+02	9e+01	4.8709	2.3304	1.0781	1.9445	8079
1861	ACTIVE	actief	4e+02	4e+02	9.7189	2.6294	4.4734	2.5587	4841
1864	HUNGER	honger	4e+03	2e+03	92.4549	3.6068	30.7683	3.3952	851
1868	VISIBLE	zichtbaar	3e+02	2e+02	6.3344	2.444	2.9988	2.3856	6636
1869	BUY	kopen	6e+03	3e+03	130.6443	3.7569	38.4882	3.4923	635
1879	DANCE	dansen	4e+03	2e+03	102.9055	3.6533	23.9529	3.2865	772
1881	ENOUGH	genoeg	3e+04	7e+03	601.6773	4.4202	89.145	3.857	197
1884	HARD	hard	7e+03	4e+03	159.4579	3.8435	48.8104	3.5955	562
1887	CHEAP	goedkoop	7e+02	6e+02	16.1219	2.8488	7.3978	2.7767	3319
1894	ASHAMED	schamen	7e+02	6e+02	15.9618	2.8445	7.5093	2.7832	3342
1895	CLOTHES	kleren	5e+03	3e+03	104.8493	3.6614	32.8748	3.4239	752
1899	MAD	gek	2e+04	7e+03	542.7238	4.3754	80.6072	3.8133	218
1904	DROWN	verdrinken	4e+02	3e+02	9.6045	2.6243	4.1388	2.525	4873
1906	SOUR	zuur	4e+02	3e+02	10.1762	2.6493	4.2379	2.5353	4667
1908	ATTENTIVE	aandachtig	1e+02	1e+02	2.3325	2.0128	1.2268	2.0	13510
1917	TIE	vastmaken	9e+01	8e+01	2.081	1.9638	1.0285	1.9243	14492
1920	DREAM (SOMETHING)	dromen	3e+03	2e+03	77.8423	3.5321	22.6518	3.2622	969
1921	PLOUGH	ploegen	1e+02	9e+01	2.3783	2.0212	1.0657	1.9395	13268
1923	ROUGH	ruw	3e+02	3e+02	7.9809	2.5441	3.8414	2.4928	5588
193	SHALLOW	ondiep	5e+01	5e+01	1.2349	1.7404	0.57	1.6721	20498
194	FAMILY	familie	1e+04	5e+03	304.1202	4.1239	58.1165	3.6713	347
1942	NEAR	dichtbij	2e+03	2e+03	49.5547	3.3361	19.8017	3.2038	1377
1948	SAW	zagen	2e+03	2e+03	52.6648	3.3625	21.4746	3.239	1295
1954	GENTLE	teder	1e+02	1e+02	2.767	2.0864	1.3755	2.0492	11923
1959	RAW	rauw	2e+02	2e+02	4.6651	2.3118	2.1561	2.243	8301
1962	ROAST (SOMETHING)	braden	7e+01	5e+01	1.5093	1.8261	0.5948	1.6902	18091
1993	SELF	zelf	2e+04	7e+03	437.4629	4.2817	81.7348	3.8193	261
200	SAME	zelfde	1e+03	7e+02	22.9594	3.0022	9.0458	2.8639	2520
2001	PAINTING	tekenen	2e+03	1e+03	47.6796	3.3193	17.6084	3.1529	1424
2009	DOG	hond	7e+03	2e+03	168.6508	3.8678	28.8724	3.3675	543
2017	MIX	mixen	6e+01	6e+01	1.4635	1.8129	0.7311	1.7782	18394
203	MARRY	trouwen	7e+03	2e+03	150.265	3.8177	27.6704	3.3491	583
2030	DRAG	slepen	4e+02	4e+02	8.9413	2.5933	4.399	2.5514	5160
2058	STOOL	kruk	1e+02	8e+01	2.5612	2.0531	1.0409	1.9294	12608
2070	COMB (VERB)	kammen	1e+02	1e+02	2.6298	2.0645	1.2392	2.0043	12375
2077	DILIGENT	ijverig	6e+01	6e+01	1.3035	1.7634	0.6815	1.7482	19852
209	RARE	zeldzaam	4e+02	4e+02	10.0161	2.6425	4.7955	2.5888	4713
2090	MY	mijn	2e+05	8e+03	4412.0181	5.2854	98.166	3.8989	35
2099	CHILD	kind	1e+04	5e+03	333.2996	4.1636	57.4597	3.6663	316
2108	RAINING OR RAIN	regenen	3e+02	3e+02	7.9352	2.5416	3.4449	2.4456	5613
2112	OLD (AGED)	bejaard	2e+01	2e+01	0.5488	1.3979	0.2602	1.3424	34397
2113	OLD (USED)	tweedehands	2e+02	1e+02	3.6131	2.2014	1.6853	2.1367	9977
2148	PICK	plukken	3e+02	2e+02	6.4945	2.4548	2.7881	2.3541	6507
2151	COARSE	grof	5e+02	4e+02	11.8913	2.7168	5.4895	2.6474	4167
2157	FINE OR THIN	ijl	2e+01	2e+01	0.4574	1.3222	0.2354	1.301	38181
220	INTACT	heel	5e+04	7e+03	1038.7743	4.6573	92.3792	3.8725	129
221	FIRE	vuur	4e+03	2e+03	100.573	3.6434	26.6171	3.3322	790
2235	CLEAN (SOMETHING)	lappen	2e+02	1e+02	3.8647	2.2304	1.7844	2.1614	9498
2246	BELL	bel	1e+04	5e+03	311.6666	4.1345	59.3556	3.6804	341
2253	DRIP (EMIT LIQUID)	druppelen	3e+01	2e+01	0.6632	1.4771	0.3098	1.415	30596
227	FISH	vis	2e+03	1e+03	50.0807	3.3406	13.5688	3.0398	1363
2277	WHOLE	totaal	2e+03	2e+03	48.6629	3.3282	19.4919	3.197	1393
228	CARVE	uitsnijden	4e+01	3e+01	0.8461	1.5798	0.347	1.4624	25986
2292	GLASSES	bril	1e+03	7e+02	24.4915	3.0302	8.4511	2.8344	2396
230	SWEEP	vegen	3e+02	2e+02	6.0371	2.4232	2.912	2.3729	6894
2303	SPHERICAL (ROUND IN THREE DIMENSIONS)	bol	4e+02	3e+02	9.8103	2.6335	3.3829	2.4378	4801
2308	THIN	dun	4e+02	3e+02	9.1014	2.601	4.0149	2.5119	5096
231	SHAVE	scheren	4e+02	4e+02	10.2448	2.6522	4.399	2.5514	4651
2316	FREE	vrij	1e+04	5e+03	232.9096	4.008	58.7732	3.6761	424
2329	LACK (NOT HAVE)	barsten	3e+02	3e+02	6.4945	2.4548	3.1475	2.4065	6516
2334	MELT	smelten	3e+02	2e+02	5.7856	2.4048	2.4411	2.2967	7144
2340	SUNNY	zonnig	1e+02	1e+02	2.9728	2.1173	1.4498	2.0719	11338
2366	ONION	ui	1e+02	8e+01	2.3325	2.0128	1.0409	1.9294	13424
239	FLOWER	bloem	6e+02	4e+02	13.4921	2.7716	4.5849	2.5694	3788
2396	KNOCK	kloppen	1e+03	9e+02	23.3939	3.0103	10.8426	2.9425	2494
2409	BROWN	bruin	6e+02	5e+02	13.675	2.7774	5.9108	2.6794	3750
2410	GOOD-LOOKING	fraai	3e+02	2e+02	6.403	2.4487	2.9616	2.3802	6597
2427	FUTURE	toekomst	5e+03	2e+03	103.4544	3.6556	30.1611	3.3865	767
243	FRESH	vers	8e+02	7e+02	17.8598	2.8932	8.1165	2.8169	3050
244	LEFT	links	3e+03	2e+03	68.558	3.477	21.1772	3.233	1060
2440	PINEAPPLE	ananas	1e+02	7e+01	2.5155	2.0453	0.8426	1.8388	12798
2449	FAT (OF MEAT AND FOOD)	vettig	4e+01	4e+01	0.8918	1.6021	0.4461	1.5682	25108
245	BROOM	bezem	2e+02	1e+02	3.7961	2.2227	1.4746	2.0792	9654
2451	FOURTEEN	veertien	6e+02	4e+02	13.8351	2.7825	5.5514	2.6522	3709
2452	PURPLE	sierlijk	3e+01	3e+01	0.7318	1.5185	0.3965	1.5185	28490
2453	SEVENTEEN	zeventien	4e+02	3e+02	9.1014	2.601	3.7051	2.4771	5089
2454	SIXTEEN	zestien	6e+02	5e+02	13.4692	2.7709	5.6382	2.659	3789
2458	PERSPIRE OR SWEAT	zweten	2e+02	2e+02	5.6026	2.3909	2.7385	2.3464	7284
2470	DEAR	lief	5e+03	3e+03	113.9507	3.6976	35.0682	3.4519	703
2483	COLD (OF WEATHER)	koel	4e+02	3e+02	8.7584	2.5843	4.1264	2.5237	5230
249	FOG	mist	2e+03	1e+03	45.5986	3.2999	17.7819	3.1572	1476
2493	BOIL	koken	1e+03	1e+03	33.7988	3.17	12.3792	3.0	1845
2504	DIFFERENT	verschillend	3e+02	3e+02	7.798	2.534	3.767	2.4843	5673
2506	LOOSE	los	8e+03	4e+03	184.7955	3.9075	50.917	3.6138	502
2507	DISGUSTING	walgelijk	1e+03	8e+02	24.9717	3.0386	10.4213	2.9253	2361
251	SHARPEN (SOMETHING)	slijpen	4e+01	4e+01	1.0062	1.6532	0.4337	1.5563	23331
2530	SMART	slim	5e+03	3e+03	111.5496	3.6883	36.3817	3.4679	717
2531	BROAD	breed	3e+02	2e+02	6.2201	2.4362	2.7138	2.3424	6754
2548	BARREL	ton	6e+02	4e+02	13.7207	2.7789	4.8451	2.5933	3740
256	FOOD	pizza	1e+03	6e+02	24.3772	3.0282	7.2986	2.7709	2401
2578	PENCIL	potlood	2e+02	2e+02	5.4426	2.3784	2.1685	2.2455	7437
2579	TOOTHBRUSH	tandenborstel	2e+02	1e+02	4.162	2.2625	1.7472	2.1523	9023
258	CALM	kalm	3e+03	2e+03	69.4269	3.4824	23.1227	3.2711	1049
2580	HELICOPTER	helicopter	8e+01	5e+01	1.7837	1.8976	0.5824	1.6812	16101
26	UNPLEASANT	onaangenaam	2e+02	2e+02	3.9333	2.238	1.9703	2.2041	9375
2623	FLAG	vlag	8e+02	4e+02	17.7912	2.8915	5.5514	2.6522	3058
2627	ORANGE (FRUIT)	sinaasappel	8e+01	6e+01	1.7608	1.8921	0.7559	1.7924	16190
2638	FISHING	vissen	2e+03	1e+03	40.2704	3.246	12.4535	3.0026	1616
2717	STEEP	steil	8e+01	7e+01	1.7608	1.8921	0.8302	1.8325	16185
275	PEEL	schillen	8e+01	7e+01	1.8523	1.9138	0.917	1.8751	15619
2755	BUSY	bezig	9e+03	4e+03	196.4124	3.934	55.4771	3.6511	481
2758	CAREFUL	voorzichtig	6e+03	4e+03	146.9949	3.8081	46.6419	3.5758	591
2766	WATERMELON	watermeloen	8e+01	5e+01	1.7151	1.8808	0.6196	1.7076	16436
2783	SCALES (MEASURE INSTRUMENT)	weegschaal	8e+01	7e+01	1.8294	1.9085	0.8178	1.8261	15732
2805	BIRTH (ACCOUCHEMENT)	geboren	4e+03	2e+03	85.4573	3.5726	28.9839	3.3692	900
2821	JEALOUS	jaloers	2e+03	1e+03	42.9002	3.2735	15.7249	3.1038	1551
2871	SWING (MOVEMENT)	schommelen	4e+01	4e+01	0.8461	1.5798	0.4461	1.5682	26035
2875	RING (MAKE SOUND)	aanbellen	4e+01	4e+01	0.8918	1.6021	0.4585	1.5798	25485
2902	BRAWL (FIGHT)	vechten	6e+03	2e+03	126.368	3.7425	30.632	3.3932	651
2905	KNIT	breien	9e+01	7e+01	1.9666	1.9395	0.8922	1.8633	15081
2924	A LITTLE	gering	4e+01	4e+01	0.9605	1.6335	0.5081	1.6232	24203
2940	GATE	hek	1e+03	6e+02	22.7764	2.9987	7.6208	2.7896	2538
297	CROOKED	krom	1e+02	9e+01	2.8356	2.0969	1.1648	1.9777	11744
2997	COLORFUL	bont	2e+02	2e+02	4.2992	2.2765	2.0198	2.2148	8834
2998	DAMP	vochtig	1e+02	1e+02	3.2472	2.1553	1.6357	2.1239	10700
3	BRAVE	dapper	9e+02	7e+02	21.5416	2.9745	8.7113	2.8476	2653
3002	PRECIOUS	kostelijk	5e+01	4e+01	1.0519	1.6721	0.5452	1.6532	22806
3004	FORMER	voormalig	2e+02	2e+02	5.534	2.3856	2.5651	2.3181	7359
3005	FAMILIAR	vertrouwd	3e+02	3e+02	7.8208	2.5353	3.8166	2.49	5659
3053	TIGHT	spannend	9e+02	8e+02	20.7641	2.9586	9.368	2.8791	2722
3075	SLANTED	schuin	4e+01	4e+01	0.9833	1.6435	0.4957	1.6128	23692
3078	IRRIGATE	begieten	3e+00	2e+00	0.0686	0.6021	0.0248	0.4771	109277
3083	BALLOON	ballon	2e+02	1e+02	5.2825	2.3655	1.7224	2.1461	7610
3084	BLACKBOARD	schoolbord	3e+01	3e+01	0.7546	1.5315	0.3222	1.4314	27963
3085	CARROT	wortel	3e+02	2e+02	6.1057	2.4281	2.3296	2.2765	6827
3086	COMPUTER	computer	2e+03	1e+03	47.8854	3.3212	13.2218	3.0286	1417
3087	PACIFIER	speen	2e+01	1e+01	0.3659	1.2304	0.1239	1.0414	43036
3088	ENVELOPE	envelop	3e+02	2e+02	6.2658	2.4393	2.3792	2.2856	6714
3089	GIRAFFE	giraf	3e+01	2e+01	0.7089	1.5051	0.3098	1.415	29295
3090	GUITAR	gitaar	5e+02	2e+02	11.4568	2.7007	2.9492	2.3784	4300
3091	LEMON	citroen	2e+02	2e+02	5.2139	2.3598	2.1809	2.248	7676
3092	LIGHTER	aansteker	3e+02	2e+02	5.7627	2.4031	2.3544	2.281	7181
3093	LIPSTICK	lippenstift	3e+02	2e+02	6.4716	2.4533	2.689	2.3385	6524
3094	PAINTBRUSH	kwast	8e+01	6e+01	1.7151	1.8808	0.8055	1.8195	16523
3095	POSTMAN	postbode	3e+02	2e+02	6.2887	2.4409	2.0942	2.2304	6687
3096	RACKET	tennisracket	9e+00	9e+00	0.2058	1.0	0.1115	1.0	59005
3097	SEWING MACHINE	naaimachine	2e+01	2e+01	0.3888	1.2553	0.1983	1.2304	41874
3098	SNOWMAN	sneeuwpop	5e+01	2e+01	1.0748	1.6812	0.2974	1.3979	22418
3099	SOFA	bank	4e+03	2e+03	91.9061	3.6042	21.995	3.2494	856
31	PAN	koekenpan	3e+01	2e+01	0.6174	1.4472	0.2726	1.3617	31777
3100	SUNGLASSES	zonnebril	2e+02	2e+02	4.8937	2.3324	2.0694	2.2253	8043
3101	SWING	schommel	7e+01	5e+01	1.5779	1.8451	0.5948	1.6902	17452
3102	TANK	tank	8e+02	4e+02	19.2548	2.9258	5.5143	2.6493	2873
3103	TENNIS BALL	tennisbal	2e+01	2e+01	0.3888	1.2553	0.1983	1.2304	41460
3104	THERMOMETER	thermometer	6e+01	5e+01	1.3035	1.7634	0.5948	1.6902	19758
3105	UMBRELLA	paraplu	2e+02	1e+02	3.4302	2.179	1.4374	2.0682	10311
3106	WARDROBE	kast	1e+03	1e+03	30.0484	3.1189	11.8216	2.98	2020
3107	WHISTLE (INSTRUMENT)	fluitje	2e+02	1e+02	3.7503	2.2175	1.7348	2.1492	9734
3108	BOX (SOMEBODY OR SOMETHING)	boksen	5e+02	2e+02	11.5254	2.7033	2.057	2.2227	4290
3110	CLAP	klappen	6e+02	4e+02	12.7832	2.7482	5.4399	2.6435	3942
3111	CONDUCT	dirigeren	2e+01	2e+01	0.4116	1.2788	0.1859	1.2041	40900
3112	ERUPT	uitbarsten	4e+01	3e+01	1.0291	1.6628	0.4089	1.5315	22985
3113	FILE (SOMETHING)	vijlen	5e+00	5e+00	0.1143	0.7782	0.062	0.7782	78370
3114	GRATE (SOMETHING)	raspen	3e+00	3e+00	0.0686	0.6021	0.0372	0.6021	100765
3117	HITCHHIKE	liften	3e+02	2e+02	6.746	2.4713	2.912	2.3729	6311
3118	IRON (CLOTHES)	strijken	2e+02	2e+02	4.5964	2.3054	2.1066	2.233	8385
3119	MASSAGE (SOMEBODY)	masseren	1e+02	1e+02	3.1786	2.1461	1.3631	2.0453	10864
3120	MOP (SOMETHING)	dweilen	5e+01	5e+01	1.1891	1.7243	0.57	1.6721	21088
3121	OPERATE (MEDICINE)	opereren	4e+02	3e+02	8.3925	2.5658	3.5936	2.4639	5398
3122	PAINT (SOMETHING)	verven	2e+02	2e+02	4.4364	2.29	1.8711	2.1818	8591
3123	PHOTOGRAPH (SOMETHING)	fotograferen	2e+02	2e+02	4.7108	2.316	1.9455	2.1987	8263
3124	PLAY (INSTRUMENT)	spelen	1e+04	4e+03	247.7737	4.0349	52.8996	3.6304	400
3125	PLAY (GAME)	golfen	2e+02	1e+02	5.374	2.3729	1.7844	2.1614	7512
3126	POST (SOMETHING)	posten	2e+02	2e+02	4.2992	2.2765	1.9579	2.2014	8822
3127	RAKE (SOMETHING)	harken	3e+01	3e+01	0.7318	1.5185	0.3346	1.4472	28728
3128	SHOWER (ACTION)	douchen	7e+02	5e+02	15.9389	2.8439	6.5428	2.7235	3351
3129	SKATE	rolschaatsen	6e+01	5e+01	1.2806	1.7559	0.6072	1.699	20007
3130	SPILL (SOMETHING)	morsen	6e+01	6e+01	1.3263	1.7709	0.6815	1.7482	19599
3131	SUNBATHE	zonnen	1e+02	8e+01	2.5841	2.0569	1.0285	1.9243	12494
3132	SURF	surfen	2e+02	1e+02	5.0995	2.3502	1.3383	2.0374	7786
3133	TALK (PHONE)	bellen	1e+04	4e+03	228.7705	4.0002	52.1437	3.6242	430
3134	TYPE (ON SOMETHING)	typen	1e+02	1e+02	2.9728	2.1173	1.3259	2.0334	11350
3135	VACUUM (SOMETHING)	stofzuigen	4e+01	4e+01	0.9833	1.6435	0.4461	1.5682	23675
3138	STRAWBERRY	aardbei	7e+01	4e+01	1.555	1.8388	0.5452	1.6532	17708
319	LICK	likken	3e+02	3e+02	7.5007	2.5172	3.3953	2.4393	5851
3230	DECEIVE	bedriegen	4e+02	4e+02	9.8332	2.6345	4.5353	2.5647	4790
3231	DEITY	god	2e+04	5e+03	561.3383	4.39	66.9517	3.7327	211
3235	OPEN (STATE)	open	1e+04	6e+03	337.6445	4.1693	69.715	3.7503	313
3306	NAIL	slaan	4e+03	3e+03	94.513	3.6164	31.9703	3.4118	833
3328	ORANGE (COLOR)	oranje	4e+02	3e+02	9.6045	2.6243	3.4572	2.4472	4877
34	STAIRS	trap	2e+03	2e+03	52.276	3.3593	19.5043	3.1973	1309
3405	RULER	liniaal	2e+01	2e+01	0.5488	1.3979	0.2354	1.301	34075
3446	PINK	roze	8e+02	5e+02	19.0947	2.9222	6.7534	2.7372	2899
3473	LONG (FOR SOMETHING)	verlangen	7e+02	5e+02	15.6645	2.8363	6.518	2.7218	3383
3474	BE THIRSTY	dorsten	1e+01	9e+00	0.2973	1.1461	0.1115	1.0	49656
3475	SUFFICE	genoegen	2e+03	1e+03	41.6653	3.2608	16.9021	3.1351	1584
3534	BEG	bedelen	1e+02	1e+02	2.9271	2.1106	1.3755	2.0492	11517
3545	WATERY	waterig	1e+01	1e+01	0.3202	1.1761	0.1611	1.1461	46099
356	SHEARS	schaar	3e+02	2e+02	6.3573	2.4456	2.342	2.2788	6625
3604	LIGHT BLUE	lichtblauw	1e+01	1e+01	0.2515	1.0792	0.1363	1.0792	53991
3620	SLEEPY	slaperig	1e+02	1e+02	2.9728	2.1173	1.4374	2.0682	11354
3625	HEADACHE	hoofdpijn	8e+02	6e+02	17.5397	2.8854	7.0136	2.7536	3095
363	DWELL (LIVE, RESIDE)	wonen	5e+03	3e+03	107.6163	3.6727	33.8662	3.4368	739
3634	STUBBORN	koppig	5e+02	4e+02	10.7479	2.673	4.8699	2.5955	4510
367	RIDE	paardrijden	2e+02	1e+02	3.5674	2.1959	1.5489	2.1004	10060
3675	ZEBRA	zebra	1e+02	5e+01	3.0643	2.1303	0.6072	1.699	11112
3701	HOLLOW	hol	5e+02	4e+02	10.8394	2.6767	4.4734	2.5587	4486
3702	SLIPPERY	glad	4e+02	3e+02	8.0038	2.5453	3.8166	2.49	5582
3703	STICKY	kleverig	4e+01	4e+01	0.8461	1.5798	0.4337	1.5563	26172
3707	BEIGE	beige	7e+01	6e+01	1.6922	1.8751	0.6939	1.7559	16716
3710	CLEAR (TO SEE)	duidelijk	7e+03	4e+03	170.8232	3.8734	51.5737	3.6194	538
372	POINTED	spits	9e+01	8e+01	2.081	1.9638	0.9542	1.8921	14498
3744	INTERPRETER	tolk	1e+02	9e+01	3.2015	2.1492	1.1524	1.9731	10801
3750	KHAKI	kaki	2e+01	1e+01	0.343	1.2041	0.1487	1.1139	45279
3751	BRIGHT YELLOW	knalgeel	2e+00	2e+00	0.0457	0.4771	0.0248	0.4771	116038
3752	LILAC	lila	2e+02	5e+01	5.0767	2.3483	0.5824	1.6812	7817
3753	MAGENTA	magenta	2e+01	1e+01	0.526	1.3802	0.1239	1.0414	34947
3754	TRANSPARENT	doorzichtig	8e+01	8e+01	1.8523	1.9138	0.9542	1.8921	15689
3755	MOUNTAINOUS	bergachtig	5e+00	4e+00	0.1143	0.7782	0.0496	0.699	84846
3756	FLORAL	gebloemd	3e+00	2e+00	0.0686	0.6021	0.0248	0.4771	106593
3757	MUGGY	benauwd	1e+02	1e+02	2.6984	2.0755	1.3011	2.0253	12184
3758	WINDY	winderig	5e+01	4e+01	1.1434	1.7076	0.5204	1.6335	21447
3759	FOGGY	mistig	6e+01	5e+01	1.2806	1.7559	0.6072	1.699	20044
376	FRAGRANT	geurig	1e+01	1e+01	0.2287	1.0414	0.1239	1.0414	57397
3761	EMOTIONAL	emotioneel	5e+02	4e+02	11.6398	2.7076	5.2788	2.6304	4249
3762	SAFE	veilig	8e+03	4e+03	174.9166	3.8837	47.3854	3.5826	523
377	LOUD	luid	4e+02	3e+02	9.0786	2.5999	4.2379	2.5353	5099
378	PINCH	knijpen	3e+02	2e+02	6.1057	2.4281	2.8377	2.3617	6845
379	BLUNT	stomp	1e+02	9e+01	2.3325	2.0128	1.0905	1.9494	13436
418	FOR A LONG TIME	lang	3e+04	7e+03	596.8522	4.4167	89.368	3.8581	199
45	EVIL	kwaad	7e+03	4e+03	157.8342	3.839	44.8575	3.5588	568
474	DRESS	jurk	2e+03	1e+03	55.7519	3.3872	15.4647	3.0966	1241
48	BE SILENT	stil	7e+03	4e+03	160.8071	3.8471	46.9641	3.5788	561
487	SHY	verlegen	9e+02	7e+02	19.8722	2.9395	8.6369	2.8439	2815
492	THREE	drie	2e+04	6e+03	526.7849	4.3624	79.8513	3.8092	221
493	FIVE	vijf	1e+04	5e+03	281.5724	4.0904	60.7807	3.6907	362
496	CUCUMBER	komkommer	6e+01	4e+01	1.3263	1.7709	0.5204	1.6335	19625
500	CRUEL	wreed	7e+02	5e+02	15.1843	2.8228	6.6791	2.7324	3474
503	FROG	kikker	4e+02	2e+02	8.2324	2.5575	2.8377	2.3617	5470
504	LEARN	leren	9e+03	4e+03	211.2308	3.9656	54.2503	3.6414	452
505	PARENTS	ouders	8e+03	3e+03	172.6069	3.8779	38.4758	3.4922	532
509	CERTAIN	zeker	4e+04	8e+03	854.8935	4.5727	93.4449	3.8775	146
522	WOLF	wolf	9e+02	3e+02	20.261	2.9479	3.9777	2.5079	2767
537	TURBID	troebel	3e+01	3e+01	0.7546	1.5315	0.3346	1.4472	27908
539	NEST	nest	5e+02	3e+02	11.2739	2.6937	4.1388	2.525	4338
544	SPICY	kruidig	1e+01	9e+00	0.2515	1.0792	0.1115	1.0	54057
55	WHISPER	fluisteren	2e+02	2e+02	4.4364	2.29	2.1437	2.2405	8610
571	STING	steken	2e+03	1e+03	35.834	3.1953	15.7745	3.1052	1761
578	KISS	zoenen	6e+02	4e+02	14.7269	2.8096	5.5762	2.6542	3557
584	DIFFICULT	moeilijk	9e+03	5e+03	207.206	3.9572	58.5006	3.6741	459
585	BOOT	laars	2e+02	1e+02	4.1848	2.2648	1.5985	2.1139	8999
587	ANT	mier	1e+02	5e+01	2.5383	2.0492	0.6568	1.7324	12685
588	BROKEN	kapot	4e+03	2e+03	83.3078	3.5616	29.5663	3.3779	916
589	CLOSED	gesloten	2e+03	2e+03	52.3218	3.3596	20.5824	3.2206	1308
590	NAKED	naakt	1e+03	9e+02	30.5515	3.1261	10.9542	2.9469	1991
592	PISS	plassen	8e+02	6e+02	17.3796	2.8814	6.9269	2.7482	3116
600	STRANGE	raar	4e+03	2e+03	84.8856	3.5697	28.5874	3.3632	904
604	GLASS	glas	2e+03	2e+03	57.1469	3.3979	20.7187	3.2235	1214
615	HORSE	paard	4e+03	1e+03	83.6279	3.5632	15.9851	3.1109	913
619	ANIMAL	dier	1e+03	7e+02	28.1046	3.0899	9.0211	2.8627	2141
625	LAMP	lamp	6e+02	4e+02	13.8808	2.7839	5.2664	2.6294	3699
628	LEAF	blad	5e+02	3e+02	11.1367	2.6884	4.2007	2.5315	4384
634	MEAT	vlees	3e+03	2e+03	61.6747	3.431	18.9095	3.1838	1149
638	MOTORCYCLE	moter	3e+00	3e+00	0.0686	0.6021	0.0372	0.6021	102778
639	MOUNTAIN	berg	2e+03	8e+02	34.3018	3.1764	10.1487	2.9138	1821
641	MUSHROOM	champignon	1e+01	1e+01	0.2973	1.1461	0.1363	1.0792	49805
653	PLANT (VEGETATION)	planten	7e+02	5e+02	15.6645	2.8363	5.7621	2.6684	3385
662	BATTERY	batterij	3e+02	2e+02	6.746	2.4713	2.8129	2.3579	6320
666	RIVER	rivier	2e+03	1e+03	52.8706	3.3642	13.6307	3.0418	1290
667	ROAD	weg	6e+04	8e+03	1481.6569	4.8115	97.8315	3.8974	94
672	EARLY	vroeg	1e+04	6e+03	298.9063	4.1163	69.083	3.7463	351
673	SCHOOL	school	1e+04	3e+03	246.9504	4.0334	43.0112	3.5406	402
677	AXE	bijl	4e+02	3e+02	9.2615	2.6085	3.3333	2.4314	5026
683	PERSON	persoon	4e+03	3e+03	94.1243	3.6146	31.4498	3.4047	834
686	EASY	simpel	2e+03	2e+03	52.9163	3.3646	21.4374	3.2383	1289
687	NOTHING	niets	6e+04	7e+03	1289.315	4.7511	89.0211	3.8564	108
69	SOBER	sober	3e+01	3e+01	0.7775	1.5441	0.4089	1.5315	27419
696	STIR	roeren	1e+02	7e+01	2.1725	1.9823	0.8922	1.8633	14099
698	WISE	wijs	2e+03	1e+03	36.2456	3.2003	15.7869	3.1055	1751
699	SAD	ongelukkig	8e+02	6e+02	18.2028	2.9015	7.4845	2.7818	3010
700	CARRY	dragen	4e+03	2e+03	82.8504	3.5592	30.3098	3.3886	925
701	SLOW	traag	4e+02	4e+02	9.7875	2.6325	4.3742	2.549	4805
704	CLEAN	proper	1e+02	1e+02	2.9271	2.1106	1.3011	2.0253	11472
706	DARK	donker	3e+03	2e+03	64.4417	3.4501	23.6679	3.2813	1106
707	REMEMBER	onthouden	1e+03	9e+02	25.8865	3.0542	11.7348	2.9768	2291
709	TEACH	onderwijzen	1e+02	9e+01	2.3783	2.0212	1.0657	1.9395	13273
712	RICH	rijk	3e+03	2e+03	79.1458	3.5393	24.3742	3.294	957
713	STEAL	stelen	3e+03	2e+03	59.8224	3.4178	20.2354	3.2133	1173
715	SHOUT	schreeuwen	1e+03	1e+03	29.5225	3.1113	12.7261	3.012	2050
717	SWEET	zoet	5e+02	4e+02	10.9766	2.6821	4.6964	2.5798	4423
718	PAY	betalen	7e+03	4e+03	162.3392	3.8513	43.6431	3.5469	559
721	LOW	laag	1e+03	1e+03	31.1003	3.1339	12.4535	3.0026	1967
724	READ	lezen	5e+03	3e+03	107.7993	3.6735	32.627	3.4206	737
727	WHICH	welke	1e+04	5e+03	258.796	4.0538	66.2577	3.7282	389
730	SNAKE	slang	9e+02	5e+02	21.5873	2.9754	6.6171	2.7284	2646
732	YOUR (SINGULAR)	jouw	3e+04	7e+03	733.2134	4.506	86.0471	3.8417	170
734	MAKE	maken	4e+04	8e+03	957.2731	4.6218	95.6258	3.8875	140
735	OWL	uil	1e+02	8e+01	3.1329	2.1399	0.9294	1.8808	10954
737	LIGHT (IGNITE)	aansteken	2e+02	2e+02	4.2077	2.2672	2.057	2.2227	8977
739	FEED	voeren	2e+03	1e+03	36.2914	3.2009	15.7993	3.1059	1747
741	DRIVE	autorijden	1e+02	1e+02	3.1558	2.143	1.4746	2.0792	10943
744	EGG	ei	7e+02	4e+02	16.1905	2.8506	4.9814	2.6053	3308
747	BICYCLE	mountainbike	1e+01	7e+00	0.2515	1.0792	0.0867	0.9031	53819
757	BUTTON	knoop	4e+02	3e+02	9.513	2.6201	3.8786	2.4969	4913
769	ROOF	dak	2e+03	1e+03	54.8372	3.38	17.7695	3.1569	1254
771	HAT	hoed	2e+03	9e+02	35.9483	3.1967	10.9542	2.9469	1757
772	BELT	riem	6e+02	4e+02	14.1552	2.7924	5.539	2.6513	3663
785	STRONG	sterk	4e+03	3e+03	95.2219	3.6196	33.2342	3.4286	824
787	SAIL	zeilen	4e+02	2e+02	9.353	2.6128	2.5898	2.3222	4966
789	PEOPLE	mensen	5e+04	8e+03	1089.4038	4.678	93.5688	3.8781	119
794	PEN	pen	9e+02	7e+02	21.6559	2.9768	8.0917	2.8156	2639
809	TROUSERS	broek	3e+03	2e+03	67.2774	3.4688	22.4659	3.2586	1073
816	HALF	half	5e+03	3e+03	104.7578	3.6611	34.684	3.4472	753
825	AWAKE	wakker	9e+03	4e+03	201.3747	3.9448	52.3792	3.6261	470
837	BLUE	blauw	1e+03	1e+03	32.9069	3.1584	12.5403	3.0056	1884
846	TIGER	tijger	5e+02	3e+02	11.6855	2.7093	3.5564	2.4594	4223
847	THIRSTY	dorst	8e+02	6e+02	19.1404	2.9232	7.9678	2.8089	2893
857	STONE	steen	2e+03	9e+02	35.7197	3.194	11.0905	2.9523	1766
868	BANANA	banaan	2e+02	2e+02	5.3282	2.3692	2.057	2.2227	7562
887	BITTER	bitter	2e+02	2e+02	4.322	2.2788	1.9083	2.1903	8801
905	BORING	saai	1e+03	1e+03	31.4662	3.1389	12.6518	3.0095	1951
906	TREE	boom	2e+03	1e+03	52.2531	3.3591	14.9071	3.0806	1311
908	DRUM	trommel	8e+01	7e+01	1.8523	1.9138	0.8178	1.8261	15601
922	PEAR	peer	9e+01	7e+01	1.9895	1.9445	0.8178	1.8261	14914
928	EMBRACE	knuffelen	3e+02	2e+02	5.8771	2.4116	2.6022	2.3243	7047
93	DRAW MILK	melken	1e+02	7e+01	2.3325	2.0128	0.9046	1.8692	13468
937	BIRD	vogel	1e+03	8e+02	32.2666	3.1498	9.2937	2.8756	1918
946	BLOOD	bloed	8e+03	3e+03	185.3215	3.9088	41.9827	3.5301	501
948	WATER	water	1e+04	4e+03	244.5036	4.0291	50.1239	3.607	407
96	CRAWL	kruipen	5e+02	5e+02	12.2801	2.7308	5.7993	2.6712	4070
962	WOMAN	vrouw	4e+04	7e+03	821.6665	4.5555	82.0942	3.8213	153
963	BOOK	boek	7e+03	2e+03	150.9281	3.8196	27.5093	3.3465	581
971	MUST	moeten	8e+04	8e+03	1776.1497	4.8903	98.7608	3.9015	85
972	BE ABLE	kunnen	7e+04	8e+03	1704.8019	4.8725	98.5502	3.9006	88
978	WAVE	golf	8e+02	5e+02	17.5397	2.8854	5.824	2.673	3096
986	TOMATO	tomaat	1e+02	8e+01	2.9728	2.1173	1.0533	1.9345	11351
991	FRY	bakken	5e+02	4e+02	11.8456	2.7152	5.2788	2.6304	4181
996	DEAF	doof	8e+02	6e+02	18.5916	2.9106	7.6704	2.7924	2958
