CONCEPTICON_ID	CONCEPTICON_GLOSS	ARABIC	ARABIC_RT_L1_MEAN	ARABIC_RT_L1_ZSCORE	ARABIC_ACCURACY_L1_PERCENTAGE	ARABIC_RT_L2_MEAN	ARABIC_RT_L2_ZSCORE	ARABIC_ACCURACY_L2_PERCENTAGE	LINE_IN_SOURCE
1003	PERMIT	يسمح	972.7	-0.2732073322578513	1				19321
1008	BULL	ثور	963.918918918919	-0.22026674717362	0.925				8700
1010	BOUNDARY	طرف	1007.413043478261	-0.08358668207209867	0.9787234042553191				12707
1011	BRIDGE	جسر	905.4	-0.5420588959487771	1				8881
1016	DRIZZLE	رذاذ	1232.95652173913	0.945773069827088	0.575				10649
1030	NECESSARY	ضروري	923.030303030303	-0.2528663599463619	1				12504
1035	GOOD	جيد	875.6470588235294	-0.6190553815635206	0.9714285714285714				9093
1045	POET	شاعر	1012.731707317073	-0.1678684830710889	1				11711
1047	PURSUE	يسعى	944.8055555555555	-0.2515746007101247	0.9230769230769231				19308
1064	SHIELD	درع	987.0243902439024	-0.05191981927456981	1				10126
1068	COURT	محكمة	880.4705882352941	-0.5524178163151202	1				15564
1070	BUS	حافلة	982.6666666666666	-0.1854213598790843	1				9155
1076	EMERGE (APPEAR)	يظهر	1023.27027027027	0.02107583730476266	0.9736842105263158				19487
1079	FEEL	يشعر	1016.75	-0.08098634184350927	0.9142857142857143				19362
1104	NURSE	ممرضة	959.3333333333334	-0.2218541590630234	1				16856
1105	CAMP	مخيم	1017	0.1236591949503031	0.8974358974358975				15649
1111	CAR	سيارة	941.3589743589744	-0.3297438949365413	1				11577
1120	HONEST	صادق	941.8857142857142	-0.3371876534912026	0.9459459459459459				12075
1122	WAGES	راتب	989.425	-0.1983690653330814	1				10499
1127	SEND	يرسل	1064.045454545455	0.08289057129883738	0.9565217391304348				19185
1199	WIFE	زوجة	928.8478260869565	-0.5359002173791954	1				11047
1200	HUSBAND	زوج	1020.947368421053	-0.08409144003963892	0.95				11044
1202	BIG	كبير	895.6136363636364	-0.5656311452624434	1				14498
1207	YOUNG	صغير	960.804347826087	-0.3790843812434233	1				12258
1210	HEAVY	ثقيل	924.1212121212121	-0.4083494406006006	0.9705882352941176				8662
1218	ROPE	حبل	928.5142857142857	-0.388092653616304	0.9722222222222222				9196
122	CART	عربة	1033.821428571429	0.2121206458082717	0.8				13073
1221	NOSE	أنف	946	-0.358771519905316	1				931
1223	HEART	قلب	886.475	-0.5512184597054671	1				14291
1224	LIVER	كبد	858.6	-0.6260367522749125	0.967741935483871				14484
1226	YEAR	سنة	916.3953488372093	-0.5057599002278464	1				11490
1229	OLD	قديم	944.4375	-0.396275705869338	1				14135
1230	DIRTY	قذر	1088.85	0.05584509372999712	1				14141
1231	NEW	جديد	914.0857142857143	-0.3965839911310031	1				8809
1233	NIGHT	ليل	922.8918918918919	-0.2869276319416251	0.9487179487179487				14970
1245	BUTTER	زبدة	959.2631578947369	-0.1905951935169301	0.9743589743589743				10922
1248	EYE	عين	937.55	-0.3578730531075374	1				13481
1252	HOUSE	بيت	976.65	-0.2343194005379797	0.975609756097561				6839
1262	BROTHER	أخ	954.030303030303	-0.2580851728551008	0.9705882352941176				222
1263	SISTER	أخت	916.2894736842105	-0.4960522595322621	1				231
1266	BRIDE	عروس	971.2162162162163	-0.3116999332354571	0.925	1146.259259259259	-0.4573913548772404	0.9310344827586207	13116
1284	BANK	مصرف	1008.761904761905	-0.07907978317770123	1				16218
1285	IMPORTANT	مهم	961.275	-0.412872882474796	1				17071
1287	COLD	بارد	899.6857142857143	-0.5353351522382489	1				6252
1290	ELEPHANT	فيل	991.4666666666667	0.001927772158530619	0.967741935483871				13980
1297	LEG	ساق	968.5	-0.2954858502055644	0.9				11138
1298	NEWSPAPER	جريدة	1047.609756097561	0.08727295272913645	0.9761904761904762	1302.666666666667	-0.1524879484717516	0.9642857142857143	8856
1299	COFFEE	قهوة	908.05	-0.5110032154803196	1				14373
1301	FOOT	قدم	1012.564102564103	-0.3202537084523722	0.975	1029.142857142857	-0.6902835932966196	0.9655172413793104	14117
131	FESTIVAL	حفلة	972.1666666666666	-0.1728711607747626	1				9485
1310	CLEVER	ذكي	913.4705882352941	-0.5384748051638741	1				10418
1312	FOX	ثعلب	1039.769230769231	0.1530351396971212	0.9285714285714286	1222.04347826087	-0.3092369229101767	0.8846153846153846	8633
1313	MOON	قمر	864.3714285714286	-0.6849615033279831	0.9459459459459459				14341
1318	CHICKEN	دجاجة	980.8780487804878	-0.1999833273535472	1				10078
1322	BREAKFAST	فطور	969.2888888888889	-0.3155417592849661	0.9782608695652174	1306.84	-0.1977026697181931	1	13881
1325	FRIEND	صديق	928.3181818181819	-0.4734024791999014	1				12216
1327	UNCLE	عم	937.7105263157895	-0.4050540352853363	0.926829268292683				13329
1335	WHITE	أبيض	899.4545454545455	-0.6828277843126755	1				58
1338	PEACE	سلام	892.5365853658536	-0.5077838436878146	1				11397
1339	MORNING	صباح	934.5526315789474	-0.5533846074948178	1				12109
1342	SUMMER	الصيف	964.8787878787879	-0.2146999944378065	1				3991
1343	SUN	شمس	883.1818181818181	-0.511946145087548	1				11981
1349	CHURCH	كنيسة	1023.272727272727	0.1467949958924571	1				14668
1356	NUMBER	رقم	910.425	-0.4992348983446058	1	1039.366666666667	-0.766301566208761	0.967741935483871	10780
1362	STREET	شارع	900.6176470588235	-0.5355946721270155	1				11696
1366	BOY	صبي	998.027027027027	-0.1837378873975695	0.925				12125
1368	BREAD	خبز	932.7	-0.4319830364224117	1				9770
1370	MONTH	شهر	861.3846153846154	-0.6264472941080538	0.975				12007
1374	RING	خاتم	933.8157894736842	-0.512244592713263	0.95				9704
1378	SPOON	ملعقة	986.4242424242424	-0.005503046391929789	1				16801
1379	TELEPHONE	هاتف	971.0731707317074	-0.3918144601198769	1				17881
1380	TOOTH	أسنان	953.3714285714286	-0.2400750015509412	0.9210526315789473				450
1387	ARRIVE	يصل	1044.868421052632	-0.02194400084391591	1				19410
1390	WRONG	خاطئ	946.6842105263158	-0.2639693260309557	0.95				9734
1394	BONE	عظم	985.6176470588235	-0.1782925521907456	0.9444444444444444				13225
1400	THIN (SLIM)	ضعيف	957	-0.3332773489441181	0.9523809523809523	1398.125	-0.1300683768798751	0.9230769230769231	12535
1408	HEAR	يسمع	956.7179487179487	-0.2709649924899292	1				19323
1417	KILL	يقتل	918.6585365853658	-0.454918085620769	0.9534883720930233				19663
1422	BE ALIVE	يعيش	979.28125	-0.3508913601596584	0.8888888888888888				19577
1426	EXPENSIVE	غالي	892.1052631578947	-0.4745153176093383	0.9743589743589743				13504
1442	STAND	يقف	976.1153846153846	-0.1159774580431361	0.896551724137931				19697
1443	WALK	يسير	1013.560975609756	-0.01578445824836709	0.9761904761904762				19337
1447	GIVE	يعطي	1034.333333333333	0.143131819811511	1				19553
1454	WIPE	يمسح	1003.675	-0.2314418052970182	1	1318.222222222222	-0.1581870011102402	0.9310344827586207	19820
1458	SAY	يقول	996.5365853658536	-0.2530124377457696	1				19710
1465	BOX	صندوق	863.1025641025641	-0.6230603106464451	1				12361
1476	CHAIR	كرسي	985.9166666666666	-0.2921939356161267	0.9473684210526315				14567
1480	BODY	جسم	891.125	-0.6088473324725281	1				8886
1482	SHOULDER	كتف	1035.394736842105	-0.1107701069149888	0.95				14519
1487	POUR	يصب	1060.513513513514	0.3045130462080715	0.9487179487179487				19388
1490	RAT	جرذ	1299.588235294118	1.058438922512192	0.5				8843
1491	MOUSE	فأر	935.7179487179487	-0.3535347726752561	1				13700
1494	DIE	يموت	947.03125	-0.3838898185318201	0.9696969696969697				19838
1499	JUICE	عصير	907.6756756756756	-0.4921605987068034	1	1127.892857142857	-0.4681093588637789	0.9333333333333333	13189
1502	GOAT	ماعز	1023.75	0.03421871368367919	0.8695652173913043	1281.764705882353	-0.08904402550777449	0.68	15044
1504	FLY (INSECT)	ذبابة	944.0625	-0.1206687444925019	0.9696969696969697				10375
1508	KING	ملك	872.6052631578947	-0.6767196517713585	0.9743589743589743				16811
1518	STUPID	غبي	992.2424242424242	0.03172325720748401	1				13511
1521	SEEM	يبدو	936.6111111111111	-0.3494646472621346	1				18692
1526	MEAL	وجبة	921.5833333333334	-0.445285819321014	0.972972972972973				18211
153	GREY	رمادي	974.6585365853658	-0.09621150769889543	0.9534883720930233				10809
1535	SWORD	سيف	916.7	-0.3190697220693168	0.967741935483871				11641
1536	UNDERSTAND	يفهم	914.3714285714286	-0.5017341097458677	0.9722222222222222				19643
1544	SOMETIMES	أحيانا	1031.47619047619	-0.06529035399254854	1	1307.62962962963	-0.118744186554152	0.9642857142857143	217
1546	TWICE	مرتين	913.9666666666667	-0.3803184838566499	0.967741935483871				15797
1548	UGLY	قبيح	980.3055555555555	-0.06460653466652667	0.9				14075
1559	MONEY	مال	919.3023255813954	-0.4955344567097963	0.9772727272727273				15049
1561	ARMY	جيش	955.2857142857143	-0.3558084906998986	1	1297.344827586207	-0.01797764415410431	0.9666666666666667	9099
1562	MIND	عقل	895.9090909090909	-0.4934655527510822	1				13263
1567	DOOR	باب	886.2105263157895	-0.5637763259946208	0.9743589743589743				6240
1569	CHEESE	جبنة	958.3414634146342	-0.3523128957484674	0.9761904761904762				8779
1571	SELL	يبيع	1148.975	0.5692199519468458	1				18706
1592	CHEST	صدر	968.84375	-0.163206758774832	1				12184
1595	SOUTH	جنوب	922.6333333333333	-0.4210252961348551	1				9024
1596	LOCK	قفل	993.421052631579	-0.2028230444684415	0.9743589743589743				14288
1597	AIRPLANE	طائرة	961.96875	-0.2088890097982209	0.9696969696969697				12620
1598	NORTH	شمال	912.4516129032259	-0.4802875216640072	1				11978
1599	WORD	كلمة	899.5555555555555	-0.4534306019942532	1				14643
1608	LISTEN	يستمع	968.6060606060606	-0.192625910223854	0.9705882352941176				19294
1609	IDEA	فكرة	899.3225806451613	-0.4121409117822447	1				13910
161	MISS (A TARGET)	أخطأ	896.8484848484849	-0.4364191797211706	1				253
1612	LETTER	رسالة	842.5483870967741	-0.7095754447838658	1				10662
1616	CLOTH	جوخ	1360.571428571429	2.218789875334553	0.4				9070
1622	SHIRT	قميص	985.7073170731708	-0.2225186750691504	1				14350
1629	EVENING	مساء	1022.864864864865	-0.09896243741859283	0.9736842105263158				15917
1631	FAST	سريع	876.6176470588235	-0.6421589564411526	1				11303
1645	SHORT	قصير	984.3	-0.1283435600258488	0.975609756097561				14232
1646	GIRL	فتاة	880.5	-0.5196962073144146	1				13749
1657	TRUE	حقيقي	841.7777777777778	-0.8150112461521649	0.9473684210526315				9523
1675	PROMISE	يعد	1009.96875	0.05942558765786403	0.9411764705882353				19533
1682	GUILTY	مذنب	1021.139534883721	-0.03009693086264945	1				15735
1690	FENCE	سور	976.15625	-0.3873323710302866	0.9411764705882353				11551
1720	SIGN	علامة	930.8	-0.4057678662552446	1				13295
1726	WET	رطب	896.96875	-0.3548181042863648	0.9142857142857143				10719
1732	SKY	سماء	962.8205128205128	-0.2930862509995233	1				11442
1749	TAKE	يأخذ	948.3448275862069	-0.1774922661199161	0.9354838709677419				18641
1750	CHOOSE	يختار	992.2	-0.377690866646943	1	1277.275862068966	-0.2503069588563293	1	19055
1773	GRAVE	قبر	909.3333333333334	-0.5476628393454953	0.9166666666666666				14061
1782	GUEST	ضيف	1039.820512820513	-0.1176973498423438	0.975				12608
1784	WANT	يريد	1035.971428571429	-0.1418443081312985	0.875	1227.961538461539	-0.3047182364842419	0.896551724137931	19214
1789	AGE	عمر	882.4857142857143	-0.5625900229928124	1	1034.923076923077	-0.8164355701519915	0.9629629629629629	13343
1791	BUTTERFLY	فراشة	912.6585365853658	-0.5073524559666706	1	1398.583333333333	0.1306230625986914	0.8888888888888888	13797
1793	BAT	خفاش	1048.555555555556	-0.03433449883592173	0.9473684210526315				9915
1810	DANGER	خطر	999.5128205128206	-0.3315759280655863	0.975				9891
1812	TRY	يحاول	901.5454545454545	-0.4702937674623798	1				18959
1831	MEET	يجتمع	1026.666666666667	-0.02591842330131927	1				18920
1839	CRY	يبكي	918.6578947368421	-0.3249506889722592	0.9743589743589743				18701
1845	BALL	كرة	929.85	-0.377963778356043	1				14558
1857	CROCODILE	تمساح	987	-0.2218783376826776	0.975609756097561	1302.478260869565	0.1389843278310058	0.7419354838709677	8335
1882	BEFORE	قبل	897.0454545454545	-0.6045078763416144	1				14068
1895	CLOTHES	ملابس	945.075	-0.3761504320787278	0.975609756097561				16740
1896	FINGERNAIL OR TOENAIL	ظفر	1104.379310344828	0.4851040168350401	0.7837837837837838				12862
1897	HELP	يساعد	966.75	-0.2976286301944132	1				19245
1899	MAD	مجنون	958.0681818181819	-0.4690421915397014	1				15436
1905	EAGLE	نسر	948.9285714285714	-0.3488535945349839	0.9767441860465116				17543
1906	SOUR	حامض	1059.5	0.09808483575843262	0.95				9172
1917	TIE	يربط	1069.675675675676	0.3668953990367025	0.9487179487179487				19161
192	CORNER	زاوية	964.8787878787879	-0.2627250760732858	1				10919
1923	ROUGH	شديد	893.5757575757576	-0.4300439987622118	1				11797
1924	VEIN	وريد	1026.030303030303	0.04423294717766275	0.9705882352941176				18346
1938	FORTRESS	قصر	967.4	-0.2037915199133102	0.975609756097561				14223
1941	SOLDIER	جندي	952.75	-0.2190026822124617	0.9411764705882353				9007
1943	CROWN (OF HEAD)	تاج	1036	0.09975183229381351	0.9534883720930233				6926
1963	IMMEDIATELY	مباشرة	929.7	-0.497083441377572	1	1247.172413793103	-0.3406432117762209	1	15071
197	OTHER	آخر	1015.052631578947	-0.118280748414578	1				6
1973	DEMON	شيطان	970.829268292683	-0.4272640061546708	0.9318181818181818				12050
1986	DISEASE	مرض	949.825	-0.611247779249096	1	1091.51724137931	-0.5808628857297432	1	15825
1989	CALF	عجل	1006.95	-0.2133600932921612	1				13020
1990	BECOME	يصبح	999.2325581395348	-0.309621778289213	1				19389
2	DUST	غبار	976.3888888888889	-0.08037424693673396	1				13508
2008	RESCUE	ينقذ	980.2258064516129	-0.1325268291054449	0.9393939393939394				19926
2009	DOG	كلب	923.0243902439024	-0.4601086206860508	1				14628
2022	ADMIT	يعترف	968.9	-0.1318441563600057	1				19514
2060	STORY	قصة	915.5294117647059	-0.3731456834357628	1				14221
209	RARE	نادر	951.0487804878048	-0.2844399422024664	1				17273
2106	MALE PERSON	رجال	909.5	-0.4949283271360945	0.9411764705882353				10589
2117	DESIRE	يرغب	973.5263157894736	-0.09489172508291373	1				19192
212	FIELD	حقل	927.2162162162163	-0.3712784283811362	0.925				9506
216	MOVIE	فيلم	923.4545454545455	-0.2746610195843856	0.9166666666666666				13982
221	FIRE	حريق	909.175	-0.5861819048239497	1				9329
2239	DENSE	كثيف	1013.52380952381	-0.03698469752509832	0.9545454545454546	1244.052631578947	-0.2098075633068464	0.7916666666666666	14537
2244	METAL	معدن	911.78125	-0.3615354409894777	0.9696969696969697				16412
2246	BELL	جرس	974.5	-0.1462050902956745	0.926829268292683				8844
2247	CATERPILLAR	يرقة	1213.821428571429	0.6061639937039432	0.6829268292682927				19198
2252	PATH	مسار	960.775	-0.3505647944408671	0.975609756097561	1175.464285714286	-0.3918254801409389	0.9655172413793104	15928
2291	VOLCANO	بركان	972.5581395348837	-0.2650937822383333	0.9772727272727273				6489
2316	FREE	حر	901.3170731707318	-0.5840781146990937	1	1084.038461538461	-0.6756620732666087	0.9629629629629629	9270
2374	DREAM	حلم	921.1351351351351	-0.4377066886861031	1				9581
239	FLOWER	زهرة	950.2666666666667	-0.4511080318252568	0.9782608695652174				11022
2403	TOY	لعبة	915.8571428571429	-0.4871403541449922	1				14852
2411	HURT (SOMEBODY)	يجرح	1050.285714285714	0.09422296632827507	0.9459459459459459				18925
2429	LOGIC	منطق	927.8484848484849	-0.4051417036704839	1				16988
2430	OFFICE	مكتب	950.8648648648649	-0.3241034219377056	0.9736842105263158				16693
2435	UNIVERSITY	جامعة	868.8648648648649	-0.6237043836080265	1				8747
2468	BAG	حقيبة	1083.024390243902	0.176645030209927	0.9761904761904762				9520
248	HAPPEN	يحدث	994.4166666666666	-0.3093719776410849	0.972972972972973				18988
25	DIRT	تراب	960.3513513513514	-0.2853918106560422	0.9736842105263158				7440
2504	DIFFERENT	مختلف	922.5135135135135	-0.3970608233705147	0.925	1181.870967741935	-0.5699608762894213	1	15610
2506	LOOSE	رخو	1142.782608695652	0.8008579292917757	0.5897435897435898				10634
2522	SCREAM (NOISE)	يصرخ	929.625	-0.3335026227982062	0.9696969696969697				19398
2527	ABILITY	قدرة	944.7179487179487	-0.372503964400474	1				14107
2534	DEPTH	عمق	982.081081081081	-0.2554457015481527	1				13360
2546	BORDER	حد	993.7575757575758	-0.08089918532038279	0.9428571428571428				9227
2549	VEHICLE	مركبة	897.2285714285714	-0.3790622495579309	1				15840
255	SERVANT	خادم	981.7	-0.3088055643434061	1				9708
256	FOOD	طعام	901.4864864864865	-0.6021249178078009	1				12725
2606	COMPASS	بوصلة	1162.447368421053	0.3704700740435543	0.9743589743589743				6818
2621	CURTAIN	ستارة	994.6764705882352	0.09146332606682474	0.9714285714285714				11166
2623	FLAG	علم	898.7096774193549	-0.5266757343222751	1				13311
2624	FRAME	حيلة	1071.975609756098	0.1851326227014673	1				9690
2625	MAP	خريطة	1014.948717948718	-0.1859493007357895	0.9512195121951219				9826
2630	WHIP	يضرب	925.15	-0.3670925135827138	0.9302325581395349				19443
2755	BUSY	مشغول	922.7941176470588	-0.423521024182228	0.9444444444444444				16156
2765	CHERRY	كرز	1155.354838709677	0.3554570285931097	0.775				14563
2845	SIZE (OF OBJECT)	حجم	985.219512195122	-0.2013519010642653	0.9534883720930233				9224
2869	BOTHER (HARASS)	يزعج	994.1891891891892	-0.0297737358548587	0.9024390243902439				19225
2879	SOUND (OF INSTRUMENT OR VOICE)	صوت	898.0769230769231	-0.6222623240609851	0.9512195121951219				12390
2880	HALT (STOP)	يتوقف	935.0571428571428	-0.1917961543503575	1				18897
2882	ADD	يضيف	955.7777777777778	-0.06238497888574943	1				19459
2930	BOSS	زعيم	911.3636363636364	-0.462888051881757	1	1113.909090909091	-0.5991268461070541	0.9166666666666666	10984
2931	BUSINESS	عمل	967.2564102564103	-0.3717152678592942	0.975				13362
2933	CONVERSATION	محادثة	952.1944444444445	-0.2333319000140641	0.9230769230769231				15450
2940	GATE	بوابة	937.8823529411765	-0.3656072357764038	1				6810
2946	CRADLE	مهد	1004.870967741935	0.05131551717216572	1				17051
2955	STATE (POLITICS)	دولة	859.4054054054054	-0.6755238208957637	1				10311
2977	WORKER	عامل	900.7272727272727	-0.4712014570195722	1				12973
2980	AREA	منطقة	987.5	-0.1890311739620053	1	1221.066666666667	-0.308157523789236	1	16989
301	CHIEFTAIN	رئيس	918.918918918919	-0.5286841762966267	1				10490
3033	SCARED	خائف	986.0652173913044	-0.1944555703085336	1	1178.6	-0.4578762165869192	1	9701
3050	SEEDLING	زراعة	975.0243902439024	-0.2878295465761307	0.9761904761904762	1279.689655172414	-0.2399211705490785	0.9666666666666667	10950
307	HAWK	صقر	985.9459459459459	-0.03080320763058797	1				12313
3086	COMPUTER	حاسوب	840.9375	-0.6605019831960346	0.9696969696969697				9140
3088	ENVELOPE	ظرف	1072.379310344828	0.3625145498712563	0.9354838709677419				12855
3091	LEMON	ليمون	1004.0625	-0.04767356300801957	0.9411764705882353				14977
3096	RACKET	راحة	906.2777777777778	-0.409886218035913	1				10509
3099	SOFA	أريكة	1066.627906976744	0.1717114662177816	0.9772727272727273				365
3202	CANNON	مدفع	930.5263157894736	-0.3356311588012404	0.95				15681
3283	CAGE	قفص	1024.6	0.1171345582378204	0.8064516129032258				14285
3325	PEARL	لؤلؤة	996.9	0.0009819736210821596	0.9375				14717
3328	ORANGE (COLOR)	برتقالي	937.9428571428572	-0.3378522984718236	0.9459459459459459				6468
3349	WRISTWATCH	ساعة	911.9677419354839	-0.2937387514450761	1				11131
3396	BUILDING	بناء	944.2894736842105	-0.369724304685534	1				6761
3405	RULER	حاكم	956.40625	-0.2131089903999811	0.9411764705882353				9159
3447	BEGIN OR START	يبدأ	921.1428571428571	-0.4142914751767692	1				18688
3472	DANCE (MOVEMENT)	رقص	948.2564102564103	-0.3922924729510443	1				10775
362	STRING	خيط	1011.106382978723	-0.06453388023715168	0.9591836734693877	1294.074074074074	-0.2674031261209454	0.8709677419354839	10019
3634	STUBBORN	عنيد	953.7317073170732	-0.3553723101858858	0.9761904761904762				13440
364	SMEAR	نشر	958.525	-0.2994677363459234	1				17569
3643	AGREE	يوافق	988.3658536585366	-0.03869695239828903	1				19958
3657	GRANARY	إسطبل	1172	0.761973081583987	0.8461538461538461				1107
3687	DESERT	صحراء	916.6341463414634	-0.4563493449242789	0.9534883720930233	1229.576923076923	-0.3048584297647399	0.9285714285714286	12151
3695	MOVEMENT	حركة	917.2432432432432	-0.6115466145367945	0.9487179487179487				9312
374	ONE TIME	مرة	897.3103448275862	-0.4755574552333612	0.9354838709677419				15779
377	LOUD	صاخب	1102.060606060606	0.5531057470710957	0.7674418604651163				12069
3957	SYSTEM	نظام	978.2432432432432	-0.2660173398043565	1				17642
3958	SOCIETY	مجتمع	926.3684210526316	-0.412569153024182	0.95				15390
3966	CONCEPT	مفهوم	922.4848484848485	-0.3892854158570832	0.9705882352941176				16573
3972	EXCITED	منفعل	1015.631578947368	0.07466572065490236	1				17015
3974	UNHAPPY	تعيس	1098	0.4014494967281471	0.8048780487804879				7993
4012	TELESCOPE	مرصد	1069.90243902439	0.1620495598407549	0.8913043478260869				15824
4016	MICROSCOPE	مجهر	1072.947368421053	0.2352621816045033	0.9743589743589743	1403.8	0.01549803688364708	0.8695652173913043	15438
4021	DINOSAUR	ديناصور	1022.585365853659	0.0385793227924796	1	1680.875	0.9153703436427845	0.2962962962962963	10339
4035	SWEATER	سترة	1014.771428571429	-0.3202859096858513	0.9459459459459459				11182
404	ALCOHOL (FERMENTED DRINK)	كحول	1066.615384615385	0.02921283615019529	0.9285714285714286				14541
476	CUP	كوب	996.7222222222222	-0.1137189727098246	0.972972972972973				14678
480	PLATE	صحن	975.71875	-0.1264581380458615	0.9696969696969697				12164
485	DISAPPEAR	يختفي	958.4864864864865	-0.06522894969698809	1				19059
487	SHY	خجول	953.2972972972973	-0.195364329846938	0.9487179487179487				9790
488	MANNER	أسلوب	818.4571428571429	-0.7490191190891436	1				438
489	KIDNEY	كلية	919.9714285714285	-0.4607049591567174	1				14653
49	REFUSE	يرفض	921.25	-0.3788321849637536	0.9655172413793104				19195
501	LIFT	يرفع	882.6756756756756	-0.5324545625490192	1				19197
506	MAIZE	ذرة	1029.675675675676	-0.06846450325835528	1				10381
544	SPICY	حار	869.95	-0.7365105290743567	0.9523809523809523				9126
580	FUR	فرو	1059.387096774194	0.3730630530090428	0.7045454545454546				13824
584	DIFFICULT	صعب	940.439024390244	-0.32574993850266	1	1100.12	-0.604503260324481	0.9259259259259259	12246
586	GARDEN	حديقة	908.0666666666667	-0.56478286623564	0.9782608695652174	1149.48	-0.5918130140329648	1	9256
587	ANT	نملة	933.939393939394	-0.4200001133539007	0.9705882352941176				17809
594	PIECE	قطعة	1083.925	0.02632125145616294	1				14270
597	PHYSICIAN	طبيب	919.5833333333334	-0.2793176230775313	1				12675
60	OAT	شوفان	1096.421052631579	0.2396308711265936	0.9047619047619048				12040
604	GLASS	زجاج	910.6176470588235	-0.5395801992947014	1				10925
606	GRASS	عشب	962.0833333333334	-0.1971350455172293	0.972972972972973				13155
609	HAIL	برد	940.7631578947369	-0.4706114762738437	0.9047619047619048				6477
615	HORSE	حصان	932.829268292683	-0.4516912381549089	0.9761904761904762				9389
616	HOSPITAL	مستشفى	942.9230769230769	-0.3877475557675134	1				15990
619	ANIMAL	حيوان	929.3684210526316	-0.50259750759565	0.95				9694
620	INSECT	حشرة	1001.2	-0.008737739902119998	1				9378
621	IRON	حديد	921.7941176470588	-0.4419058722293387	1				9254
622	ISLAND	جزيرة	967.21875	-0.2750223124344738	1				8872
625	LAMP	مصباح	954.4444444444445	-0.2356053877170578	1				16205
634	MEAT	لحم	953.5365853658536	-0.2718368749541356	1				14776
639	MOUNTAIN	جبل	902.2941176470588	-0.570712174147328	0.9444444444444444				8777
640	MUD	طين	941.96875	-0.1797846131883448	0.9411764705882353				12836
642	MUSIC	موسيقى	1005.432432432432	-0.07365644475034112	1				17159
645	OCEAN	محيط	1023.627906976744	-0.116826367647051	0.9772727272727273				15584
658	RAIN (PRECIPITATION)	مطر	937.1351351351351	-0.5718015509811443	1				16319
660	REEF	شعب	922.1621621621622	-0.3779840038635451	0.8604651162790697				11866
661	RELIGION	دين	940.2682926829268	-0.5169630789883848	1				10338
665	BEE	نحلة	924.4	-0.4534224095245626	0.9722222222222222				17419
666	RIVER	نهر	888.9032258064516	-0.420960546646225	1				17843
667	ROAD	طريق	842.2105263157895	-0.6596738209629975	1				12714
670	ROOT	جذر	1033.774193548387	0.05240288463298836	0.9393939393939394				8817
681	DESTROY	يهدم	959.0571428571428	-0.2112357065596007	0.9722222222222222				19942
682	SIDE	جانب	823.3461538461538	-0.7074116098306076	0.9629629629629629				8752
691	SEASON	فصل	882.675	-0.5314505408601534	1				13855
694	GET	يحصل	868.8387096774194	-0.6589954698024298	0.9393939393939394				19010
695	GO	يذهب	908.1794871794872	-0.4703170075709331	1				19148
699	SAD	حزين	975.8125	-0.1749902606830129	0.9411764705882353				9352
700	CARRY	يحمل	977.0540540540541	-0.3683510252753632	1				19033
703	SOON	قريبا	970.0697674418604	-0.182683979916187	1				14191
714	SEED	بذرة	1043.46875	0.2038555659574646	0.9411764705882353				6445
717	SWEET	حلو	857.9117647058823	-0.7410432754454345	1				9585
718	PAY	يدفع	921.8	-0.4004095037517378	0.975609756097561				19113
722	ATTACK	هجوم	965.3846153846154	-0.4904101461330952	1				17919
724	READ	يقرأ	932.4333333333333	-0.2263063765664845	0.967741935483871				19676
729	DAWN	فجر	918.2941176470588	-0.4077415016569696	0.9714285714285714	1180.230769230769	-0.4791074574607885	0.9629629629629629	13773
741	DRIVE	يقود	937.7179487179487	-0.2359368541424994	1				19706
749	ENTER	يدخل	932.9487179487179	-0.3782246264084999	1				19097
757	BUTTON	زر	1102.424242424242	0.1656496122656851	0.8918918918918919				10945
769	ROOF	سطح	919.8611111111111	-0.4894948569220545	0.972972972972973				11311
772	BELT	حزام	1060.916666666667	0.2269784950992685	0.9				9330
783	VICTORY	فوز	945.1935483870968	-0.3828022318395317	0.96875				13955
785	STRONG	قوي	836.0888888888888	-0.7026673994340248	1				14403
794	PEN	قلم	906.7741935483871	-0.500996278731513	0.9393939393939394				14318
798	JAW	فك	1009.5	-0.1174445778129526	0.8888888888888888				13905
803	ANKLE	كاحل	1056.205128205128	-0.00682428270244699	0.8863636363636364				14455
812	SLAVE	عبد	1001.966666666667	-0.07734612974621002	0.9375				12990
813	DO	يفعل	988.0769230769231	-0.09375205174957095	1				19634
815	GOVERNMENT	حكومة	861.9117647058823	-0.56349455437652	1				9549
819	STOMACH	معدة	961.325	-0.3850019114300257	0.9523809523809523	1357.833333333333	-0.02584949752775967	0.8571428571428571	16410
82	ANGER	غضب	911.063829787234	-0.4333008104614877	0.9591836734693877	1104.066666666667	-0.6490028141696781	0.967741935483871	13603
820	LAMB	حمل	899.2162162162163	-0.3364763593606381	1				9630
842	LIQUOR	خمر	938.1388888888889	-0.2656672260711924	1				9972
847	THIRSTY	متعطش	1140.206896551724	0.5716478780240926	0.8787878787878788				15241
849	SPRING (OF WATER)	مصدر	922.9428571428572	-0.3810952779829225	1				16212
858	STORM	عاصفة	995.390243902439	-0.1852103854779156	0.9761904761904762	1376.928571428571	-0.03773512037961079	1	12946
861	JUDGE	قاضي	955.2857142857143	-0.2879176151573112	0.9722222222222222				14031
862	SUGAR	سكر	950.4736842105264	-0.2429810073069733	0.9743589743589743	1166.869565217391	-0.4887459264661405	1	11374
865	FAME	شهرة	920.7380952380952	-0.4799983875410638	1				12010
866	WIN	يفوز	915.25	-0.4060557295722008	0.9230769230769231				19644
867	GLOVE	قفاز	1022.0625	0.1166389787180163	0.9696969696969697				14282
873	TAX	ضريبة	1034.846153846154	-0.1507743393313889	0.975				12511
874	CANDY	حلويات	928.6052631578947	-0.4779919772221736	0.95				9589
900	TRAIN	قطار	912.4146341463414	-0.5650627441187133	1	1250	-0.2375388133342194	1	14261
906	TREE	شجرة	956.85	-0.403230696335871	0.975609756097561				11766
910	DEATH	موت	853.6153846153846	-0.5504195181064995	0.9629629629629629				17128
921	VALLEY	وادي	956.9	-0.2274045159743399	0.975609756097561				18068
937	BIRD	طائر	982.7674418604652	-0.1781904869633934	0.9772727272727273				12616
938	MARE	فرس	1005.2	-0.09851330063677026	0.975609756097561				13807
939	HORN (INSTRUMENT)	بوق	976.1428571428571	-0.002644617516690337	0.6363636363636364				6825
946	BLOOD	دم	877.3720930232558	-0.6853428107351458	1				10246
947	STREAM	مجرى	990.71875	0.00805696076275266	0.9142857142857143				15413
948	WATER	ماء	898.1388888888889	-0.7309837795411598	0.9473684210526315				15015
951	WEAPONS	سلاح	982.5813953488372	-0.1851529501065602	0.9772727272727273				11391
952	WEATHER	طقس	952.175	-0.3813031016492766	0.9523809523809523				12752
958	WILD ANIMAL	وحش	923.1555555555556	-0.3766364207102101	0.9574468085106383				18263
963	BOOK	كتاب	920.9459459459459	-0.5957966423737531	0.9487179487179487				14502
965	WORLD	عالم	929.2222222222222	-0.399622632064063	1				12963
977	ARROW	سهم	891.0731707317074	-0.4743669819420137	1				11539
978	WAVE	موجة	1005.714285714286	0.08847562855980277	0.9655172413793104				17134
985	VINEGAR	خل	879.8181818181819	-0.457184429810754	0.9428571428571428				9929
987	REMAIN	يبقى	913.3571428571429	-0.362949296726621	0.8484848484848485				18700
998	PUT	يضع	953.925925925926	-0.1208875207675764	0.9642857142857143				19448
