CONCEPTICON_ID	CONCEPTICON_GLOSS	SPANISH	SPANISH_FREQUENCY	SPANISH_FREQUENCY_PM	SPANISH_FREQUENCY_LOG
10	FIREWOOD	leña	196.0	4.711538461538462	2.294466226161593
100	FAITHFUL	fiel	526.0	12.644230769230768	2.7218106152125463
1001	BLACKSMITH	herrero	101.0	2.4278846153846154	2.008600171761917
1002	STATUE	estatua	462.0	11.10576923076923	2.665580991017953
1005	TWINS	gemelos	461.0	11.081730769230768	2.6646419755561253
1006	BRICK	ladrillo	226.0	5.4326923076923075	2.3560258571931225
1007	COW	vaca	811.0	19.495192307692307	2.909556029241175
1008	BULL	toro	490.0	11.778846153846153	2.691081492122968
101	BOAST	jactarse	15.0	0.3605769230769231	1.2041199826559246
1011	BRIDGE	puente	1678.0	40.33653846153846	3.2250506961380485
1012	LATCH	cerrojo	141.0	3.3894230769230766	2.1522883443830563
1014	OR	o	83575.0	2009.014423076923	4.9220815816975545
1019	RIGHT	derecha	3411.0	81.9951923076923	3.533009022495485
102	COMMON COLD (DISEASE)	catarro	32.0	0.7692307692307692	1.5185139398778873
1021	TOWEL	toalla	587.0	14.110576923076923	2.769377326076138
1022	BOOTY	botín	248.0	5.961538461538462	2.396199347095736
1025	WHISTLE	silbar	49.0	1.1778846153846154	1.6989700043360185
1028	YAWN	bostezar	7.0	0.16826923076923075	0.9030899869919434
1029	JEWEL	joya	202.0	4.855769230769231	2.3074960379132126
1034	DEFENDANT	acusado	960.0	23.076923076923077	2.9827233876685453
1035	GOOD	bueno	102211.0	2456.9951923076924	5.009501886286422
1039	SHOW	mostrar	988.0	23.75	2.9951962915971793
1042	CARPENTER	carpintero	147.0	3.533653846153846	2.170261715394957
1043	BRAID	trenzar	7.0	0.16826923076923075	0.9030899869919434
1044	PILLOW	almohada	492.0	11.826923076923077	2.6928469192772297
1045	POET	poeta	380.0	9.134615384615385	2.580924975675619
1046	SHUT	cerrar	1800.0	43.26923076923077	3.255513712819533
1047	PURSUE	perseguir	311.0	7.475961538461538	2.4941545940184424
1048	LINE	línea	5113.0	122.90865384615384	3.7087607236903164
1051	CAN	lata	663.0	15.9375	2.822168079368017
1058	STEPDAUGHTER	hijastra	49.0	1.1778846153846154	1.6989700043360185
1059	STEPSON	hijastro	51.0	1.2259615384615383	1.716003343634799
1061	ARMOUR	armadura	258.0	6.201923076923077	2.4132997640812515
1062	LAW	ley	3399.0	81.70673076923076	3.5314789170422545
1063	NEPHEW	sobrino	890.0	21.39423076923077	2.9498777040368744
1064	SHIELD	escudo	429.0	10.3125	2.633468455579586
1065	SPIDER WEB	telaraña	56.0	1.346153846153846	1.7558748556724912
1067	JUDGMENT	juicio	2826.0	67.9326923076923	3.4513258084895195
1068	COURT	tribunal	1179.0	28.341346153846153	3.071882007306125
1069	GLUE	pegar	328.0	7.884615384615384	2.517195897949974
1071	HOOK	gancho	269.0	6.466346153846153	2.4313637641589874
1074	FISHHOOK	anzuelo	170.0	4.086538461538462	2.2329961103921536
1075	TRAP (PITFALL)	trampa	2497.0	60.02403846153846	3.3975924340381165
1077	WHEAT	trigo	210.0	5.0480769230769225	2.3242824552976926
1079	FEEL	sentir	5116.0	122.98076923076923	3.7090154169721172
108	RUDDER	timón	241.0	5.793269230769231	2.383815365980431
1082	MERCHANT	comerciante	133.0	3.1971153846153846	2.1271047983648073
1084	CALL	llamar	7076.0	170.09615384615384	3.849849195605257
1085	FOLLOW	seguir	7480.0	179.8076923076923	3.8739596547433526
1087	CONCEIVE	concebir	103.0	2.4759615384615383	2.0170333392987803
1088	SINK (DESCEND)	hundir	124.0	2.980769230769231	2.0969100130080562
1090	BE BORN	nacer	411.0	9.879807692307692	2.6148972160331345
1091	SALTY	salado	62.0	1.4903846153846154	1.7993405494535815
1092	HOPE	esperanza	2259.0	54.30288461538461	3.3541084391474003
1095	LET GO OR SET FREE	soltar	341.0	8.197115384615385	2.5340261060561344
1098	WEIGH	pesar	1911.0	45.9375	3.281487887940081
1100	COOK (SOMETHING)	cocinar	879.0	21.12980769230769	2.9444826721501682
1102	CLIMB	trepar	126.0	3.0288461538461537	2.103803720955957
1103	SACRIFICE	ofrenda	106.0	2.548076923076923	2.0293837776852093
1107	GO OUT	salir	17219.0	413.9182692307692	4.236033147117635
1110	SHARK	tiburón	577.0	13.870192307692307	2.761927838420529
1111	CAR	coche	4811.0	115.64903846153845	3.682325618667807
1119	DIVIDE	dividir	171.0	4.110576923076923	2.2355284469075487
112	TURTLE	tortuga	437.0	10.504807692307692	2.6414741105040993
1121	SECRET	secreto	5434.0	130.625	3.7351995484223126
1124	PIPE	pipa	234.0	5.625	2.371067862271736
1125	BALD	calvo	390.0	9.375	2.5921767573958667
1126	CITRUS FRUIT	cítrico	13.0	0.3125	1.1461280356782377
1133	MATCH	cerilla	19.0	0.4567307692307692	1.301029995663981
1134	DIVORCE	divorcio	1307.0	31.41826923076923	3.1166077439882485
1135	KICK	patear	383.0	9.206730769230768	2.5843312243675305
1136	RABBIT	conejo	921.0	22.139423076923077	2.9647309210536292
1143	OVEN	horno	581.0	13.966346153846153	2.7649229846498886
1144	WITNESS	testigo	1957.0	47.043269230769226	3.2918126874671185
1145	SWAMP	pantano	287.0	6.899038461538462	2.4593924877592306
1150	THUNDER	trueno	170.0	4.086538461538462	2.2329961103921536
1151	VEIL	velo	197.0	4.735576923076923	2.296665190261531
1152	BEGET	engendrar	26.0	0.625	1.4313637641589871
1155	CAVE	cueva	559.0	13.4375	2.7481880270062002
1156	OPEN	abrir	2673.0	64.2548076923077	3.4271614029259654
1157	BECAUSE	porque	70048.0	1683.8461538461538	4.845401939799069
1158	STEP	paso	6188.0	148.75	3.7916204826928133
1160	THIEF	ladrón	1181.0	28.389423076923077	3.0726174765452363
1161	THREAD	hilo	387.0	9.302884615384615	2.5888317255942073
1162	INTENTION	propósito	2776.0	66.73076923076923	3.443575879750257
1169	OX	buey	80.0	1.923076923076923	1.9084850188786497
117	IMITATE	imitar	124.0	2.980769230769231	2.0969100130080562
1171	MIRROR	espejo	1174.0	28.221153846153847	3.070037866607755
1173	EYEBROW	ceja	64.0	1.5384615384615383	1.8129133566428552
1174	YESTERDAY	ayer	5216.0	125.38461538461539	3.7174208367223742
1175	GHOST	fantasma	1636.0	39.32692307692307	3.214048679411941
1180	DAY BEFORE YESTERDAY	anteayer	49.0	1.1778846153846154	1.6989700043360185
1181	PALM TREE	palmera	50.0	1.2019230769230769	1.7075701760979363
1185	VULTURE	buitre	49.0	1.1778846153846154	1.6989700043360185
1186	LAST (ENDURE)	durar	402.0	9.663461538461538	2.605305046141109
1187	GOOSE	ganso	166.0	3.9903846153846154	2.2227164711475833
1188	CHARCOAL	carbón	301.0	7.2355769230769225	2.4800069429571505
119	DIVE	zambullirse	23.0	0.5528846153846154	1.380211241711606
1192	THREATEN	amenazar	101.0	2.4278846153846154	2.008600171761917
1198	MANY	mucho	51568.0	1239.6153846153845	4.712388709869141
1199	WIFE	esposa	13388.0	321.82692307692304	4.126748141560192
12	MIDDAY	mediodía	707.0	16.995192307692307	2.850033257689769
1200	HUSBAND	esposo	5383.0	129.39903846153845	3.73110505121592
1201	FEATHER	pluma	456.0	10.961538461538462	2.65991620006985
1202	BIG	grande	10465.0	251.5625	4.019780730403646
1203	LONG	largo	4558.0	109.5673076923077	3.6588695922019623
1204	BARK	corteza	221.0	5.3125	2.3463529744506384
1205	TONGUE	lengua	1659.0	39.87980769230769	3.2201080880400546
1206	BARKING	ladrar	79.0	1.8990384615384615	1.9030899869919433
1208	CAT	gato	2246.0	53.99038461538461	3.351603072419129
1209	I	i	789.0	18.966346153846153	2.8976270912904414
121	SPIN	hilar	5.0	0.12019230769230768	0.7781512503836435
1210	HEAVY	pesado	815.0	19.591346153846153	2.911690158753861
1211	HE	él	67028.0	1611.25	4.8262627402392955
1212	WE	nosotros	31729.0	762.7163461538461	4.501470072100412
1213	YOU	vosotros	637.0	15.3125	2.804820678721162
1214	THIS	este	76265.0	1833.293269230769	4.882330969104295
1215	THOU	usted	36614.0	880.1442307692307	4.56365903847287
1216	MOTHER	mamá	32739.0	786.9951923076923	4.515078675075922
1217	FATHER	papá	31372.0	754.1346153846154	4.496556049496294
1218	ROPE	cuerda	978.0	23.509615384615383	2.9907826918031377
1219	WORM	gusano	420.0	10.096153846153845	2.624282095835668
1220	TAIL	cola	1274.0	30.625	3.1055101847699738
1221	NOSE	nariz	2241.0	53.87019230769231	3.350635608258954
1222	PENIS	pene	1503.0	36.12980769230769	3.1772478362556233
1223	HEART	corazón	10517.0	252.8125	4.021933166477438
1224	LIVER	hígado	798.0	19.182692307692307	2.902546779313991
1225	DAY (NOT NIGHT)	día	39978.0	961.0096153846154	4.601831926852799
1226	YEAR	año	13434.0	322.9326923076923	4.128237670769186
1227	BOARD	tabla	550.0	13.221153846153845	2.741151598851785
1228	EARTH (SOIL)	tierra	8603.0	206.8028846153846	3.9347004017154243
1229	OLD	viejo	14252.0	342.5961538461538	4.153906285138867
123	FOREHEAD	frente	5943.0	142.8605769230769	3.774078800752519
1230	DIRTY	sucio	1489.0	35.793269230769226	3.173186268412274
1231	NEW	nuevo	24349.0	585.3125	4.386498965550653
1233	NIGHT	noche	36842.0	885.625	4.56635498608506
1234	SMOOTH	liso	47.0	1.1298076923076923	1.6812412373755872
1235	WHO	quien	16030.0	385.33653846153845	4.204960614115602
1236	WHAT	que	1404912.0	33771.92307692308	6.147649431152282
1237	WHERE	donde	23547.0	566.0336538461538	4.371954027140131
1238	WHEN	cuando	90151.0	2167.091346153846	4.954975365881815
1239	HOW	como	149587.0	3595.841346153846	5.174896755675416
1240	NOT	no	1275655.0	30664.783653846152	6.10573357607512
1242	FEW	poco	36391.0	874.7836538461538	4.561005923821898
1243	WIDE	ancho	223.0	5.3605769230769225	2.3502480183341623
1244	THICK	grueso	142.0	3.4134615384615383	2.1553360374650614
1246	SMALL	chico	13208.0	317.5	4.120869940179188
1247	EAR	oreja	652.0	15.673076923076923	2.814913181275074
1248	EYE	ojo	2697.0	64.83173076923077	3.431041945335885
1250	JAGUAR	jaguar	134.0	3.2211538461538463	2.130333768495006
1251	BELLY	barriga	230.0	5.528846153846153	2.363611979892144
1252	HOUSE	casa	57337.0	1378.2932692307693	4.758442540300172
1255	SNOWING	nevar	48.0	1.1538461538461537	1.6901960800285134
1256	HEAD	cabeza	14921.0	358.6778846153846	4.173827035653579
1257	WING	ala	624.0	15.0	2.795880017344075
1258	FINGERNAIL	uña	154.0	3.7019230769230766	2.1903316981702914
1261	SING	cantar	1563.0	37.57211538461539	3.194236748723829
1262	BROTHER	hermano	16296.0	391.7307692307692	4.212107665547658
1263	SISTER	hermana	8956.0	215.28846153846152	3.952162574214462
1264	CHANGE	cambiar	5430.0	130.52884615384616	3.7348798027926273
1267	NARROW	estrecho	132.0	3.173076923076923	2.123851640967086
127	EXTINGUISH	apagar	604.0	14.519230769230768	2.7817553746524686
1272	AUNT	tía	2757.0	66.27403846153845	3.4405942618398306
1273	CANDLE	vela	439.0	10.552884615384615	2.643452676486187
1274	SALT	sal	4654.0	111.875	3.667919685317361
1275	ANSWER	contestar	818.0	19.663461538461537	2.913283901760418
1276	AUTUMN	otoño	503.0	12.091346153846153	2.702430536445525
1277	HAND	mano	10648.0	255.96153846153845	4.0273088270355455
1278	VOMIT	vomitar	804.0	19.326923076923077	2.9057958803678683
1280	FALL	caer	1911.0	45.9375	3.281487887940081
1281	PRISON	cárcel	3301.0	79.35096153846153	3.518777068926774
1283	TODAY	hoy	24087.0	579.0144230769231	4.381800742504702
1286	HOT	caliente	2978.0	71.58653846153845	3.474070503215043
1287	COLD	fría	1330.0	31.971153846153847	3.124178055474675
1288	CAP	gorro	161.0	3.8701923076923075	2.2095150145426303
1289	BABY	criatura	1020.0	24.51923076923077	3.00902574208691
129	CHOKE	sofocar	14.0	0.3365384615384615	1.1760912590556811
1290	ELEPHANT	elefante	423.0	10.16826923076923	2.6273658565927325
1291	BACK	espalda	2835.0	68.14903846153845	3.4527062265110287
1292	BAD	malo	9346.0	224.66346153846152	3.9706722426897194
1295	STICK	palo	847.0	20.360576923076923	2.9283958522567137
1297	LEG	pierna	2143.0	51.51442307692307	3.3312247810207323
1298	NEWSPAPER	periódico	1557.0	37.42788461538461	3.1925674533365456
13	DECEIT	engaño	621.0	14.927884615384615	2.7937903846908183
1300	COUNTRY	país	6920.0	166.34615384615384	3.8401688492407557
1301	FOOT	pie	4302.0	103.41346153846153	3.633771346082555
1302	FORK	tenedor	249.0	5.9855769230769225	2.397940008672037
1303	FINGER	dedo	1905.0	45.793269230769226	3.280122896302307
1304	CHILD (YOUNG HUMAN)	niño	11185.0	268.8701923076923	4.048674814992229
1305	CHIMNEY	chimenea	350.0	8.413461538461538	2.545307116465824
1306	QUEEN	reina	2567.0	61.70673076923077	3.4095950193968156
1308	DOUBT	dudar	247.0	5.9375	2.394451680826216
1309	ASK (INQUIRE)	preguntar	2189.0	52.62019230769231	3.340444114840118
1312	FOX	zorro	345.0	8.29326923076923	2.5390760987927767
1313	MOON	luna	2746.0	66.00961538461539	3.4388586594205615
1316	TENT	toldo	24.0	0.5769230769230769	1.3979400086720375
1318	CHICKEN	pollo	1967.0	47.28365384615385	3.294025094095322
1320	APPLE	manzana	789.0	18.966346153846153	2.8976270912904414
1321	BOTTLE	botella	1792.0	43.07692307692307	3.2535802895621826
1322	BREAKFAST	desayuno	1775.0	42.668269230769226	3.249442961442582
1323	CLOCK	reloj	2144.0	51.53846153846154	3.3314272965207428
1324	SLIP	resbalar	16.0	0.3846153846153846	1.2304489213782739
1326	DOWN	abajo	8727.0	209.78365384615384	3.940914737580285
1327	UNCLE	tío	6301.0	151.46634615384616	3.79947839883798
1328	SCISSORS	tijeras	287.0	6.899038461538462	2.4593924877592306
1329	TOMORROW	mañana	26537.0	637.9086538461538	4.4238681897532475
1330	DEFEND	defender	570.0	13.701923076923077	2.7566361082458477
1331	SHEEP	oveja	263.0	6.322115384615384	2.421603926869831
1332	NEIGHBOUR	vecino	962.0	23.125	2.9836262871245345
1333	NECK	cuello	2348.0	56.44230769230769	3.3708830167776056
1335	WHITE	blanco	4639.0	111.51442307692308	3.6665179805548807
1336	EAT	comer	8184.0	196.73076923076923	3.91301868374796
1338	PEACE	paz	6510.0	156.4903846153846	3.813647695346896
134	FAULT	culpa	8798.0	211.4903846153846	3.944433317700214
1340	WITH	con	298417.0	7173.485576923076	5.474825015398845
1341	HEAT UP	calentar	198.0	4.759615384615384	2.2988530764097064
1342	SUMMER	verano	2948.0	70.86538461538461	3.469674772551798
1343	SUN	sol	3669.0	88.19711538461539	3.5646660642520893
1346	THROAT	garganta	1023.0	24.591346153846153	3.0102999566398116
1347	NAPE (OF NECK)	nuca	275.0	6.6105769230769225	2.4409090820652173
1348	BOAR (MALE PIG)	jabalí	95.0	2.2836538461538463	1.9822712330395682
1350	MONKEY	mono	1378.0	33.125	3.1395642661758494
1352	KNIFE	cuchillo	1728.0	41.53846153846154	3.2377949932739223
1353	HOUR	hora	20061.0	482.2355769230769	4.302374226075583
1355	LAUGH	reír	699.0	16.802884615384613	2.8450980400142565
1357	DAUGHTER	hija	12255.0	294.59134615384613	4.088348752288528
1358	ENEMY	enemigo	2260.0	54.32692307692307	3.3543005623453594
136	HERE	aquí	161206.0	3875.1442307692305	5.2073838960011365
1360	DUCK	pato	620.0	14.903846153846153	2.79309160017658
1361	TOOL	herramienta	245.0	5.889423076923077	2.390935107103379
1362	STREET	calle	6462.0	155.33653846153845	3.8104341559226724
1363	VOICE	voz	4692.0	112.78846153846153	3.6714505542124938
1366	BOY	muchacho	5565.0	133.77403846153845	3.745543201998024
1367	CROSS	cruz	895.0	21.514423076923077	2.952308009662125
1368	BREAD	pan	2007.0	48.24519230769231	3.3027637084729813
1369	GOLD	oro	2975.0	71.51442307692308	3.4736329268738406
137	COCA	coca	673.0	16.177884615384613	2.8286598965353194
1370	MONTH	mes	4336.0	104.23076923076923	3.637189422148762
1371	KNEE	rodilla	599.0	14.399038461538462	2.7781512503836434
1375	WINDOW	ventana	3046.0	73.22115384615384	3.483872454222673
1376	NOW	ahora	96985.0	2331.3701923076924	4.986709048064589
1378	SPOON	cuchara	293.0	7.043269230769231	2.468347330412157
1379	TELEPHONE	teléfono	9927.0	238.62980769230768	3.996861768490673
138	BATHE	bañarse	76.0	1.8269230769230769	1.8864907251724818
1380	TOOTH	diente	406.0	9.759615384615385	2.6095944092252195
1381	SHOE	zapato	712.0	17.115384615384613	2.8530895298518653
1382	NEEDLE (FOR SEWING)	aguja	467.0	11.225961538461538	2.6702458530741238
1383	GRANDFATHER	abuelo	3278.0	78.79807692307692	3.515741416669365
1384	SECOND	segundo	10314.0	247.9326923076923	4.013469232309171
1385	PEPPER	pimienta	255.0	6.1298076923076925	2.408239965311849
1386	LION	león	732.0	17.596153846153847	2.8651039746411278
1388	SHADE	sombra	820.0	19.71153846153846	2.9143431571194403
139	GUMS	encías	81.0	1.9471153846153846	1.9138138523837167
1391	TOWN	ciudad	10980.0	263.9423076923077	4.040641891544537
1392	LOUSE	piojo	18.0	0.43269230769230765	1.2787536009528289
1393	HORN (ANATOMY)	cuerno	229.0	5.5048076923076925	2.3617278360175926
1394	BONE	hueso	710.0	17.067307692307693	2.851869600729766
1395	ROUND	redondo	99.0	2.379807692307692	2.0
1396	SHARP	afilado	96.0	2.3076923076923075	1.9867717342662448
1398	DRY	seco	628.0	15.096153846153845	2.7986506454452686
14	YOKE	yugo	28.0	0.673076923076923	1.462397997898956
1401	DRINK	beber	2695.0	64.78365384615384	3.430719887863282
1402	BREAST	senos	711.0	17.091346153846153	2.852479993636856
1403	BITE	morder	219.0	5.264423076923077	2.342422680822206
1404	STRAIGHT	recto	261.0	6.274038461538462	2.4183012913197452
1405	NAME	nombre	21018.0	505.2403846153846	4.322612050188288
1406	FAR	lejos	6377.0	153.29326923076923	3.8046845149069397
1408	HEAR	oír	4094.0	98.41346153846153	3.612253906096437
1409	SEE	ver	45659.0	1097.5721153846152	4.659535907154217
141	BURN (SOMETHING)	quemar	493.0	11.850961538461538	2.6937269489236466
1410	KNOW (SOMETHING)	saber	20853.0	501.27403846153845	4.319189369204891
1411	LIE (REST)	acostado	482.0	11.586538461538462	2.6839471307515117
1413	PLAY	jugar	7320.0	175.96153846153845	3.8645704068534297
1414	SQUEEZE	exprimir	36.0	0.8653846153846153	1.5682017240669948
1415	THINK (REFLECT)	pensar	9694.0	233.02884615384613	3.986547813414724
1416	SIT	sentado	2057.0	49.44711538461538	3.3134453704264137
1417	KILL	matar	7696.0	185.0	3.886321486559479
1418	DIG	cavar	270.0	6.490384615384615	2.4329692908744054
1419	FEAR (BE AFRAID)	temer	424.0	10.192307692307692	2.6283889300503116
1420	COUNT	contar	2624.0	63.07692307692307	3.4191293077419753
1421	SUCK	chupar	212.0	5.096153846153846	2.3283796034387376
1422	BE ALIVE	vivir	8469.0	203.58173076923077	3.9278834103307063
1424	YELLOW	amarillo	701.0	16.850961538461537	2.8463371121298047
1425	GREEN	verde	2144.0	51.53846153846154	3.3314272965207428
1428	BURNING	arder	111.0	2.668269230769231	2.049218022670181
1429	FULL	lleno	2775.0	66.70673076923077	3.4434194617828173
1430	STAR	estrella	2540.0	61.05769230769231	3.405004665050369
1432	CUT	cortar	1394.0	33.50961538461539	3.144574207609616
1435	HUNT	cazar	603.0	14.495192307692307	2.7810369386211318
1436	SCRATCH	rascar	29.0	0.6971153846153846	1.4771212547196624
1439	SWIM	nadar	1013.0	24.350961538461537	3.006037954997317
1440	SPIT	escupir	115.0	2.7644230769230766	2.064457989226918
1441	FLY (MOVE THROUGH AIR)	volar	2444.0	58.75	3.388278863459639
1442	STAND	parado	1349.0	32.42788461538461	3.130333768495006
1443	WALK	andar	1304.0	31.346153846153847	3.1156105116742996
1446	COME	come	2194.0	52.74038461538461	3.34143452457814
1447	GIVE	dar	7933.0	190.6971153846154	3.8994921961381315
1448	HOLD	sostener	328.0	7.884615384615384	2.517195897949974
1449	RUB	frotar	38.0	0.9134615384615384	1.591064607026499
1452	PUSH	empujar	206.0	4.951923076923077	2.3159703454569174
1453	WASH	lavar	668.0	16.057692307692307	2.825426117767823
1455	PULL	jalar	98.0	2.355769230769231	1.9956351945975497
1456	THROW	echar	1359.0	32.668269230769226	3.133538908370217
1457	SEW	coser	126.0	3.0288461538461537	2.103803720955957
1458	SAY	decir	43681.0	1050.0240384615383	4.640302514519921
1459	IF	si	213897.0	5141.754807692308	5.330206723828075
1460	IN	en	648045.0	15578.004807692307	5.811605834322941
1463	DRUNK	ebrio	618.0	14.85576923076923	2.7916906490201177
1464	LADDER	escalera	976.0	23.46153846153846	2.9898945637187726
1467	CIRCLE	círculo	900.0	21.634615384615383	2.9547247909790624
1468	LOOK FOR	buscar	7045.0	169.35096153846152	3.847942638845223
1469	WEEK	semana	14455.0	347.47596153846155	4.160048139552875
1470	FOLD	doblar	242.0	5.8173076923076925	2.3856062735983117
1471	WINTER	invierno	997.0	23.966346153846153	2.999130541287371
1472	KEY	llave	3245.0	78.0048076923077	3.5113485154902127
1474	SEA	mar	2792.0	67.11538461538461	3.446070935701005
1475	COMB	peine	98.0	2.355769230769231	1.9956351945975497
1476	CHAIR	silla	2307.0	55.45673076923077	3.363235804483694
1479	DOLPHIN	delfín	137.0	3.293269230769231	2.1398790864012365
148	ITCH	comezón	84.0	2.019230769230769	1.9294189257142926
1480	BODY	cuerpo	9055.0	217.66826923076923	3.956936413844196
1481	HAMMER	martillo	497.0	11.947115384615385	2.697229342759717
1482	SHOULDER	hombro	909.0	21.850961538461537	2.9590413923210934
1483	NINE	nueve	2708.0	65.09615384615384	3.432809005033168
1484	OIL (ORGANIC SUBSTANCE)	aceite	761.0	18.29326923076923	2.8819549713396
1485	BELOW OR UNDER	debajo	2926.0	70.33653846153845	3.4664227224337916
1487	POUR	servir	1077.0	25.889423076923077	3.0326187608507196
1489	CLOUD	nube	399.0	9.591346153846153	2.602059991327962
1490	RAT	rata	951.0	22.860576923076923	2.978636948384474
1491	MOUSE	ratón	614.0	14.759615384615383	2.7888751157754164
1493	ONE	uno	38522.0	926.0096153846154	4.585720100693229
1494	DIE	morir	8727.0	209.78365384615384	3.940914737580285
1496	GRANDMOTHER	abuela	4402.0	105.8173076923077	3.6437486854595256
1498	TWO	dos	54606.0	1312.6442307692307	4.73724831791562
15	OTTER	nutria	42.0	1.0096153846153846	1.6334684555795864
1500	FOUR	cuatro	10355.0	248.91826923076923	4.015192041762834
1501	BORE	perforar	88.0	2.1153846153846154	1.9493900066449126
1502	GOAT	cabra	417.0	10.024038461538462	2.621176281775035
1503	SALIVA	saliva	248.0	5.961538461538462	2.396199347095736
1504	FLY (INSECT)	mosca	314.0	7.5480769230769225	2.4983105537896004
1506	MEASURE	medir	191.0	4.591346153846153	2.2833012287035492
1507	FRUIT	fruta	570.0	13.701923076923077	2.7566361082458477
1509	MOSQUITO	mosquito	81.0	1.9471153846153846	1.9138138523837167
1510	CHIN	mentón	134.0	3.2211538461538463	2.130333768495006
1511	ROOSTER	gallo	253.0	6.081730769230769	2.404833716619938
1514	HEN	gallina	608.0	14.615384615384615	2.784617292632875
1515	TEN	diez	6065.0	145.79326923076923	3.7829024059746446
1517	WASP	avispa	51.0	1.2259615384615383	1.716003343634799
1519	RUN	correr	2489.0	59.83173076923077	3.396199347095736
1521	SEEM	parecer	2621.0	63.00480769230769	3.4186326873540653
1522	SOCK	calcetín	104.0	2.5	2.021189299069938
1523	FORGET	olvidar	1476.0	35.480769230769226	3.1693804953119495
1524	WINE	vino	8255.0	198.4375	3.9167696842831354
1525	COAST	costa	1592.0	38.26923076923077	3.202215775801131
1528	FORGIVE	perdonar	391.0	9.399038461538462	2.5932860670204567
1529	LAST (FINAL)	último	7491.0	180.0721153846154	3.874597768703199
1530	BOWL	tazón	302.0	7.259615384615384	2.481442628502305
1531	BRANCH	rama	253.0	6.081730769230769	2.404833716619938
1534	FEVER	fiebre	1005.0	24.158653846153847	3.0025979807199086
1535	SWORD	espada	1261.0	30.3125	3.101059354908115
1536	UNDERSTAND	entender	3335.0	80.16826923076923	3.5232260419657004
1537	SPRINGTIME	primavera	1055.0	25.360576923076923	3.0236639181977933
1539	BASKET	cesta	154.0	3.7019230769230766	2.1903316981702914
154	UDDER	ubre	10.0	0.24038461538461536	1.041392685158225
1540	EYELASH	pestaña	32.0	0.7692307692307692	1.5185139398778873
1543	SNAIL	caracol	99.0	2.379807692307692	2.0
1547	SOUP	caldo	97.0	2.331730769230769	1.9912260756924949
1548	UGLY	feo	1445.0	34.73557692307692	3.1601682929585118
1553	MALE	varón	339.0	8.149038461538462	2.531478917042255
1554	MAN	hombre	43570.0	1047.3557692307693	4.6391975275625175
1558	SIMILAR	semejante	492.0	11.826923076923077	2.6928469192772297
1559	MONEY	dinero	30024.0	721.7307692307692	4.477483016074943
156	RED	rojo	2341.0	56.27403846153846	3.3695868907363438
1560	FACE	cara	9984.0	240.0	3.999348069206721
1564	LAZY	perezoso	118.0	2.8365384615384612	2.0755469613925306
1566	GUN	pistola	2317.0	55.69711538461538	3.365113431627577
1567	DOOR	puerta	13681.0	328.8701923076923	4.13614958608853
1569	CHEESE	queso	1954.0	46.97115384615385	3.2911467617318855
157	DYE	teñir	13.0	0.3125	1.1461280356782377
1571	SELL	vender	2103.0	50.55288461538461	3.3230457354817013
1573	SWELL	hinchar	14.0	0.3365384615384615	1.1760912590556811
1574	FLOAT	flotar	107.0	2.5721153846153846	2.0334237554869494
1575	COCKROACH	cucaracha	174.0	4.1826923076923075	2.2430380486862944
1576	PILE UP	amontonar	6.0	0.14423076923076922	0.8450980400142567
1577	AND	y	688375.0	16547.47596153846	5.837825720386983
1578	IGUANA	iguana	24.0	0.5769230769230769	1.3979400086720375
158	PUT ON	calar	14.0	0.3365384615384615	1.1760912590556811
1584	BLISTER	ampolla	103.0	2.4759615384615383	2.0170333392987803
1585	SLEEP	dormir	7183.0	172.66826923076923	3.8563663236592474
1586	SMELL (PERCEIVE)	oler	536.0	12.884615384615385	2.7299742856995555
1588	TURN	virar	33.0	0.7932692307692307	1.5314789170422551
1591	UP	arriba	9803.0	235.64903846153845	3.99140330258004
1592	CHEST	pecho	1619.0	38.918269230769226	3.2095150145426303
1594	FLOUR	harina	169.0	4.0625	2.2304489213782737
1595	SOUTH	sur	2712.0	65.1923076923077	3.4334497937615955
1597	AIRPLANE	avión	5119.0	123.05288461538461	3.7092699609758304
1598	NORTH	norte	3161.0	75.98557692307692	3.4999618655961897
1599	WORD	palabra	7220.0	173.5576923076923	3.8585973449946924
1600	SKIRT	falda	404.0	9.711538461538462	2.6074550232146683
1601	WEAK	débil	1511.0	36.32211538461539	3.179551791165187
1602	WAKE UP	despertarse	119.0	2.860576923076923	2.0791812460476247
1604	TEMPLES	sien	67.0	1.6105769230769231	1.8325089127062362
1607	HATE	odiar	242.0	5.8173076923076925	2.3856062735983117
1608	LISTEN	escuchar	3686.0	88.60576923076923	3.5666731376061165
1610	PROSTITUTE	prostituta	1241.0	29.831730769230766	3.0941215958405612
1612	LETTER	carta	3779.0	90.84134615384615	3.5774917998372247
1613	COLOR	color	2763.0	66.41826923076923	3.44153803870216
1616	CLOTH	tela	369.0	8.870192307692307	2.5682017240669945
1618	GRANDSON	nieto	642.0	15.432692307692307	2.8082109729242215
1619	GRANDDAUGHTER	nieta	356.0	8.557692307692307	2.5526682161121927
1620	SON	hijo	28291.0	680.0721153846154	4.451663649410409
1621	SNEEZE	estornudar	41.0	0.985576923076923	1.6232492903979003
1622	SHIRT	camisa	1925.0	46.27403846153846	3.2846562827885157
1623	SPEAK	hablar	33373.0	802.2355769230769	4.523408261608936
1624	EMPTY	vacío	1297.0	31.177884615384613	3.11327469246435
1626	EXPLAIN	explicar	1619.0	38.918269230769226	3.2095150145426303
1627	CHAIN	cadena	1356.0	32.59615384615385	3.132579847659737
1628	SQUIRREL	ardilla	318.0	7.644230769230769	2.503790683057181
163	BLACK	negro	5717.0	137.4278846153846	3.7572441510219696
1630	MACAW	guacamayo	10.0	0.24038461538461536	1.041392685158225
1631	FAST	rápido	12506.0	300.625	4.097153149845959
1632	FLOOR	suelo	3181.0	76.46634615384615	3.502700175310563
1633	FLAT	plano	559.0	13.4375	2.7481880270062002
1635	OBEY	obedecer	182.0	4.375	2.2624510897304293
1639	BEER	cerveza	3312.0	79.61538461538461	3.5202214358819597
164	KANGAROO	canguro	113.0	2.7163461538461537	2.0569048513364723
1641	SILK	seda	361.0	8.677884615384615	2.558708570533166
1642	NIECE	sobrina	439.0	10.552884615384615	2.643452676486187
1645	SHORT	corto	1296.0	31.153846153846153	3.1129399760840797
1646	GIRL	muchacha	1355.0	32.57211538461539	3.132259689531044
1651	TEAR (OF EYE)	lágrima	96.0	2.3076923076923075	1.9867717342662448
1653	BLIND	ciego	1020.0	24.51923076923077	3.00902574208691
1654	LIGHTNING	rayo	699.0	16.802884615384613	2.8450980400142565
1655	BLINK	parpadear	57.0	1.3701923076923077	1.7634279935629371
166	MAINLAND	continente	228.0	5.480769230769231	2.359835482339888
1663	BED	cama	7412.0	178.1730769230769	3.869994000121741
1664	RAFT	balsa	218.0	5.240384615384615	2.340444114840118
1666	MUTE	mudo	249.0	5.9855769230769225	2.397940008672037
1667	HOLE	agujero	1365.0	32.8125	3.1354506993455136
1669	ANCESTORS	antepasados	150.0	3.605769230769231	2.1789769472931693
1671	TOWER	torre	905.0	21.75480769230769	2.957128197676813
1672	WRITE	escribir	2771.0	66.61057692307692	3.442793225939769
1673	ARM	brazo	2318.0	55.72115384615385	3.365300748637987
1674	POOR	pobre	3728.0	89.61538461538461	3.5715923833613066
1675	PROMISE	prometer	202.0	4.855769230769231	2.3074960379132126
1676	ALWAYS	siempre	39978.0	961.0096153846154	4.601831926852799
1678	HUT	rancho	404.0	9.711538461538462	2.6074550232146683
168	REST	descansar	1499.0	36.03365384615385	3.176091259055681
1680	HELMET	yelmo	3.0	0.07211538461538461	0.6020599913279623
1681	WAIST	cintura	261.0	6.274038461538462	2.4183012913197452
1682	GUILTY	culpable	2557.0	61.46634615384615	3.4079005401426348
1683	BUSH	monte	580.0	13.942307692307692	2.76417613239033
1685	AFTER	después	28528.0	685.7692307692307	4.4552865490109745
1689	SMOKE (INHALE)	fumar	1529.0	36.75480769230769	3.1846914308175984
169	IT	ello	5253.0	126.27403846153845	3.7204900684500513
1692	FRIDAY	viernes	2410.0	57.93269230769231	3.3821972103774534
1693	THURSDAY	jueves	1253.0	30.120192307692307	3.0982975364946976
1694	WEDNESDAY	miércoles	937.0	22.52403846153846	2.972202838379064
1695	TUESDAY	martes	1381.0	33.19711538461539	3.1405080430381793
1696	SURRENDER	rendirse	190.0	4.5673076923076925	2.281033367247727
1697	MONDAY	lunes	1774.0	42.64423076923077	3.2491983573911125
1699	SUNDAY	domingo	1655.0	39.78365384615385	3.219060332448861
17	EYELID	párpado	15.0	0.3605769230769231	1.2041199826559246
1700	SATURDAY	sábado	2049.0	49.25480769230769	3.3117538610557538
1702	HOLY	sagrado	662.0	15.913461538461538	2.8215135284047728
1703	SIX	seis	8141.0	195.6971153846154	3.9107310980433807
1704	SEVEN	siete	4470.0	107.45192307692308	3.6504046698680317
1705	EIGHT	ocho	3998.0	96.10576923076923	3.6019514041335214
1706	ELEVEN	once	728.0	17.5	2.8627275283179743
1707	TWELVE	doce	1217.0	29.25480769230769	3.0856472882968564
1709	FIFTEEN	quince	1006.0	24.182692307692307	3.003029470553618
1710	TWENTY	veinte	1461.0	35.12019230769231	3.164947372621841
1712	OATH	juramento	485.0	11.658653846153845	2.686636269262293
1719	BURY	sepultar	23.0	0.5528846153846154	1.380211241711606
1725	CORRECT (RIGHT)	correcto	7061.0	169.7355769230769	3.848927713227078
1726	WET	mojado	305.0	7.331730769230769	2.4857214264815797
1728	ROTTEN	podrido	193.0	4.639423076923077	2.287801729930226
1730	CHEEK	mejilla	249.0	5.9855769230769225	2.397940008672037
1732	SKY	cielo	6029.0	144.9278846153846	3.780317312140151
1735	TEAR (SHRED)	rasgar	20.0	0.4807692307692307	1.322219294733919
174	PROUD	orgulloso	2051.0	49.30288461538461	3.3121773564397783
1740	PINE	pino	190.0	4.5673076923076925	2.281033367247727
1743	JOIN	juntar	364.0	8.75	2.5622928644564746
1744	SPLEEN	bazo	128.0	3.0769230769230766	2.110589710299249
1745	HIP	cadera	262.0	6.2980769230769225	2.4199557484897576
1747	CUSTOM	costumbre	542.0	13.028846153846153	2.7347998295888467
1753	TOP	cima	707.0	16.995192307692307	2.850033257689769
1756	WIDOW	viuda	491.0	11.802884615384615	2.69196510276736
1757	TIRED	cansado	2144.0	51.53846153846154	3.3314272965207428
176	BLOW (WITH MOUTH)	soplar	86.0	2.067307692307692	1.9395192526186182
1763	CLUB	club	4003.0	96.22596153846153	3.602494068807281
1768	FOAM	espuma	253.0	6.081730769230769	2.404833716619938
1769	AXLE	eje	172.0	4.134615384615384	2.2380461031287955
1773	GRAVE	sepulcro	33.0	0.7932692307692307	1.5314789170422551
1775	TABLE	mesa	4560.0	109.61538461538461	3.659060072240938
1776	SHAME	vergüenza	1754.0	42.16346153846154	3.2442771208018426
1778	APPROACH	acercarse	412.0	9.903846153846153	2.615950051656401
178	RIPE	maduro	273.0	6.5625	2.437750562820388
1781	THUMB	pulgar	315.0	7.572115384615384	2.4996870826184034
1782	GUEST	huésped	411.0	9.879807692307692	2.6148972160331345
1783	PAIN	dolor	5137.0	123.48557692307692	3.710794099930327
1786	DRY UP	secar	76.0	1.8269230769230769	1.8864907251724818
1787	LOOM	telar	30.0	0.7211538461538461	1.4913616938342726
1788	TELEVISION	tele	1030.0	24.759615384615383	3.0132586652835163
1789	AGE	edad	4708.0	113.17307692307692	3.6729286904427223
1791	BUTTERFLY	mariposa	279.0	6.706730769230769	2.447158031342219
1792	PERJURY	perjurio	84.0	2.019230769230769	1.9294189257142926
1793	BAT	murciélago	197.0	4.735576923076923	2.296665190261531
1794	FURROW	surco	30.0	0.7211538461538461	1.4913616938342726
180	CALL BY NAME	llamarse	137.0	3.293269230769231	2.1398790864012365
1803	WOOD	madera	1136.0	27.307692307692307	3.0557604646877348
1807	AFTERNOON	tarde	18456.0	443.65384615384613	4.2661611122194
1808	PUS	pus	66.0	1.5865384615384615	1.8260748027008262
1810	DANGER	peligro	3486.0	83.79807692307692	3.542451947375976
1818	ADJUDICATE	juzgar	517.0	12.427884615384615	2.7143297597452327
1820	BEAR	oso	1146.0	27.548076923076923	3.0595634179012676
1821	BRUSH	cepillo	394.0	9.471153846153847	2.59659709562646
1828	ASK (REQUEST)	pedir	2992.0	71.92307692307692	3.4761067168401913
1829	JUMP	saltar	1105.0	26.5625	3.043755126968679
183	BAKE	hornear	67.0	1.6105769230769231	1.8325089127062362
1831	MEET	encontrar	9410.0	226.20192307692307	3.9736357734174073
1833	DINNER (SUPPER)	cena	5040.0	121.15384615384615	3.70251669743815
1834	SHE	ella	75137.0	1806.1778846153845	4.875859630965273
1837	VULVA	vulva	89.0	2.1394230769230766	1.9542425094393248
1838	NAVEL	ombligo	130.0	3.125	2.117271295655764
1839	CRY	llorar	1992.0	47.88461538461538	3.299507298700487
184	MAST	mástil	74.0	1.7788461538461537	1.8750612633916997
1840	BUILD	edificar	15.0	0.3605769230769231	1.2041199826559246
1841	SUSPECT	sospechar	226.0	5.4326923076923075	2.3560258571931225
1843	THOUSAND	mil	5500.0	132.21153846153845	3.7404416449497657
1844	BOAT	bote	1693.0	40.69711538461538	3.2289134059946876
1845	BALL	pelota	1684.0	40.480769230769226	3.2265999052073573
1846	RULE	gobernar	168.0	4.038461538461538	2.2278867046136734
1849	ROW	remar	67.0	1.6105769230769231	1.8325089127062362
185	FIREPLACE	fogón	15.0	0.3605769230769231	1.2041199826559246
1850	COTTON	algodón	364.0	8.75	2.5622928644564746
1851	POCKET	bolsillo	1187.0	28.533653846153847	3.074816440645175
1853	DOVE	paloma	255.0	6.1298076923076925	2.408239965311849
1855	BIRCH	abedul	14.0	0.3365384615384615	1.1760912590556811
1856	SOFT	suave	1074.0	25.81730769230769	3.0314084642516237
1857	CROCODILE	cocodrilo	138.0	3.317307692307692	2.143014800254095
1858	FISHERMAN	pescador	192.0	4.615384615384615	2.2855573090077734
1859	THIRD	tercero	547.0	13.149038461538462	2.738780558484369
186	SHIN	espinilla	19.0	0.4567307692307692	1.301029995663981
1864	HUNGER	hambre	4317.0	103.77403846153845	3.6352826379982113
1867	COIN	moneda	750.0	18.028846153846153	2.875639937004168
1869	BUY	comprar	4694.0	112.83653846153845	3.6716355966021292
1870	ANCHOR	ancla	86.0	2.067307692307692	1.9395192526186182
1871	CAMEL	camello	234.0	5.625	2.371067862271736
1874	SAUSAGE	salchicha	483.0	11.610576923076923	2.6848453616444123
1879	DANCE	bailar	2875.0	69.11057692307692	3.4587888817108445
1884	HARD	duro	5462.0	131.2980769230769	3.737431200514582
1885	ARMADILLO	armadillo	36.0	0.8653846153846153	1.5682017240669948
1887	CHEAP	barato	739.0	17.764423076923077	2.869231719730976
1888	PAIR	par	8854.0	212.83653846153845	3.9471885655260928
1890	BELIEVE	creer	10568.0	254.03846153846152	4.024033897900904
1891	PUMA	puma	141.0	3.3894230769230766	2.1522883443830563
1892	TOUCH	tocar	2636.0	63.36538461538461	3.421110129793434
1895	CLOTHES	ropa	6936.0	166.73076923076923	3.8411716944995318
1897	HELP	ayudar	6932.0	166.6346153846154	3.840921200198771
1901	SHOVEL	pala	268.0	6.4423076923076925	2.4297522800024076
1902	BETRAY	traicionar	187.0	4.4951923076923075	2.2741578492636796
1903	SWELLING	hinchazón	123.0	2.956730769230769	2.093421685162235
1904	DROWN	ahogar	105.0	2.5240384615384612	2.02530586526477
1905	EAGLE	águila	186.0	4.471153846153846	2.271841606536499
1909	SHAKE	sacudir	108.0	2.5961538461538463	2.0374264979406234
191	NUT	nuez	210.0	5.0480769230769225	2.3242824552976926
1914	DEBT	deuda	960.0	23.076923076923077	2.9827233876685453
1915	FIR	abeto	24.0	0.5769230769230769	1.3979400086720375
1916	GILL	agalla	3.0	0.07211538461538461	0.6020599913279623
1917	TIE	atar	202.0	4.855769230769231	2.3074960379132126
1920	DREAM (SOMETHING)	soñar	397.0	9.54326923076923	2.5998830720736876
1921	PLOUGH	surcar	7.0	0.16826923076923075	0.9030899869919434
1922	LAND (DESCEND)	desembarcar	33.0	0.7932692307692307	1.5314789170422551
1923	ROUGH	áspero	53.0	1.2740384615384615	1.7323937598229684
1925	ARTERY	arteria	237.0	5.697115384615384	2.376576957056512
1926	OINTMENT	ungüento	45.0	1.0817307692307692	1.6627578316815739
1927	BAMBOO	bambú	72.0	1.7307692307692306	1.8633228601204557
1929	STUDY	estudiar	1495.0	35.9375	3.174931593528442
1934	BEGGAR	mendigo	86.0	2.067307692307692	1.9395192526186182
1936	DEER	venado	133.0	3.1971153846153846	2.1271047983648073
1937	THERE	allí	26419.0	635.0721153846154	4.4219328132785085
1939	SWEAR	jurar	200.0	4.8076923076923075	2.3031960574204886
194	FAMILY	familia	17827.0	428.5336538461538	4.251102625414139
1941	SOLDIER	soldado	2261.0	54.35096153846154	3.354492600589436
1942	NEAR	cerca	10664.0	256.3461538461538	4.0279608597854475
1943	CROWN (OF HEAD)	corona	548.0	13.173076923076923	2.7395723444500915
1945	IDOL	ídolo	131.0	3.1490384615384612	2.1205739312058496
1948	SAW	serrar	3.0	0.07211538461538461	0.6020599913279623
1950	BEECH	haya	11358.0	273.02884615384613	4.055340099544181
1959	RAW	crudo	165.0	3.9663461538461537	2.220108088040055
1961	NECKLACE	collar	738.0	17.740384615384613	2.8686444383948255
1962	ROAST (SOMETHING)	asar	47.0	1.1298076923076923	1.6812412373755872
1966	BUNCH	racimo	4.0	0.09615384615384615	0.6989700043360187
197	OTHER	otro	29050.0	698.3173076923076	4.463161086365148
1970	CANOE	canoa	92.0	2.2115384615384617	1.968482948553935
1971	FAN (OBJECT)	abanico	43.0	1.033653846153846	1.6434526764861872
1972	KID	cabrito	8.0	0.1923076923076923	0.9542425094393249
1973	DEMON	demonio	2084.0	50.09615384615385	3.319106059309776
1974	CENTIPEDE	ciempiés	16.0	0.3846153846153846	1.2304489213782739
1977	DEW	rocío	102.0	2.4519230769230766	2.012837224705172
1981	WIDOWER	viudo	64.0	1.5384615384615383	1.8129133566428552
1982	WHIRLPOOL	remolino	50.0	1.2019230769230769	1.7075701760979363
1983	SNORE	roncar	27.0	0.6490384615384616	1.447158031342219
1991	INTESTINES	intestinos	174.0	4.1826923076923075	2.2430380486862944
1992	MORE	más	148567.0	3571.3221153846152	5.171925276988529
1994	COLLARBONE	clavícula	72.0	1.7307692307692306	1.8633228601204557
1998	COMMAND	mandar	669.0	16.08173076923077	2.826074802700826
2	DUST	polvo	1530.0	36.77884615384615	3.184975190698261
2001	PAINTING	dibujar	280.0	6.730769230769231	2.4487063199050794
2002	DITCH	zanja	115.0	2.7644230769230766	2.064457989226918
2003	FLOW	fluir	73.0	1.7548076923076923	1.8692317197309762
2005	MASK	máscara	832.0	20.0	2.9206450014067875
2008	RESCUE	salvar	3223.0	77.47596153846153	3.508395033133053
2009	DOG	perro	6913.0	166.1778846153846	3.839729375206388
2014	GO DOWN (DESCEND)	bajar	2028.0	48.75	3.3072820470333455
2017	MIX	mezclar	169.0	4.0625	2.2304489213782737
2019	HAMMOCK	hamaca	74.0	1.7788461538461537	1.8750612633916997
2020	PLAINTIFF	demandante	147.0	3.533653846153846	2.170261715394957
2023	CROWD	multitud	500.0	12.019230769230768	2.6998377258672455
2024	PLOT	conspiración	600.0	14.423076923076923	2.778874472002739
203	MARRY	casarse	1066.0	25.625	3.0281644194244697
2030	DRAG	arrastrar	138.0	3.317307692307692	2.143014800254095
2058	STOOL	banco	3199.0	76.89903846153845	3.505149978319906
206	FIREFLY	luciérnaga	24.0	0.5769230769230769	1.3979400086720375
2060	STORY	cuento	2029.0	48.77403846153846	3.3074960379132126
2070	COMB (VERB)	peinar	30.0	0.7211538461538461	1.4913616938342726
2076	SPROUT (VERB)	brotar	12.0	0.28846153846153844	1.1139433523068367
208	NASAL MUCUS (SNOT)	moco	81.0	1.9471153846153846	1.9138138523837167
210	LIFE	vida	45942.0	1104.375	4.662219350478222
2108	RAINING OR RAIN	llover	266.0	6.394230769230769	2.426511261364575
211	CAST	fundir	26.0	0.625	1.4313637641589871
213	FIN	aleta	49.0	1.1778846153846154	1.6989700043360185
2148	PICK	coger	670.0	16.10576923076923	2.826722520168992
215	LIE DOWN	acostarse	505.0	12.139423076923077	2.704150516839799
218	FINE (PENALTY)	multa	389.0	9.350961538461538	2.591064607026499
2206	RABIES	rabia	444.0	10.673076923076923	2.648360010980931
221	FIRE	fuego	5525.0	132.8125	3.7424108805804925
2235	CLEAN (SOMETHING)	limpiar	1660.0	39.90384615384615	3.220369632451394
224	MORTAR	mortero	39.0	0.9375	1.6020599913279623
2240	CORAL SNAKE	coral	101.0	2.4278846153846154	2.008600171761917
2246	BELL	campana	387.0	9.302884615384615	2.5888317255942073
2249	THIN (OF SHAPE OF OBJECT)	delgado	388.0	9.326923076923077	2.5899496013257073
2252	PATH	camino	12613.0	303.19711538461536	4.1008528266573006
2253	DRIP (EMIT LIQUID)	gotear	16.0	0.3846153846153846	1.2304489213782739
2260	FEMALE (OF PERSON)	hembra	278.0	6.6826923076923075	2.4456042032735974
227	FISH	pez	1119.0	26.89903846153846	3.049218022670181
228	CARVE	esculpir	17.0	0.40865384615384615	1.2552725051033058
2292	GLASSES	gafas	474.0	11.394230769230768	2.6766936096248664
23	RYE	centeno	65.0	1.5625	1.8195439355418683
230	SWEEP	barrer	106.0	2.548076923076923	2.0293837776852093
231	SHAVE	afeitar	194.0	4.663461538461538	2.290034611362518
232	FLEA	pulga	38.0	0.9134615384615384	1.591064607026499
2334	MELT	derretir	46.0	1.1057692307692308	1.6720978579357173
236	STEPMOTHER	madrastra	190.0	4.5673076923076925	2.281033367247727
2366	ONION	cebolla	257.0	6.177884615384615	2.41161970596323
237	STEPFATHER	padrastro	315.0	7.572115384615384	2.4996870826184034
239	FLOWER	flor	692.0	16.634615384615383	2.8407332346118066
24	PRAY	orar	115.0	2.7644230769230766	2.064457989226918
2407	BIRTHDAY	cumpleaños	4854.0	116.6826923076923	3.686189234244023
2438	CAIMAN	caimán	182.0	4.375	2.2624510897304293
244	LEFT	izquierdo	821.0	19.735576923076923	2.91487181754005
2440	PINEAPPLE	piña	141.0	3.3894230769230766	2.1522883443830563
245	BROOM	escoba	188.0	4.519230769230769	2.276461804173244
2458	PERSPIRE OR SWEAT	sudar	159.0	3.8221153846153846	2.2041199826559246
2481	FEMALE DOG	perra	6041.0	145.21634615384616	3.7811807209372614
249	FOG	neblina	70.0	1.6826923076923077	1.851258348719075
2493	BOIL	hervir	85.0	2.043269230769231	1.9344984512435675
251	SHARPEN (SOMETHING)	afilar	16.0	0.3846153846153846	1.2304489213782739
2548	BARREL	barril	227.0	5.456730769230769	2.3579348470004535
255	SERVANT	sirviente	239.0	5.7451923076923075	2.380211241711606
256	FOOD	pizza	1554.0	37.355769230769226	3.191730393362856
2575	DO OR MAKE	hacer	76037.0	1827.8125	4.881030685253021
2578	PENCIL	lápiz	617.0	14.831730769230768	2.7909884750888154
258	CALM	calma	3018.0	72.54807692307692	3.4798631130230975
2580	HELICOPTER	helicóptero	1274.0	30.625	3.1055101847699738
2615	FLESH OR MEAT	carne	3448.0	82.88461538461539	3.5376931943673906
2618	CAMERA	cámara	4207.0	101.1298076923077	3.624075731145682
2619	CARD	carnet	73.0	1.7548076923076923	1.8692317197309762
2623	FLAG	bandera	634.0	15.240384615384615	2.8027737252919755
2627	ORANGE (FRUIT)	naranja	781.0	18.77403846153846	2.893206753059848
2638	FISHING	pescar	588.0	14.134615384615383	2.7701152947871015
2648	HAIR (HEAD)	cabello	3027.0	72.76442307692308	3.481155870828035
266	SCALE	escama	21.0	0.5048076923076923	1.3424226808222062
27	AIR	aire	4653.0	111.85096153846153	3.6678263789507106
271	SAUCER	platillo	105.0	2.5240384615384612	2.02530586526477
272	TONGS	tenazas	52.0	1.25	1.724275869600789
273	DOUGH	masa	685.0	16.466346153846153	2.836324115706751
274	KNEAD	amasar	25.0	0.6009615384615384	1.414973347970818
275	PEEL	pelar	59.0	1.4182692307692306	1.7781512503836434
278	AWL	punzón	19.0	0.4567307692307692	1.301029995663981
2783	SCALES (MEASURE INSTRUMENT)	báscula	7.0	0.16826923076923075	0.9030899869919434
281	POST	poste	275.0	6.6105769230769225	2.4409090820652173
2831	PENGUIN	pingüino	156.0	3.75	2.1958996524092336
2871	SWING (MOVEMENT)	mecer	6.0	0.14423076923076922	0.8450980400142567
288	FORGE	fragua	5.0	0.12019230769230768	0.7781512503836435
2900	PROTECT	guardar	994.0	23.89423076923077	2.997823080745725
2902	BRAWL (FIGHT)	pelear	2326.0	55.91346153846154	3.36679638328673
2905	KNIT	tejer	59.0	1.4182692307692306	1.7781512503836434
291	PULL OFF (SKIN)	desollar	14.0	0.3365384615384615	1.1760912590556811
2965	PAW	pata	1200.0	28.846153846153847	3.0795430074029055
297	CROOKED	torcido	128.0	3.0769230769230766	2.110589710299249
298	SHRIEK	chillar	52.0	1.25	1.724275869600789
299	SCOLD	reprender	11.0	0.2644230769230769	1.0791812460476247
2991	SKI	esquiar	171.0	4.110576923076923	2.2355284469075487
2992	TIP (OF OBJECT)	punta	927.0	22.283653846153847	2.967547976218862
3	BRAVE	valiente	1441.0	34.63942307692307	3.15896526038341
303	ABSTAIN FROM FOOD	ayunar	12.0	0.28846153846153844	1.1139433523068367
304	PREACH	predicar	41.0	0.985576923076923	1.6232492903979003
3072	MISPLACE	perder	5794.0	139.27884615384616	3.7630534402996143
3078	IRRIGATE	regar	61.0	1.4663461538461537	1.7923916894982537
308	TOUCAN	tucán	2.0	0.04807692307692307	0.47712125471966244
3080	SPLIT OPEN	rajar	31.0	0.7451923076923077	1.5051499783199058
3083	BALLOON	globo	484.0	11.634615384615385	2.6857417386022635
3084	BLACKBOARD	pizarra	191.0	4.591346153846153	2.2833012287035492
3085	CARROT	zanahoria	136.0	3.269230769230769	2.1367205671564067
3086	COMPUTER	ordenador	288.0	6.9230769230769225	2.4608978427565478
3087	PACIFIER	chupete	37.0	0.8894230769230769	1.57978359661681
3088	ENVELOPE	sobre	46931.0	1128.1490384615383	4.671469061999755
3089	GIRAFFE	jirafa	82.0	1.971153846153846	1.919078092376074
309	OPOSSUM	zarigüeya	46.0	1.1057692307692308	1.6720978579357173
3090	GUITAR	guitarra	732.0	17.596153846153847	2.8651039746411278
3091	LEMON	limón	372.0	8.942307692307692	2.5717088318086874
3092	LIGHTER	mechero	26.0	0.625	1.4313637641589871
3093	LIPSTICK	pintalabios	22.0	0.5288461538461539	1.3617278360175928
3094	PAINTBRUSH	brocha	12.0	0.28846153846153844	1.1139433523068367
3095	POSTMAN	cartero	208.0	5.0	2.320146286111054
3096	RACKET	raqueta	74.0	1.7788461538461537	1.8750612633916997
3099	SOFA	sillón	352.0	8.461538461538462	2.5477747053878224
31	PAN	sartén	136.0	3.269230769230769	2.1367205671564067
3101	SWING	columpio	65.0	1.5625	1.8195439355418683
3102	TANK	tanque	893.0	21.466346153846153	2.951337518795917
3104	THERMOMETER	termómetro	64.0	1.5384615384615383	1.8129133566428552
3105	UMBRELLA	paraguas	149.0	3.581730769230769	2.176091259055681
3106	WARDROBE	armario	1138.0	27.35576923076923	3.0565237240791
3107	WHISTLE (INSTRUMENT)	silbato	198.0	4.759615384615384	2.2988530764097064
3108	BOX (SOMEBODY OR SOMETHING)	boxear	81.0	1.9471153846153846	1.9138138523837167
3110	CLAP	aplaudir	61.0	1.4663461538461537	1.7923916894982537
3111	CONDUCT	dirigir	571.0	13.725961538461538	2.757396028793024
3113	FILE (SOMETHING)	archivar	53.0	1.2740384615384615	1.7323937598229684
3118	IRON (CLOTHES)	planchar	75.0	1.8028846153846154	1.8808135922807911
3120	MOP (SOMETHING)	fregar	57.0	1.3701923076923077	1.7634279935629371
3121	OPERATE (MEDICINE)	operar	338.0	8.125	2.5301996982030817
3122	PAINT (SOMETHING)	pintar	547.0	13.149038461538462	2.738780558484369
3126	POST (SOMETHING)	enviar	1439.0	34.59134615384615	3.1583624920952493
3128	SHOWER (ACTION)	ducharse	49.0	1.1778846153846154	1.6989700043360185
3129	SKATE	patinar	196.0	4.711538461538462	2.294466226161593
3131	SUNBATHE	broncearse	6.0	0.14423076923076922	0.8450980400142567
3132	SURF	surfear	160.0	3.846153846153846	2.2068258760318495
3135	VACUUM (SOMETHING)	aspirar	118.0	2.8365384615384612	2.0755469613925306
3137	OAR	remo	79.0	1.8990384615384615	1.9030899869919433
3138	STRAWBERRY	fresa	147.0	3.533653846153846	2.170261715394957
315	CURASSOW	pavo	748.0	17.98076923076923	2.874481817699466
317	PIRANHA	caribe	149.0	3.581730769230769	2.176091259055681
318	FOOTPRINT	huella	587.0	14.110576923076923	2.769377326076138
3187	DROWNED	ahogado	127.0	3.0528846153846154	2.107209969647868
3189	STAB TO DEATH	apuñalar	71.0	1.7067307692307692	1.8573324964312683
319	LICK	lamer	123.0	2.956730769230769	2.093421685162235
3199	TWIST (AROUND)	torcer	26.0	0.625	1.4313637641589871
320	LAME	lisiado	107.0	2.5721153846153846	2.0334237554869494
321	CHEW	masticar	100.0	2.4038461538461537	2.0043213737826426
3217	TIN OR TINPLATE	estaño	10.0	0.24038461538461536	1.041392685158225
322	FIG	higo	23.0	0.5528846153846154	1.380211241711606
323	FAT (ORGANIC SUBSTANCE)	grasa	625.0	15.024038461538462	2.796574333210429
325	FELT	fieltro	16.0	0.3846153846153846	1.2304489213782739
326	CLOAK	capa	624.0	15.0	2.795880017344075
33	NETTLE	ortiga	5.0	0.12019230769230768	0.7781512503836435
3306	NAIL	clavar	97.0	2.331730769230769	1.9912260756924949
3351	STOP DOING	parar	2560.0	61.53846153846153	3.4084095784684294
3405	RULER	regla	1450.0	34.855769230769226	3.1616674124377355
344	TREE TRUNK	tronco	226.0	5.4326923076923075	2.3560258571931225
345	SAP	savia	31.0	0.7451923076923077	1.5051499783199058
3462	FLAX OR LINEN	lino	76.0	1.8269230769230769	1.8864907251724818
352	UNTIE	desatar	62.0	1.4903846153846154	1.7993405494535815
353	STRIKE	golpear	862.0	20.721153846153847	2.9360107957152093
3534	BEG	suplicar	76.0	1.8269230769230769	1.8864907251724818
357	HANG UP	colgar	782.0	18.798076923076923	2.893761762057943
359	POTTER	alfarero	9.0	0.21634615384615383	1.0
365	SPLASH	salpicar	10.0	0.24038461538461536	1.041392685158225
3653	COOKING POT	olla	186.0	4.471153846153846	2.271841606536499
3654	TAKE OUT	sacar	3431.0	82.47596153846153	3.5355472791766673
3659	POLISH (SOMETHING)	pulir	72.0	1.7307692307692306	1.8633228601204557
367	RIDE	montar	631.0	15.16826923076923	2.8007170782823847
3675	ZEBRA	cebra	75.0	1.8028846153846154	1.8808135922807911
369	OWE	deber	1205.0	28.966346153846153	3.0813473078041325
371	PICK UP	recoger	1433.0	34.44711538461539	3.156549151331781
372	POINTED	puntiagudo	17.0	0.40865384615384615	1.2552725051033058
375	SNIFF	husmear	76.0	1.8269230769230769	1.8864907251724818
378	PINCH	pellizcar	13.0	0.3125	1.1461280356782377
38	SPREAD OUT	esparcir	73.0	1.7548076923076923	1.8692317197309762
380	WRINKLED	arrugado	47.0	1.1298076923076923	1.6812412373755872
387	SLING	honda	120.0	2.8846153846153846	2.08278537031645
388	FISHNET	red	1984.0	47.69230769230769	3.2977605110991335
389	FISH TRAP	nasa	355.0	8.533653846153847	2.551449997972875
390	PUNISHMENT	castigo	990.0	23.798076923076923	2.9960736544852753
391	BLESS	bendecir	77.0	1.8509615384615383	1.8920946026904801
394	SHAMAN (FOLK HEALER)	curandero	49.0	1.1778846153846154	1.6989700043360185
411	GOURD	calabaza	305.0	7.331730769230769	2.4857214264815797
42	STINKING	hediondo	10.0	0.24038461538461536	1.041392685158225
420	FOREST	bosque	2254.0	54.18269230769231	3.353146546213979
43	LEAD (GUIDE)	guiar	164.0	3.942307692307692	2.217483944213906
432	BLOWGUN	cerbatana	5.0	0.12019230769230768	0.7781512503836435
446	LOWER ARM	antebrazo	32.0	0.7692307692307692	1.5185139398778873
474	DRESS	vestido	3366.0	80.91346153846153	3.527243116388088
478	LIP	labio	197.0	4.735576923076923	2.296665190261531
479	GROW	crecer	916.0	22.01923076923077	2.962369335670021
48	BE SILENT	callarse	133.0	3.1971153846153846	2.1271047983648073
480	PLATE	plato	1155.0	27.764423076923077	3.0629578340845103
482	NOBLE	noble	685.0	16.466346153846153	2.836324115706751
484	CONDEMN	condenar	95.0	2.2836538461538463	1.9822712330395682
485	DISAPPEAR	desaparecer	1090.0	26.201923076923077	3.0378247505883413
489	KIDNEY	riñón	334.0	8.028846153846153	2.5250448070368448
49	REFUSE	rehusar	16.0	0.3846153846153846	1.2304489213782739
490	DESCENDANTS	descendientes	117.0	2.8125	2.0718820073061255
492	THREE	tres	24142.0	580.3365384615385	4.3827912343816475
493	FIVE	cinco	11486.0	276.1057692307692	4.0602066210673495
496	CUCUMBER	pepino	105.0	2.5240384615384612	2.02530586526477
497	SCAR	cicatriz	450.0	10.817307692307692	2.6541765418779604
498	CALF OF LEG	pantorrilla	34.0	0.8173076923076923	1.5440680443502754
501	LIFT	levantar	847.0	20.360576923076923	2.9283958522567137
502	NAIL (TOOL)	clavo	262.0	6.2980769230769225	2.4199557484897576
503	FROG	rana	300.0	7.211538461538462	2.478566495593843
504	LEARN	aprender	2708.0	65.09615384615384	3.432809005033168
505	PARENTS	padres	9389.0	225.6971153846154	3.9726655922661105
506	MAIZE	maíz	619.0	14.879807692307692	2.792391689498254
509	CERTAIN	seguro	27909.0	670.8894230769231	4.445759836488631
52	SHIVER	temblar	130.0	3.125	2.117271295655764
522	WOLF	lobo	994.0	23.89423076923077	2.997823080745725
526	HOWL	aullar	22.0	0.5288461538461539	1.3617278360175928
539	NEST	nido	394.0	9.471153846153847	2.59659709562646
55	WHISPER	murmurar	22.0	0.5288461538461539	1.3617278360175928
568	RISE (MOVE UPWARDS)	ascender	154.0	3.7019230769230766	2.1903316981702914
571	STING	picar	114.0	2.7403846153846154	2.0606978403536114
575	TREAD	pisar	164.0	3.942307692307692	2.217483944213906
576	DANDRUFF	caspa	28.0	0.673076923076923	1.462397997898956
578	KISS	besar	741.0	17.8125	2.870403905279027
582	LEND	prestar	317.0	7.6201923076923075	2.5024271199844326
584	DIFFICULT	difícil	11094.0	266.6826923076923	4.045127306568027
585	BOOT	bota	213.0	5.1201923076923075	2.3304137733491905
587	ANT	hormiga	110.0	2.644230769230769	2.045322978786657
588	BROKEN	quebrado	236.0	5.6730769230769225	2.374748346010104
590	NAKED	desnudo	994.0	23.89423076923077	2.997823080745725
592	PISS	orinar	681.0	16.370192307692307	2.833784374656479
593	POTATO	papa	1144.0	27.5	3.0588054866759067
596	POSTAGE STAMP	sello	455.0	10.9375	2.658964842664435
6	EARTHQUAKE	terremoto	388.0	9.326923076923077	2.5899496013257073
60	OAT	avena	170.0	4.086538461538462	2.2329961103921536
601	LIE (MISLEAD)	mentir	1183.0	28.4375	3.073351702386901
602	HIDE (CONCEAL)	esconder	601.0	14.447115384615383	2.7795964912578244
604	GLASS	cristal	700.0	16.826923076923077	2.8457180179666586
605	GRAIN	grano	750.0	18.028846153846153	2.875639937004168
606	GRASS	hierba	1097.0	26.370192307692307	3.0406023401140727
607	GRASSHOPPER	saltamontes	71.0	1.7067307692307692	1.8573324964312683
610	PORT	puerto	799.0	19.20673076923077	2.9030899869919433
615	HORSE	caballo	2586.0	62.16346153846153	3.4127964287165433
617	ICE	hielo	2365.0	56.85096153846153	3.374014740291911
619	ANIMAL	animal	1864.0	44.80769230769231	3.270678836144706
620	INSECT	insecto	261.0	6.274038461538462	2.4183012913197452
621	IRON	hierro	547.0	13.149038461538462	2.738780558484369
622	ISLAND	isla	2515.0	60.45673076923077	3.4007106367732307
623	LAGOON	laguna	172.0	4.134615384615384	2.2380461031287955
624	LAKE	lago	1509.0	36.27403846153846	3.1789769472931693
625	LAMP	lámpara	426.0	10.240384615384615	2.6304278750250236
627	LEAD (CHEMICAL ELEMENT)	plomo	275.0	6.6105769230769225	2.4409090820652173
628	LEAF	hoja	550.0	13.221153846153845	2.741151598851785
630	LIGHT (RADIATION)	luz	6753.0	162.33173076923077	3.8295610562993923
631	LIVESTOCK	ganado	1587.0	38.14903846153846	3.200850498091077
632	LIZARD	lagartija	70.0	1.6826923076923077	1.851258348719075
633	MARKET	mercado	1717.0	41.27403846153846	3.2350231594952232
635	MILK	leche	1997.0	48.00480769230769	3.300595483889963
636	MILL	molino	132.0	3.173076923076923	2.123851640967086
638	MOTORCYCLE	motocicleta	347.0	8.341346153846153	2.5415792439465807
639	MOUNTAIN	cerro	76.0	1.8269230769230769	1.8864907251724818
64	PIN	alfiler	50.0	1.2019230769230769	1.7075701760979363
640	MUD	barro	271.0	6.514423076923077	2.4345689040341987
641	MUSHROOM	seta	8.0	0.1923076923076923	0.9542425094393249
643	NEED (NOUN)	necesidad	1357.0	32.62019230769231	3.1328997699444825
644	OAK	roble	157.0	3.7740384615384612	2.1986570869544226
645	OCEAN	océano	1063.0	25.552884615384613	3.026941627959029
646	ASH	cenizas	510.0	12.259615384615385	2.7084209001347124
647	PAINT (PIGMENTS)	pintura	1431.0	34.39903846153846	3.1559430179718366
648	PAPER	papel	3978.0	95.625	3.5997739391463877
653	PLANT (VEGETATION)	planta	1109.0	26.658653846153847	3.045322978786657
655	POISON	veneno	827.0	19.879807692307693	2.91803033678488
657	PRICE	precio	2537.0	60.98557692307692	3.4044916177586857
658	RAIN (PRECIPITATION)	lluvia	1377.0	33.10096153846154	3.139249217571607
66	KNEEL	arrodillarse	33.0	0.7932692307692307	1.5314789170422551
660	REEF	arrecife	124.0	2.980769230769231	2.0969100130080562
661	RELIGION	religión	901.0	21.658653846153847	2.9552065375419416
662	BATTERY	pila	479.0	11.514423076923077	2.681241237375587
665	BEE	abeja	311.0	7.475961538461538	2.4941545940184424
666	RIVER	rio	105.0	2.5240384615384612	2.02530586526477
667	ROAD	carretera	1336.0	32.11538461538461	3.126131407261984
67	EMBERS	brasas	32.0	0.7692307692307692	1.5185139398778873
670	ROOT	raíz	301.0	7.2355769230769225	2.4800069429571505
671	SAND	arena	960.0	23.076923076923077	2.9827233876685453
672	EARLY	temprano	3854.0	92.64423076923076	3.5860243823869755
674	MOUTH	boca	5740.0	137.98076923076923	3.758987546867619
677	AXE	hacha	339.0	8.149038461538462	2.531478917042255
678	BEARD	barba	558.0	13.413461538461538	2.747411807886423
68	TATTOO	tatuaje	693.0	16.658653846153847	2.841359470454855
680	BREAK (DESTROY OR GET DESTROYED)	quebrar	118.0	2.8365384615384612	2.0755469613925306
681	DESTROY	destruir	1414.0	33.99038461538461	3.150756439860309
683	PERSON	persona	12617.0	303.2932692307692	4.100990523069965
686	EASY	fácil	8873.0	213.29326923076923	3.9481194243805358
688	LUNG	pulmón	353.0	8.485576923076923	2.5490032620257876
690	BOTTOM	fondo	2768.0	66.53846153846153	3.442322955745574
691	SEASON	estación	2352.0	56.53846153846153	3.371621927176021
692	BRING	traer	2635.0	63.34134615384615	3.420945405921972
694	GET	obtener	1666.0	40.04807692307692	3.2219355998280053
695	GO	ir	40785.0	980.4086538461538	4.610511114900084
696	STIR	revolver	149.0	3.581730769230769	2.176091259055681
698	WISE	sabio	345.0	8.29326923076923	2.5390760987927767
700	CARRY	llevar	5597.0	134.54326923076923	3.748032894130143
702	CATCH	atrapar	1129.0	27.139423076923077	3.053078443483419
703	SOON	pronto	11398.0	273.9903846153846	4.056866753658312
704	CLEAN	limpio	1864.0	44.80769230769231	3.270678836144706
706	DARK	oscuro	1623.0	39.01442307692307	3.2105860249051563
708	SHINE	brillar	177.0	4.2548076923076925	2.2504200023088936
709	TEACH	enseñar	728.0	17.5	2.8627275283179743
710	WHEEL	rueda	680.0	16.346153846153847	2.8331471119127847
711	TALL	alto	7058.0	169.66346153846152	3.8487431818956837
712	RICH	rico	2586.0	62.16346153846153	3.4127964287165433
713	STEAL	hurtar	10.0	0.24038461538461536	1.041392685158225
714	SEED	semilla	256.0	6.153846153846153	2.4099331233312946
715	SHOUT	gritar	1074.0	25.81730769230769	3.0314084642516237
716	GROAN	gemir	31.0	0.7451923076923077	1.5051499783199058
717	SWEET	dulce	4231.0	101.70673076923076	3.626545659027129
718	PAY	pagar	4555.0	109.4951923076923	3.658583715407062
72	CLAW	garra	106.0	2.548076923076923	2.0293837776852093
721	LOW	bajo	10545.0	253.4855769230769	4.023087766995444
722	ATTACK	atacar	864.0	20.76923076923077	2.937016107464814
724	READ	leer	3076.0	73.9423076923077	3.488127496247458
728	FIRST	primero	12897.0	310.02403846153845	4.110522372601323
729	DAWN	madrugada	257.0	6.177884615384615	2.41161970596323
73	BEAK	pico	575.0	13.822115384615385	2.760422483423212
730	SNAKE	víbora	214.0	5.144230769230769	2.332438459915605
731	BEVERAGE	bebida	1169.0	28.100961538461537	3.0681858617461617
735	OWL	búho	86.0	2.067307692307692	1.9395192526186182
737	LIGHT (IGNITE)	encender	509.0	12.235576923076923	2.707570176097936
738	THING	cosa	25380.0	610.0961538461538	4.4045087291032985
739	FEED	nutrir	6.0	0.14423076923076922	0.8450980400142567
741	DRIVE	conducir	1852.0	44.51923076923077	3.267875419318897
742	END (OF SPACE)	final	8415.0	202.28365384615384	3.9251057268096634
743	END (OF TIME)	fin	10734.0	258.02884615384613	4.030802048772267
744	EGG	huevo	797.0	19.158653846153847	2.902002891350729
745	SHELF	repisa	67.0	1.6105769230769231	1.8325089127062362
747	BICYCLE	bicicleta	1018.0	24.471153846153847	3.008174184006426
749	ENTER	entrar	9950.0	239.1826923076923	3.997866726239145
753	PUPIL (STUDENT)	alumno	334.0	8.028846153846153	2.5250448070368448
755	DENY	negar	344.0	8.269230769230768	2.537819095073274
757	BUTTON	botón	925.0	22.235576923076923	2.966610986681934
758	HERON	garza	49.0	1.1778846153846154	1.6989700043360185
759	SILVER	plata	1461.0	35.12019230769231	3.164947372621841
760	KNOT	nudo	242.0	5.8173076923076925	2.3856062735983117
761	COVER	cubrir	723.0	17.379807692307693	2.8597385661971466
763	SKIN	piel	2395.0	57.57211538461538	3.3794868137172736
765	MOVE	mover	1055.0	25.360576923076923	3.0236639181977933
767	CORPSE	cadáver	1531.0	36.80288461538461	3.185258765296585
768	LUNCH	almuerzo	2125.0	51.08173076923077	3.3275632601872775
769	ROOF	tejado	264.0	6.346153846153846	2.4232458739368075
771	HAT	sombrero	1367.0	32.86057692307692	3.136086097384097
772	BELT	cinturón	951.0	22.860576923076923	2.978636948384474
773	HAVE	tener	27219.0	654.3028846153846	4.434888120867315
777	FLUTE	flauta	146.0	3.5096153846153846	2.1673173347481756
778	SMOKE (EXHAUST)	humo	1109.0	26.658653846153847	3.045322978786657
779	PART	pedazo	1557.0	37.42788461538461	3.1925674533365456
78	THAT	aquel	2102.0	50.52884615384615	3.3228392726863207
781	FEAR (FRIGHT)	miedo	10503.0	252.47596153846152	4.021354713081422
782	DEFEAT	derrota	359.0	8.629807692307692	2.5563025007672873
783	VICTORY	victoria	1736.0	41.730769230769226	3.239799818447098
784	SNOW	nieve	1464.0	35.19230769230769	3.165837624690128
787	SAIL	navegar	323.0	7.764423076923077	2.5105450102066116
788	SOAP	jabón	406.0	9.759615384615385	2.6095944092252195
789	PEOPLE	gente	37659.0	905.2644230769231	4.575880315680646
790	READY	listo	10717.0	257.6201923076923	4.030113752707593
794	PEN	bolígrafo	346.0	8.317307692307692	2.5403294747908736
796	NIPPLE	pezón	126.0	3.0288461538461537	2.103803720955957
797	TESTICLES	testículo	92.0	2.2115384615384617	1.968482948553935
798	JAW	mandíbula	232.0	5.576923076923077	2.3673559210260184
799	WRIST	muñeca	1239.0	29.783653846153847	3.093421685162235
8	CURSE	maldecir	92.0	2.2115384615384617	1.968482948553935
800	THIGH	muslo	153.0	3.6778846153846154	2.187520720836463
801	RIB	costilla	129.0	3.1009615384615383	2.1139433523068365
803	ANKLE	tobillo	384.0	9.23076923076923	2.5854607295085006
809	TROUSERS	pantalones	2651.0	63.72596153846153	3.4235735197327353
811	SOUL	alma	3378.0	81.20192307692308	3.5287881917748964
812	SLAVE	esclavo	426.0	10.240384615384615	2.6304278750250236
816	HALF	mitad	4890.0	117.54807692307692	3.6893976628212823
817	THEY	ellos	27912.0	670.9615384615385	4.445806515579577
819	STOMACH	estómago	1358.0	32.64423076923077	3.133219456732494
82	ANGER	enojo	352.0	8.461538461538462	2.5477747053878224
829	RAFTER	viga	66.0	1.5865384615384615	1.8260748027008262
83	FORBID	prohibir	74.0	1.7788461538461537	1.8750612633916997
834	BUTTOCKS	culo	3246.0	78.02884615384615	3.511482288626001
837	BLUE	azul	2807.0	67.47596153846153	3.448397103457767
838	REMAINS	sobras	211.0	5.072115384615384	2.326335860928751
843	SPIDER	araña	631.0	15.16826923076923	2.8007170782823847
845	MURDER	asesinar	529.0	12.716346153846153	2.7242758696007887
848	THIRST	sed	769.0	18.485576923076923	2.8864907251724814
85	GIVE BACK	devolver	751.0	18.052884615384613	2.876217840591642
850	SQUARE	cuadrado	231.0	5.552884615384615	2.3654879848908994
851	STABLE	establo	233.0	5.600961538461538	2.3692158574101425
853	ALTAR	altar	337.0	8.100961538461538	2.5289167002776547
854	KETTLE	caldera	122.0	2.9326923076923075	2.0899051114393976
855	SEIZE	embargar	13.0	0.3125	1.1461280356782377
857	STONE	piedra	1602.0	38.50961538461539	3.2049335223541444
859	STOVE	estufa	139.0	3.3413461538461537	2.1461280356782377
860	CAUSE	causar	790.0	18.990384615384613	2.8981764834976764
861	JUDGE	juez	2511.0	60.36057692307692	3.400019635065158
862	SUGAR	azúcar	1181.0	28.389423076923077	3.0726174765452363
867	GLOVE	guante	294.0	7.067307692307692	2.469822015978163
868	BANANA	plátano	129.0	3.1009615384615383	2.1139433523068365
871	RATTLESNAKE	cascabel	123.0	2.956730769230769	2.093421685162235
875	SHOEMAKER	zapatero	61.0	1.4663461538461537	1.7923916894982537
877	MASON	albañil	38.0	0.9134615384615384	1.591064607026499
878	HELL	infierno	3518.0	84.5673076923077	3.546419266835191
879	COUGH	toser	41.0	0.985576923076923	1.6232492903979003
88	BEEHIVE	colmena	86.0	2.067307692307692	1.9395192526186182
881	TAILOR	sastre	112.0	2.692307692307692	2.0530784434834195
882	PARROT	loro	169.0	4.0625	2.2304489213782737
884	SHARE	repartir	186.0	4.471153846153846	2.271841606536499
886	PARAKEET	perico	36.0	0.8653846153846153	1.5682017240669948
887	BITTER	amargo	159.0	3.8221153846153846	2.2041199826559246
889	FLAME	llama	10924.0	262.5961538461538	4.038421445642459
89	NATIVE COUNTRY	patria	311.0	7.475961538461538	2.4941545940184424
890	MULE	mulo	11.0	0.2644230769230769	1.0791812460476247
891	TIDE	marea	240.0	5.769230769230769	2.382017042574868
892	TIME	tiempo	53954.0	1296.9711538461538	4.732031696874192
894	TOAD	sapo	172.0	4.134615384615384	2.2380461031287955
896	ANACONDA (WATER BOA)	anaconda	24.0	0.5769230769230769	1.3979400086720375
897	SWALLOW	tragar	208.0	5.0	2.320146286111054
90	INNOCENT	inocente	2278.0	54.75961538461538	3.3577443251803754
901	ADOBE	adobe	7.0	0.16826923076923075	0.9030899869919434
902	ADULTERY	adulterio	96.0	2.3076923076923075	1.9867717342662448
906	TREE	árbol	2186.0	52.54807692307692	3.339848783037637
907	OLD WOMAN	viejita	67.0	1.6105769230769231	1.8325089127062362
908	DRUM	tambor	194.0	4.663461538461538	2.290034611362518
911	TEMPLE	iglesia	3450.0	82.9326923076923	3.5379449592914867
913	CROW	cuervo	166.0	3.9903846153846154	2.2227164711475833
914	SCULPTOR	escultor	46.0	1.1057692307692308	1.6720978579357173
915	SINK (BASIN)	lavamanos	24.0	0.5769230769230769	1.3979400086720375
919	CHILI PEPPER	ají	16.0	0.3846153846153846	1.2304489213782739
920	GRAPE	uva	159.0	3.8221153846153846	2.2041199826559246
921	VALLEY	valle	650.0	15.625	2.8135809885681917
922	PEAR	pera	142.0	3.4134615384615383	2.1553360374650614
923	LOVE	querer	2103.0	50.55288461538461	3.3230457354817013
924	VEGETABLES	legumbres	15.0	0.3605769230769231	1.2041199826559246
926	RICE	arroz	471.0	11.322115384615385	2.6739419986340875
928	EMBRACE	abrazar	151.0	3.629807692307692	2.181843587944772
93	DRAW MILK	ordeñar	34.0	0.8173076923076923	1.5440680443502754
930	VILLAGE	pueblo	6072.0	145.96153846153845	3.783403281122563
932	BARLEY	cebada	24.0	0.5769230769230769	1.3979400086720375
937	BIRD	pájaro	962.0	23.125	2.9836262871245345
938	MARE	yegua	126.0	3.0288461538461537	2.103803720955957
941	MEAD	aguamiel	25.0	0.6009615384615384	1.414973347970818
942	HONEY	miel	1053.0	25.3125	3.0228406108765276
943	WATERFALL	cascada	102.0	2.4519230769230766	2.012837224705172
945	SPEAR	lanza	602.0	14.471153846153845	2.780317312140151
946	BLOOD	sangre	9588.0	230.48076923076923	3.981773318627747
947	STREAM	quebrada	77.0	1.8509615384615383	1.8920946026904801
948	WATER	agua	10397.0	249.9278846153846	4.01694981309756
950	SEAGULL	gaviota	43.0	1.033653846153846	1.6434526764861872
951	WEAPONS	armas	5934.0	142.64423076923077	3.77342072329061
953	RAPE	violación	760.0	18.26923076923077	2.8813846567705728
956	FLEE	huir	1142.0	27.451923076923077	3.058046230395281
957	WHALE	ballena	268.0	6.4423076923076925	2.4297522800024076
96	CRAWL	gatear	20.0	0.4807692307692307	1.322219294733919
960	WIND	viento	1596.0	38.36538461538461	3.2033049161384826
961	PEBBLES	piedrecillas	3.0	0.07211538461538461	0.6020599913279623
962	WOMAN	mujer	21893.0	526.2740384615385	4.340325113748292
963	BOOK	libro	6645.0	159.7355769230769	3.8225603369426917
964	WOOL	lana	315.0	7.572115384615384	2.4996870826184034
965	WORLD	mundo	23942.0	575.5288461538462	4.379178565528129
968	ACORN	bellota	21.0	0.5048076923076923	1.3424226808222062
970	COCONUT	coco	414.0	9.951923076923077	2.6180480967120925
974	TOBACCO	tabaco	314.0	7.5480769230769225	2.4983105537896004
977	ARROW	flecha	286.0	6.875	2.4578818967339924
978	WAVE	saludar	543.0	13.052884615384615	2.7355988996981795
98	ALL	todos	67948.0	1633.3653846153845	4.832183069638378
980	HEEL	talón	170.0	4.086538461538462	2.2329961103921536
981	ELBOW	codo	221.0	5.3125	2.3463529744506384
984	WORK (LABOUR)	trabajar	9857.0	236.9471153846154	3.9937888138187048
986	TOMATO	tomate	412.0	9.903846153846153	2.615950051656401
987	REMAIN	quedar	2719.0	65.36057692307692	3.4345689040341982
989	CLEAR	claro	32058.0	770.625	4.5059499715036155
994	BOW	arco	477.0	11.466346153846153	2.6794278966121188
996	DEAF	sordo	431.0	10.360576923076923	2.635483746814912
998	PUT	poner	5470.0	131.4903846153846	3.738066714777469
