CONCEPTICON_ID	CONCEPTICON_GLOSS	ENGLISH	CROATIAN	CROATIAN_HAPPINESS_MEAN	CROATIAN_ANGER_MEAN	CROATIAN_SADNESS_MEAN	CROATIAN_FEAR_MEAN	CROATIAN_DISGUST_MEAN	LINE_IN_SOURCE
100	FAITHFUL	faithful	vjeran	4	1.15	1.3	1.35	1.15	2797
1000	ANXIETY	anxiety	tjeskoba	1.38095238095238	2.1	2.7	2.45	2	2528
1001	BLACKSMITH	blacksmith	kovač	1.90909090909091	1.19047619047619	1.05	1.15	1.0952380952381	857
1002	STATUE	statue	statua	1.65	1.27272727272727	1.21052631578947	1.08695652173913	1.2	2360
1004	MUSCLE	muscle	mišić	2.47619047619048	1	1.35	1	1.1304347826087	1100
1006	BRICK	brick	cigla	2.18181818181818	1.47619047619048	1.05	1.45	1.28571428571429	219
1007	COW	cow	krava	2.35	1.27272727272727	1.1	1.17391304347826	1.4	870
1008	BULL	bull	bik	1.95	1.13636363636364	1.23809523809524	1.7	1.14285714285714	109
1011	BRIDGE	bridge	most	1.75	1.09090909090909	1.23809523809524	1.2	1.14285714285714	1141
1013	FRESHWATER EEL	eel	jegulja	2.1	1.6	1.3	1.55	1.80645161290323	711
1016	DRIZZLE	drizzle	rominjanje	2.6	1.125	1.35714285714286	1.125	1.375	2074
1017	APPEARANCE	appearance	vanjština	1.95454545454545	1.47619047619048	1.05	1.1	1.33333333333333	2753
1018	MEMORY	memory	pamćenje	2.8	1.09090909090909	1.19047619047619	1.15	1.14285714285714	1519
1019	RIGHT	right	desno	2.57142857142857	1	1.15	1	1.04347826086957	289
1020	HANDKERCHIEF	kerchief	rupčić	2.2	1.15	1.35	1.05	1.25	2090
1021	TOWEL	towel	ručnik	2.5	1	1	1	1.28571428571429	2082
1025	WHISTLE	whistle	zviždaljka	1.6	1.40909090909091	1.14285714285714	1.2	1.14285714285714	3019
1029	JEWEL	jewel	nakit	2.86363636363636	1.0952380952381	1	1.05	1.04761904761905	1196
1033	GRIND	to grind	sjeckati	1.9	1.55	1.35	1.8	1.3	2207
1035	GOOD	good	dobar	3.45	1.35	1.1	1.25	1.09677419354839	336
1036	OWNER	owner	vlasnik	2.5	1.22727272727273	1.3	1.21739130434783	1.35	2808
1038	TEACHER	teacher	profesorica	2.7	1.31818181818182	1.61904761904762	1.05	1.23809523809524	1881
1040	HAIR	hair	kosa	2.5	1.27272727272727	1.19047619047619	1.15	1.0952380952381	850
1041	INCREASE	to increase	razdebljati	1.55	2.15	2.05	2.66666666666667	2.06451612903226	1999
1042	CARPENTER	carpenter	stolar	2.2	1.25	1.1	1.15	1.3	2382
1044	PILLOW	pillow	jastuk	3.45	1.1	1.3	1.3	1.05	705
1045	POET	poet	pjesnikinja	2.8	1.2	1.21052631578947	1	1.23809523809524	1595
1048	LINE	line	linija	1.35	1.2	1.5	1.15	1.6	969
1050	MOTHER-IN-LAW	mother-in-law	svekrva	1.85	1.55	1.8	1.8	2.05	2455
1053	HUNTER	hunter	lovac	1.65	1.77272727272727	1.66666666666667	1.4	1.76190476190476	1003
1054	SMALLPOX	smallpox	varičele	1.27272727272727	1.85714285714286	2	2.30769230769231	2.77777777777778	2756
1064	SHIELD	shield	štit	2.3	1	1.25	1.3	1.3	2375
1066	CRIME	crime	prijestup	1.85	1.7	1.65	2.15	1.7	1834
1069	GLUE	glue	ljepilo	1.75	1.2	1.2	1.35	1.85	979
1070	BUS	bus	autobus	2.1	1.35	1.15	1.15	1.65	66
1071	HOOK	hook	kuka	1.85	1.25	1.35	2.05	1.45	911
1072	PRISONER	prisoner	zatočenik	1.52380952380952	2	2.7	2.4	1.95652173913043	2933
1075	TRAP (PITFALL)	trap	zamka	1.5	1.95454545454545	2.28571428571429	2.05	1.61904761904762	2901
1081	BILL	bill	karta	1.95	1.04545454545455	1.28571428571429	1.2	1.0952380952381	753
1082	MERCHANT	merchant	trgovac	2.45	1.2	1.15	1.04761904761905	1.57142857142857	2564
1084	CALL	to call	zvati	2.7	1.1	1.1	1.25	1.19354838709677	3015
1086	WORK (ACTIVITY)	to work	raditi	2.9047619047619	1.52380952380952	1.3	1.6	1.3	1961
1090	BE BORN	suffering	patnja	1.31818181818182	2.15	2.85	2.85	2.47619047619048	1545
1092	HOPE	hope	nada	3.45	1.15	1.55	1.5	1.25	1178
1093	MIDDLE	middle	srednji	1.55	1.09090909090909	1.23809523809524	1.1	1.33333333333333	2340
1095	LET GO OR SET FREE	release	osloboditi	3.65	1.15	1.15	1.55	1.05	1465
1096	SONG	song	pjesma	4	1	1.2	1.2	1.08695652173913	1594
1100	COOK (SOMETHING)	cook	kuhar	2.95	1.1	1	1	1.25	908
1101	SUFFER	to suffer	patiti	1.25	2.45	3.2	3.3	2	1543
1103	SACRIFICE	sacrifice	žrtvovanje	2	1.71428571428571	2.2	2.25	2	3006
1104	NURSE	nurse	bolničar	1.65	1.3	1.65	1.9	1.55	145
1105	CAMP	camp	kamp	2.7	1.09090909090909	1.15	1.08695652173913	1.1	734
1109	WOUND	wounds	rane	1.45	2.45	3.35	1.9	2.45	1971
1110	SHARK	shark	ajkula	2.52631578947368	2.21052631578947	1.55	2.2	2.10526315789474	10
1111	CAR	car	auto	3.1	1.3	1.15	1.4	1.06451612903226	65
1114	BULLET	bullet	metak	1.47619047619048	2.1	2	2.25	2.04347826086957	1075
1116	DAMAGE	to damage	oštetiti	1.45	2.45	2.55	2	1.48387096774194	1471
1120	HONEST	honest	pošten	4.10526315789474	1	1.15	1.19047619047619	1.14285714285714	1725
1122	WAGES	salary	plaća	3.5	1.7	1.65	1.4	1.7	1599
1123	PREGNANT	pregnant	trudna	3.15	1.33333333333333	1.47619047619048	2.20833333333333	1.6	2582
1124	PIPE	pipe	lula	2.45	1.05	1.25	1	1.38095238095238	1014
1127	SEND	to send	poslati	2.8	1.2	1.1	1.35	1.25	1718
1133	MATCH	match	šibica	2	1.23809523809524	1.15	1.5	1.04761904761905	2170
1134	DIVORCE	divorce	rastava	1.4	2.7	3.55	2.42857142857143	1.9047619047619	1984
1135	KICK	kick	šut	1.94444444444444	1.47368421052632	1.4	1.3	1.15789473684211	2449
1136	RABBIT	rabbit	kunić	3.45	1.31818181818182	1.0952380952381	1	1.2	916
1138	FAIRY	fairy	vila	2.6	1.13636363636364	1.19047619047619	1.1	1.14285714285714	2784
1139	LEOPARD	leopard	leopard	2.57142857142857	1.19047619047619	1.05	1.75	1.1	948
1141	PITY	pity	šteta	1.65	2.25	2.4	2.3	1.58064516129032	2365
1142	URINE	urine	mokraća	1.25	2.05	1.65	1.45	2.7	1127
1145	SWAMP	swamp	močvara	1.95	1.25	1.45	2.1	1.75	1124
1149	ORPHAN	orphan	siroče	1.5	1.68181818181818	3	2	1.71428571428571	2195
1151	VEIL	veil	veo	2.18181818181818	1.23809523809524	1	1.05	1.38095238095238	2767
1153	CATTLE	cattle	stoka	1.75	1.89473684210526	1.75	1.45	1.4	2379
1155	CAVE	cave	spilja	2.19047619047619	1.38095238095238	1.1	1.55	1.25	2314
1156	OPEN	open	otvoren	2.9	1.05	1.3	1.55	1.25	1497
1159	FART	fart	prdac	2.55	2.55	1.6	1.5	2.8	1769
1160	THIEF	thief	kradljivac	1.55	3.27272727272727	2.75	2.52173913043478	2.65	862
1164	BRIBE (SOMEBODY)	to bribe	podmićivati	1.95	2.9	2.26315789473684	1.85	2.65	1647
1169	OX	ox	vol	1.85	1.13636363636364	1.19047619047619	1.65	1.14285714285714	2821
1172	SHOOT	to shoot	pucati	1.75	2.54545454545455	2.5	2.82608695652174	2.25	1943
1182	NOISE	noise	buka	1.5	2.35	1.9	1.6	2.2	187
1183	PALM OF HAND	palm	palma	3.52631578947368	1.36363636363636	1.04761904761905	1	1.1	1518
1185	VULTURE	vulture	sup	2.31578947368421	1.31578947368421	1.33333333333333	1.27777777777778	1.31578947368421	2433
1187	GOOSE	goose	guska	2.1	1.4	1	1.2	1.3	547
1189	ULCER	ulcer	čir	1.8	2.18181818181818	2.5	2.52173913043478	3.2	229
1190	HARE	hare	zec	3.40909090909091	1.14285714285714	1	1	1.19047619047619	2949
1192	THREATEN	to threaten	prijetiti	1.2	3.10526315789474	2.35	3.25	2.63157894736842	1837
1193	STEAM	steam	para	1.8	1.09090909090909	1.25	1.17391304347826	1.3	1529
1199	WIFE	wife	supruga	3.23809523809524	1.47619047619048	1.3	1.05	1.45	2440
1200	HUSBAND	husband	suprug	3.1	1.15	1.15	1.15	1.19047619047619	2439
1207	YOUNG	young	mlad	3.40909090909091	1.04761904761905	1	1.05	1.14285714285714	1111
1208	CAT	cat	mačka	2.55	1.4	1.2	1.4	1.6	1022
1216	MOTHER	mother	majka	4.57142857142857	1.0952380952381	1.05	1.45	1.3	1033
1217	FATHER	father	otac	4.05263157894737	1.15	1.35	1	1.04761904761905	1481
1218	ROPE	rope	uže	1.71428571428571	1.52380952380952	1.5	1.4	1.4	2730
1219	WORM	worm	glista	2.05	1.72727272727273	1.61904761904762	1.66666666666667	2.2	489
122	CART	wagon	prikolica	1.75	1.1	1.3	1.2	1.35	1841
1220	TAIL	tail	rep	1.95238095238095	1.0952380952381	1.1	1.05	1.15	2033
1221	NOSE	nose	nos	1.7	1.1	1.4	1.2	1.45	1315
1222	PENIS	penis	penis	2.15	1.27272727272727	1.33333333333333	1.2	1.47619047619048	1563
1223	HEART	heart	srce	3.2	1.09090909090909	1.35	1.17391304347826	1.05	2336
1225	DAY (NOT NIGHT)	daylight	zora	3.15	1.05	1.2	1.1	1.09677419354839	3002
1227	BOARD	board	daska	1.77272727272727	1.33333333333333	1.15	1.1	1.0952380952381	266
1228	EARTH (SOIL)	earth	zemlja	2.75	1.15	1.25	1.2	1.05	2957
1229	OLD	old	star	1.7	1.3	1.75	2	1.25	2357
1230	DIRTY	dirty	prljav	1.4	2.25	2.2	1.65	2.65	1868
1231	NEW	new	nov	2.6	1	1.19047619047619	1.05	1.14285714285714	1319
1233	NIGHT	night	noć	3	1.3	1.65	1.25	1	1309
1234	SMOOTH	smooth	glatko	2.35	1	1.0952380952381	1.1	1.04761904761905	481
124	THORN	thorn	trn	1.59090909090909	1.61904761904762	1.45	1.8	1.52380952380952	2574
1243	WIDE	wide	opširan	2.4	1.77272727272727	1.19047619047619	1.33333333333333	1.2	1440
1245	BUTTER	butter	maslac	2.7	1.31818181818182	1	1.16666666666667	1.1	1054
1246	SMALL	small	malen	2.45	1.7	1.5	1.55	1.41935483870968	1036
125	SWEAT (SUBSTANCE)	sweat	znoj	1.65	1.55	1.5	1.6	2.7	2999
1252	HOUSE	house	kuća	3.9	1.1	1.2	1.15	1.25	903
1259	WEDDING	wedding	vjenčanje	3.5	1.25	1.3	1.5	1.9	2795
1261	SING	to sing	pjevati	3.75	1.36363636363636	1.0952380952381	1.54166666666667	1.15	1597
1262	BROTHER	brother	brat	3.7	1.0952380952381	1	1	1	161
1263	SISTER	sister	sestra	3.4	1.14285714285714	1.1	1.35	1.38095238095238	2164
1265	HIGH	high	uzvišen	2.35	1.7	1.6	1.4	1.45161290322581	2743
1266	BRIDE	bride	nevjesta	2.10526315789474	1.15	1.6	1.5	1.45	1301
1267	NARROW	narrow	uzak	2.1	1.59090909090909	1.45	1.43478260869565	1.3	2722
1271	DELIGHT	delight	uživanje	4.52631578947368	1.1	1.05	1.0952380952381	1.23809523809524	2734
1273	CANDLE	candle	svijeća	2.45	1.1	1.15	1.2	1.3	2458
1275	ANSWER	answer	odgovor	2.52380952380952	1.0952380952381	1.1	1.2	1.2	1366
1276	AUTUMN	autumn	jesen	2.95454545454545	1.14285714285714	1.4	1.1	1.14285714285714	713
1277	HAND	hand	dlan	2.27272727272727	1.19047619047619	1.05	1	1.14285714285714	334
1278	VOMIT	vomit	povraćanje	1.1	2.7	2.6	2.5	3.35	1749
1279	FAT (OBESE)	fatness	debljina	1.6	2	1.9	2.35	2.75	272
1280	FALL	to fall	pasti	1.5	1.63636363636364	1.95238095238095	2.15	1.38095238095238	1540
1281	PRISON	prison	tamnica	1.31818181818182	2.47619047619048	2.4	2.45	2.42857142857143	2485
1287	COLD	cold	hladan	2.05	1.77272727272727	2.2	1.73913043478261	1.55	562
1288	CAP	cap	šilterica	2.55	1.36363636363636	1.04761904761905	1.04166666666667	1	2186
1289	BABY	baby	beba	3.15	1.22727272727273	1.23809523809524	1.45	1.14285714285714	90
129	CHOKE	to choke	zadaviti	1.55	3.31818181818182	3.25	3.34782608695652	2.8	2862
1290	ELEPHANT	elephant	slon	3.15	1.05	1.1	1.0952380952381	1.23809523809524	2256
1292	BAD	bad	loš	1.45	2.8	2.9	2.45	2.15	1002
1293	MISTAKE	mistake	pogreška	1.8	1.86363636363636	2.45	2.08695652173913	1.75	1661
1295	STICK	stick	palica	1.76190476190476	1.2	1.35	1.5	1.30434782608696	1516
1297	LEG	leg	šapa	3.25	1.05	1.1	1.25	1.05	2127
1298	NEWSPAPER	newspaper	novine	2.3	1.6	1.4	1.25	1.2	1323
13	DECEIT	deceit	obmana	1.26315789473684	2.52941176470588	2.55	2.05	1.89473684210526	1342
1301	FOOT	foot	stopalo	2.1	1.5	1.33333333333333	1.41666666666667	1.5	2387
1302	FORK	fork	viljuška	1.95	1.1	1.26315789473684	1.35	1.8	2785
1303	FINGER	finger	prst	2.15	1.13636363636364	1.2	1.04347826086957	1.2	1927
1304	CHILD (YOUNG HUMAN)	kids	klinac	2.75	1.3	1.05	1.3	1.65	788
1306	QUEEN	queen	kraljica	2.5	1.05	1.1	1.15	1.5	866
1308	DOUBT	doubt	dvojba	1.75	1.75	1.7	1.7	1.75	390
131	FESTIVAL	party	fešta	4	1.09090909090909	1.45	1.1304347826087	1.25	438
1310	CLEVER	clever	lukav	2.6	1.45	1.45	1.47619047619048	1.42857142857143	1012
1312	FOX	fox	lisica	2.27272727272727	1.23809523809524	1.05	1.75	1.33333333333333	972
1313	MOON	moon	mjesec	3	1	1.25	1.25	1	1107
1314	QUIET	quiet	tih	1.85	1.4	1.65	1.2	1.3	2518
1315	RADIO	radio	radio	2.9	1.1	1.1	1.2	1.12903225806452	1960
1318	CHICKEN	chicken	kokoš	2.14285714285714	1.45	1.35	1.1	1.1304347826087	805
1319	COWARD	coward	kukavica	1.5	1.86363636363636	2.0952380952381	1.70833333333333	1.95	913
1320	APPLE	apple	jabuka	3.05	1.31818181818182	1.04761904761905	1.41666666666667	1	696
1321	BOTTLE	bottle	boca	2.65	1.15	1.35	1.4	1.21052631578947	132
1323	CLOCK	clock	sat	1.95454545454545	1.23809523809524	1	1	1.0952380952381	2135
1325	FRIEND	friend	prijatelj	4.05	1.0952380952381	1	1.15	1.0952380952381	1828
1327	UNCLE	uncle	ujak	2.8	1.1	1.2	1.4	1.35483870967742	2637
1330	DEFEND	to defend	braniti	2.85	1.4	1.55	1.4	1.4	160
1331	SHEEP	sheep	ovca	2.5	1.2	1.3	1.35	1.35	1498
1334	GUTS	gut	crijevo	1.4	1.3	1.55	1.4	1.85	245
1335	WHITE	white	bijel	2.52380952380952	1	1.1	1	1.17391304347826	107
1336	EAT	eat	jesti	3.55	1.27272727272727	1.14285714285714	1.1	1.14285714285714	714
1337	PIG	pig	svinja	2.1	1.40909090909091	1.38095238095238	1.05	1.28571428571429	2464
1338	PEACE	peace	mir	3.80952380952381	1.28571428571429	1.05	1.15	1.25	1092
134	FAULT	fault	krivica	1.75	2.18181818181818	2.80952380952381	2.16666666666667	1.9	884
1342	SUMMER	summer	ljeto	4.35	1.1	1.15	1.2	1.45	982
1343	SUN	sun	sunce	3.8	1.15	1.15	1.1	1.4	2430
1346	THROAT	throat	grlo	1.8	1.15	1.4	1.25	1.4	528
1349	CHURCH	church	crkva	2.6	2	1.85	1.55	1.75	246
1352	KNIFE	knife	nož	1.7	1.6	1.85	2.31578947368421	1.48387096774194	1326
1356	NUMBER	number	broj	2.25	1.2	1.1	1.15	1.2	172
1357	DAUGHTER	daughter	kćer	3.52380952380952	1	1.1	1	1.04347826086957	760
1358	ENEMY	enemy	neprijatelj	1.25	2.7	2.15	2.5	2.25	1266
1360	DUCK	duck	patka	2.3	1.09090909090909	1.0952380952381	1.25	1	1544
1361	TOOL	tool	alat	2.35	1.22727272727273	1.0952380952381	1.1304347826087	1.1	19
1362	STREET	street	ulica	2.25	1.04545454545455	1.1	1.17391304347826	1.5	2645
1364	HEALTHY	healthy	zdravo	3.65	1.04545454545455	1.3	1.08695652173913	1.1	2947
1366	BOY	boy	dečko	3.23809523809524	1	1.35	1.05	1	273
1367	CROSS	cross	križ	2	2.04545454545455	1.71428571428571	1.66666666666667	1.55	887
1369	GOLD	gold	zlato	2.55	1.22727272727273	1.19047619047619	1.05	1.14285714285714	2980
1372	MEDICINE	medicine	lijek	2.75	1	1.25	1.3	1.4	961
1374	RING	ring	prsten	3.25	1.35	1.3	1.35	1.05	1928
1375	WINDOW	window	prozor	2.45	1.1	1.15	1.04761904761905	1.04761904761905	1924
1378	SPOON	spoon	žlica	2.0952380952381	1	1.25	1.05	1.08695652173913	2981
1379	TELEPHONE	phone	telefon	2.42857142857143	1	1.15	1.05	1.08695652173913	2497
138	BATHE	bath	kupaonica	2.8	1.05	1.35	1.15	1.2	917
1380	TOOTH	tooth	zub	2.05	1.65	1.45	1.35	1.3	3008
1381	SHOE	shoe	cipela	2.6	1.05	1.05	1	1.3	227
1382	NEEDLE (FOR SEWING)	needle	igla	1.65	1.4	1.3	2.1	2	589
1383	GRANDFATHER	grandfather	djed	4.15	1.40909090909091	1.0952380952381	1.29166666666667	1	327
1386	LION	lion	lav	3.1	1.1	1.15	1.75	1.15	938
1388	SHADE	shadow	sjena	2.15	1.25	1.3	2.05	1.21052631578947	2210
1392	LOUSE	louse	uš	1.36363636363636	2.45	1.33333333333333	2.15	3.23809523809524	2691
1396	SHARP	sharp	oštar	1.61904761904762	1.95238095238095	1.6	2.1	1.2	1470
1398	DRY	dry	suho	2.5	1.27272727272727	1.25	1.30434782608696	1.25	2418
1402	BREAST	breast	grudi	3.14285714285714	1	1.15	1.1	1.08695652173913	538
1403	BITE	to bite	gristi	2.15	1.77272727272727	1.9	1.39130434782609	1.6	525
1405	NAME	name	ime	3.1	1.05	1.1	1.2	1.25	597
1407	BREATHE	to breathe	disati	3.35	1.31818181818182	1.04761904761905	1.08333333333333	1.25	313
1411	LIE (REST)	lie	laž	1.5	3.6	3.47368421052632	2.33333333333333	2.47619047619048	940
1412	RUDE	rude	neodgojen	1.45	3.40909090909091	2.57142857142857	2.25	2.55	1255
1413	PLAY	to play	igrati	3.75	1.3	1.3	1.1	1.1	594
1417	KILL	to kill	usmrtiti	1.45454545454545	3.47619047619048	3.25	3.55	3.47619047619048	2702
1419	FEAR (BE AFRAID)	fear	strah	1.3	1.55	2.5	3.05	2.15	2389
1420	COUNT	count	grof	2	1.25	1.15	1.7	1.75	532
1422	BE ALIVE	live	živjeti	4.04761904761905	1.28571428571429	1.1	1.3	1.1	2975
1423	FIGHT	to fight	svađati	1.45	2.59090909090909	3	2	2	2452
1424	YELLOW	yellow	žut	2.47619047619048	1	1.35	1	1.08695652173913	3014
1425	GREEN	green	zeleno	3.28571428571429	1	1.15	1.05	1.04347826086957	2952
1427	BEAUTIFUL	beautiful	krasan	3.55	1	1.05	1.04761904761905	1.14285714285714	867
143	HUMID	moist	vlažan	2.55	1.25	1.35	1.4	2.2	2809
1430	STAR	star	zvijezda	3.14285714285714	1.14285714285714	1.2	1.15	1.05	3018
1432	CUT	cut	rez	1.3	1.85	1.73684210526316	2.5	2.3	2044
1433	HIT	to hit	udariti	1.3	2.55	2.4	2.15	1.95	2621
1434	STAB	to stab	probosti	1.27272727272727	2.47619047619048	2.4	2.55	2.42105263157895	1873
1435	HUNT	to hunt	loviti	2.25	1.68181818181818	1.76190476190476	1.66666666666667	1.45	1004
1438	FOOL	fool	budala	1.52380952380952	2.61904761904762	1.95	1.85	1.5	182
144	MACHINE	machine	mašina	2.0952380952381	1.42857142857143	1.25	1.2	1.2	1052
1440	SPIT	to spit	pljuvati	1.2	3.1	2.4	1.65	2.9	1625
1441	FLY (MOVE THROUGH AIR)	fly	muha	1.35	2.31818181818182	1.6	1.21739130434783	2.2	1163
1442	STAND	stand	kućica	4	1.40909090909091	1.04761904761905	1.08333333333333	1	904
1443	WALK	to walk	šetati	3.65	1.15	1.05	1.1	1.45	2166
1447	GIVE	to give	dati	2.75	1.05	1.1	1.4	1.16129032258065	267
1450	ROOM	room	prostorija	2.45	1.15	1.2	1.3	1.45	1917
1451	SMILE	smile	osmijeh	4.61904761904762	1	1.1	1.25	1.1304347826087	1467
1456	THROW	to throw	lansirati	2.35	1.2	1.3	1.6	1.09677419354839	934
146	SUGAR CANE	cane	štap	2	1.59090909090909	1.14285714285714	1.16666666666667	1.1	2356
1462	POT	pot	barka	3.22727272727273	1.28571428571429	1	1.15789473684211	1.0952380952381	84
1463	DRUNK	drunk	pijan	2.04761904761905	1.8	1.85	1.55	1.95652173913043	1575
1465	BOX	box	kutija	2.45	1.31818181818182	1.14285714285714	1.20833333333333	1.05	920
1467	CIRCLE	circle	krug	1.75	1.04545454545455	1.38095238095238	1.3	1.0952380952381	896
1472	KEY	key	ključ	2.57142857142857	1.19047619047619	1.15	1.2	1.1	790
1473	FIST	fist	šaka	2.3	1.59090909090909	1.38095238095238	1.375	1.4	2102
1474	SEA	sea	more	4.05	1.1	1.1	1.3	1	1139
1475	COMB	comb	češalj	2.05	1.18181818181818	1.14285714285714	1	1.14285714285714	210
1476	CHAIR	chair	stolica	2	1.14285714285714	1.05	1.3	1.1	2383
1477	KEEP	to keep	sačuvati	3.15	1	1.35	1.04761904761905	1.0952380952381	2096
1479	DOLPHIN	dolphin	dupin	3.4	1.05	1.1	1.1	1.05	387
1480	BODY	body	tijelo	2.47619047619048	1.28571428571429	1.15	1.15	1.25	2520
1481	HAMMER	hammer	čekić	2.15	1.40909090909091	1.14285714285714	1.5	1.1	204
1484	OIL (ORGANIC SUBSTANCE)	oil	ulje	2.35	1	1.25	1.45	1.25	2647
1489	CLOUD	clouds	oblaci	3.0952380952381	1.1	1.2	1	1.04347826086957	1339
1490	RAT	rat	štakor	1.45	1.68181818181818	1.95238095238095	2.3	2.9047619047619	2349
1491	MOUSE	mouse	miš	2.3	1.2	1.45	1.55	1.9	1098
1492	DUMB	dumb	blesav	2.18181818181818	1.95238095238095	1.05	1.3	1.38095238095238	129
1495	HAPPY	happy	raspoložen	3.71428571428571	1	1.25	1.1	1	1980
1496	GRANDMOTHER	grandmother	baka	3.95	1.05	2.1	1	1.15	77
1499	JUICE	juice	sok	3.19047619047619	1.14285714285714	1.1	1	1.1	2298
15	OTTER	otter	vidra	2.9	1.1	1	1.25	1.25	2780
150	WORRY	to worry	brinuti	2.2	1.45	2.15	1.55	1.41935483870968	168
1507	FRUIT	fruit	voće	3.85	1	1.15	1	1.0952380952381	2810
1508	KING	king	kralj	2.33333333333333	1.1	1.3	1.1	1.17391304347826	864
1509	MOSQUITO	mosquito	komarac	1.25	2.65	1.5	1.85	2.05	814
151	RAZOR	razor	britva	2.05	1.3	1.55	2.1	1.65	169
1517	WASP	wasp	osa	1.5	1.86363636363636	1.38095238095238	2.3	1.38095238095238	1457
1518	STUPID	stupid	glup	1.52380952380952	2.19047619047619	2.15	1.7	1.5	493
1522	SOCK	sock	čarapa	1.85	1.04545454545455	1.28571428571429	1	1.19047619047619	195
1523	FORGET	to forget	zaboraviti	1.65	2.05	2.45	1.6	2.1	2855
1524	WINE	wine	vino	3.6	1.3	1.35	1.45	1.05263157894737	2786
1525	COAST	coast	obala	3.3	1.05	1.25	1	1	1330
1527	TICK	tick	krpelj	1.2	2.6	1.9	2.55	3.5	893
1528	FORGIVE	to forgive	oprostiti	3.75	1.3	1.6	1.3	1.05263157894737	1436
1530	BOWL	bowl	zdjela	2.65	1.18181818181818	1.04761904761905	1.04166666666667	1.05263157894737	2945
1532	SHEAR	to shear	skijati	3.2	1.05	1.25	1.5	1.05	2219
1533	BE HUNGRY	hungry	gladan	1.42857142857143	1.45	2.4	1.55	1.5	476
1534	FEVER	fever	vrućica	1.1	2.5	2.45	1.85	2.75	2847
1535	SWORD	sword	mač	2.2	1.5	1.42857142857143	1.58333333333333	1.35	1019
1536	UNDERSTAND	to understand	razumjeti	3.15	1.15	1.4	1.4	1.45	2017
1537	SPRINGTIME	spring	mol	3.22222222222222	1.28571428571429	1.23809523809524	1.17391304347826	1.3	1128
1538	SCORPION	scorpion	škorpion	2.15	1.35	1.3	2.0952380952381	1.85714285714286	2225
1539	BASKET	basket	košara	2.4	1.25	1.2	1.1	1.12903225806452	851
1543	SNAIL	snail	puž	2.3	1.2	1.25	1.25	1.45	1956
1545	HOST	host	domaćin	3.05	1.36363636363636	1.04761904761905	1	1.1	355
1548	UGLY	ugly	ružan	1.55	1.90909090909091	2.14285714285714	1.55	1.95238095238095	2094
1552	GLOOMY	gloomy	sumoran	1.38888888888889	1.84210526315789	1.82352941176471	1.7	1.42105263157895	2427
1554	MAN	man	muškarac	1.95	1.5	1.47619047619048	1.35	1.19047619047619	1169
1555	CHAMELEON	chameleon	kameleon	2.42857142857143	1.05	1.3	1.35	1.21739130434783	727
1558	SIMILAR	similar	sličan	2.1	1.18181818181818	1.3	1.34782608695652	1.3	2245
1559	MONEY	money	novac	3.57142857142857	1.85714285714286	1.25	1.75	1.2	1320
156	RED	red	crven	2.2	1.59090909090909	1.7	1.34782608695652	1.05	249
1560	FACE	face	lice	2.7	1.18181818181818	1.3	1.1	1.0952380952381	957
1561	ARMY	army	vojska	2	1.85	2	2	2.05	2820
1562	MIND	mind	um	2.8	1.1	1.1	1.05	1.19354838709677	2650
1563	PYTHON	python	piton	1.8	1.73684210526316	1.85	2.55	2.3	1588
1564	LAZY	lazy	lijen	1.45	2.13636363636364	2.04761904761905	1.4	1.47619047619048	962
1565	HEAVEN	heaven	nebesa	2.8	1.25	1.55	1.35	1.3	1237
1566	GUN	gun	puška	2.05	2.3	2.4	2.45	1.8	1948
1567	DOOR	door	vrata	2	1.1	1.15	1.04761904761905	1.0952380952381	2832
1570	EQUAL	equal	jednak	3.15	1.15	1.15	1.3	1.16129032258065	708
1572	SURPRISED	surprised	iznenađen	2.85	1.05	1.35	1.15	1.2	674
1575	COCKROACH	cockroach	žohar	1.5	2.5	2.45	2.47826086956522	3.1	3000
1576	PILE UP	to pile up	gomilati	1.5	2.1	1.05	1.35	1.57142857142857	507
1578	IGUANA	iguana	iguana	2.68421052631579	1	1.15	1.65	1.55	595
1579	BE	will	htijenje	2.0952380952381	1.52380952380952	1.1	1.17647058823529	1.33333333333333	576
1581	ALLIGATOR	alligator	aligator	2.13636363636364	1.57142857142857	1.05	2.15	1.66666666666667	22
1584	BLISTER	blister	žulj	1.55	2.65	2.35	1.65	2.35483870967742	3011
1585	SLEEP	sleep	spavati	3.9	1.1	1.25	1.14285714285714	1.23809523809524	2313
1587	SMELL (STINK)	stink	smrad	1.35	2.4	2.3	1.8	3.4	2283
1588	TURN	turn	skretanje	2.15789473684211	1.54545454545455	1.23809523809524	1.52173913043478	1.3	2227
1589	HUMMINGBIRD	hummingbird	kolibrić	2.84210526315789	1.1	1.31578947368421	1.10526315789474	1.3	809
1593	DEEP	deep	duboko	2.25	1.15	1.45	1.6	1.2	380
1597	AIRPLANE	plane	avion	2.71428571428571	1	1.2	1.15	1.17391304347826	71
160	SET (HEAVENLY BODIES)	set	skup	2.28571428571429	2.0952380952381	1.35	1.2	1.1	2232
1600	SKIRT	skirt	suknja	2.75	1.18181818181818	1.25	1.04347826086957	1.05	2419
1601	WEAK	feeble	slab	1.31818181818182	1.52380952380952	1.95	1.5	1.28571428571429	2233
1603	MOSQUE	mosque	džamija	2.25	1.35	1.35	1.14285714285714	1.38095238095238	392
1605	SKULL	skull	lubanja	1.52380952380952	1.66666666666667	1.8	1.55	1.45	1005
1607	HATE	hate	mrziti	1.3	3.35	3.4	2.42857142857143	2.47619047619048	1152
1609	IDEA	idea	ideja	3.65	1.05	1	1.2	1	585
1610	PROSTITUTE	prostitute	prostitutka	2	1.8	2.3	1.75	2.45	1914
1612	LETTER	letter	pismo	2.85	1.1	1.5	1.2	1	1585
1613	COLOR	color	boja	2.26315789473684	1.22727272727273	1.14285714285714	1.2	1.0952380952381	138
1618	GRANDSON	grandson	unuk	2.85714285714286	1	1.15	1	1.08695652173913	2669
1619	GRANDDAUGHTER	granddaughter	unuka	3	1.1	1.1	1.5	1.03225806451613	2670
1620	SON	son	sin	3.4	1.35	1.25	1.35	1	2190
1622	SHIRT	shirt	košulja	2.27272727272727	1.04761904761905	1.05	1	1	855
1624	EMPTY	empty	prazan	1.45	1.40909090909091	1.9047619047619	1.6	1.19047619047619	1766
1625	DEAD	dead	mrtav	1.1	2.26315789473684	3.4	3.65	2.7	1150
1626	EXPLAIN	to explain	objašnjavati	2.1	1.6	1.25	1.15	1.2	1337
1627	CHAIN	chain	lanac	1.9	1.81818181818182	1.38095238095238	1.70833333333333	1.2	933
1628	SQUIRREL	squirrel	vjeverica	3.15	1.05	1	1.2	1.12903225806452	2805
163	BLACK	black	crn	2.3	1.25	1.7	1.1	1.26315789473684	247
1631	FAST	quick	brzo	2.80952380952381	1.28571428571429	1.15	1.25	1.1	176
1632	FLOOR	floor	tlo	2.55	1.1	1.25	1.25	1.12903225806452	2532
1635	OBEY	obey	poslušati	2.65	1.2	1.3	1.4	1.15	1720
1637	AUTHORITY	authority	autoritet	1.85	1.63636363636364	1.35	1.65	1.23809523809524	68
1638	TRUTH	truth	istina	3.85	1.38095238095238	1.4	1.35	1.1	649
1639	BEER	beer	pivo	2.57142857142857	1.33333333333333	1.2	1.2	1.15	1589
164	KANGAROO	kangaroo	klokan	3.1	1.13636363636364	1.04761904761905	1.41666666666667	1	792
1641	SILK	silk	svila	3	1	1.15	1.1	1.04347826086957	2463
1643	COUSIN	cousin	bratić	3.5	1.15	1.45	1.2	1.1	162
1646	GIRL	girl	djevojčica	3.0952380952381	1.14285714285714	1.15	1.1	1	332
1650	WATCH	watch	nadzornik	1.65	1.45454545454545	1.28571428571429	1.35	1.19047619047619	1185
1651	TEAR (OF EYE)	tear	suza	1.54545454545455	1.66666666666667	2.15	1.6	1.19047619047619	2450
1653	BLIND	blind	slijep	1.25	1.85	3.3	2.45	1.55	2247
1654	LIGHTNING	lightning	munja	2.2	1.25	1.5	2.35	1.36842105263158	1167
1655	BLINK	wink	namigivanje	2.6	1.35	1.3	1.45	1.4	1204
1657	TRUE	true	istinit	3.05	1.2	1.05	1.35	1.2258064516129	650
1659	DOLL	doll	lutak	1.65	1.21052631578947	1.45	1.52631578947368	1.9	1016
1662	CAPE	cape	mantija	1.45454545454545	1.53333333333333	1.3125	1.06666666666667	1.46153846153846	1042
1663	BED	bed	krevet	3.6	1.2	1.1	1.0952380952381	1.0952380952381	876
1665	BEAT	to beat	nadvladati	2.65	1.65	1.6	1.55	1.55	1184
1666	MUTE	mute	nijem	1.8	1.5	3.1	1.33333333333333	1.42105263157895	1306
1668	GRIEF	grief	neutješnost	1.55	2.4	2.6	2.4	1.93548387096774	1296
167	MAIL	mail	pošta	2.31818181818182	1.28571428571429	1	1.1	1.38095238095238	1723
1671	TOWER	tower	toranj	2.5	1.2	1.1	1.23809523809524	1.14285714285714	2541
1673	ARM	arm	ruka	2.7	1	1.05	1.14285714285714	1.19047619047619	2083
1674	POOR	poor	siromašan	1.65	1.72727272727273	3.25	2.16666666666667	1.6	2197
1679	LOAD	load	teret	1.4	1.9	1.85	1.4	2.15	2506
168	REST	to rest	odmoriti	4	1.22727272727273	1.0952380952381	1.04166666666667	1	1375
1680	HELMET	helmet	kaciga	2.4	1.31818181818182	1.5	1.1304347826087	1.15	722
1682	GUILTY	guilty	kriv	1.45454545454545	2.25	1.95	1.9	1.52380952380952	883
1719	BURY	to bury	pokopati	1.23809523809524	2.23809523809524	3.35	2.85	1.7	1674
1720	SIGN	sign	primati	2.04761904761905	1.05	1.25	1.2	1.17391304347826	1846
1726	WET	wet	mokar	2.1	1.3	1.7	1.28571428571429	1.66666666666667	1126
1728	ROTTEN	rotten	trul	1.47368421052632	2.2	2.21052631578947	1.80952380952381	2.57142857142857	2584
1732	SKY	sky	nebo	3.85	1.04761904761905	1.35	1.17391304347826	1.05	1238
1733	RAINBOW	rainbow	duga	3.45454545454545	1.04761904761905	1.1	1	1.04761904761905	383
1739	DECORATE	decorate	ukrasiti	3.38095238095238	1.2	1.35	1.25	1.17391304347826	2642
174	PROUD	proud	ponosan	3.85	1.2	1.2	1.04761904761905	1.42857142857143	1702
1740	PINE	pine	bor	3.42857142857143	1	1.2	1	1.17391304347826	150
1742	TRAVERSE	to go through	proći	2.55	1.25	1.3	1.1	1.35	1875
1747	CUSTOM	custom	običaj	2.45	1.31818181818182	1.23809523809524	1.25	1.33333333333333	1334
175	BLOW (OF WIND)	blow	otpuhivanje	1.8	1.52380952380952	1.31578947368421	1.30434782608696	1.45	1493
1750	CHOOSE	to choose	izabrati	2.2	1.25	1.6	1.45	1.75	655
1752	LEAVE	to leave	izaći	2.75	1.15	1.1	1.05	1.15	656
1754	BRACELET	bracelet	narukvica	2.9	1.1	1.2	1.1	1.3	1223
1756	WIDOW	widow	udovac	1.55	1.6	2.6	1.85	1.7	2625
1763	CLUB	club	toljaga	1.44444444444444	1.6	1.41176470588235	1.61111111111111	1.66666666666667	2538
1768	FOAM	foam	pjena	1.9	1.27272727272727	1.28571428571429	1.3	1.28571428571429	1592
1770	CARCASS	carcass	lešina	1.25	2.4	2.47368421052632	3	3.15	952
1772	ELK	elk	los	1.9	1.71428571428571	1.27777777777778	1.16666666666667	1.05263157894737	1001
1773	GRAVE	tomb	grobnica	1.3	2.38095238095238	3	2.75	2.1	531
1774	STINGY	stingy	škrt	1.45	2.81818181818182	2.42857142857143	2.16666666666667	2.05	2230
1775	TABLE	table	stol	1.75	1.1	1.15	1.1	1.1	2380
1783	PAIN	pain	bol	1.33333333333333	2.61904761904762	3.2	2.8	2.1	141
1784	WANT	wish	želja	3.4	1.27272727272727	1.14285714285714	1.125	1.1	2953
1788	TELEVISION	television	televizija	2.4	1.27272727272727	1.38095238095238	1.1	1.14285714285714	2500
1791	BUTTERFLY	butterfly	leptir	3.5	1.13636363636364	1.25	1	1.1	950
1793	BAT	bat	šišmiš	1.4	1.59090909090909	1.28571428571429	1.9	1.52380952380952	2201
1797	HEDGEHOG	hedgehog	jež	2.8	1.05	1.3	1.1	1	715
1798	GUNPOWDER	gunpowder	barut	2.0952380952381	1.71428571428571	1.6	1.6	1.35	85
1799	HYENA	hyena	hijena	2	1.52380952380952	1.2	2	1.65	558
1802	SCREW	screw	vijak	1.9	1.05	1.1	1.1	1.15	2781
1804	BOMB	bomb	bomba	1.71428571428571	2.95238095238095	2.35	3.05	1.75	147
1806	BEGIN	to begin	početi	2.54545454545455	1.42857142857143	1	1.2	1.14285714285714	1643
1808	PUS	pus	gnoj	1.38095238095238	1.9	2.05	2.05	2.72727272727273	501
1810	DANGER	danger	opasnost	1.45	2.15	2	2.8	1.61290322580645	1427
1812	TRY	to try	probati	2.65	1.05	1.25	1.2	1.19354838709677	1871
1813	TASTY	delicious	ukusan	3.54545454545455	1.04761904761905	1	1	1.04761904761905	2643
1814	ACCUSE	to accuse	optužiti	1.55	2.5	2.2	2.2	2	1444
1815	ACHE	ache	smetnja	1.3	1.75	1.75	2.15	1.9	2273
1819	LOOK	look	pogled	3.2	1.1	1.05	1.4	1.03225806451613	1656
1820	BEAR	bear	medvjed	2.65	1.18181818181818	1.2	2.08695652173913	1.3	1066
1821	BRUSH	brush	četka	2.1	1.5	1.2	1.2	1.4	214
1826	ANGRY	angry	ljut	1.4	2.8	2.7	1.9	1.6	993
1829	JUMP	to jump	preskočiti	2	1.33333333333333	1.1	1.35	1.14285714285714	1800
183	BAKE	bake	peći	2.8	1.05	1.05	1.6	1.15	1552
1833	DINNER (SUPPER)	dinner	večera	3.71428571428571	1.19047619047619	1	1	1.2	2761
1836	VAGINA	vagina	vagina	2.65	1.31818181818182	1.1	1.25	1.33333333333333	2747
1838	NAVEL	belly button	pupak	2.15	1.05	1.4	1.4	1.8	1947
1839	CRY	cry	plač	1.7	2.1	3.6	1.75	1.45	1598
1844	BOAT	boat	gliser	3.2	1.13636363636364	1.15	1.17391304347826	1.45	488
1845	BALL	ball	kugla	2.1	1.05	1.1	1.2	1.25806451612903	907
1847	SICK	sick	bolestan	1.38095238095238	2.0952380952381	3.05	3.3	1.85	143
1848	QUARREL	quarrel	svađa	1.3	3	3	2.65	2.35	2451
185	FIREPLACE	fireplace	kamin	2.9	1.2	1.4	1.2	1.15	731
1851	POCKET	pocket	džep	2.25	1.2	1.2	1.1	1.4	395
1853	DOVE	dove	golubica	2.55	1.05	1.35	1.2	1.75	505
1854	SPARROW	sparrow	vrabac	2.57142857142857	1.19047619047619	1.1	1.05	1.15	2828
1856	SOFT	soft	mekan	3.1	1.1	1.25	1	1.05	1070
1857	CROCODILE	crocodile	krokodil	1.85	1.27272727272727	1.57142857142857	1.9	1.38095238095238	891
1858	FISHERMAN	fisherman	ribar	2.85714285714286	1.14285714285714	1.35	1.05	1.15	2048
1862	DONKEY	donkey	magarac	2.76190476190476	1	1	1	1.21739130434783	1028
1864	HUNGER	hunger	glad	1.15	2.7	2.95	2	2.4	475
1867	COIN	coin	kovanica	2.75	1.25	1.15	1.25	1.16129032258065	858
1871	CAMEL	camel	deva	3	1.05	1.05	1.25	1.2	292
1873	ANTHILL	anthill	mravinjak	1.95	1.25	1.05	1.75	1.65	1148
1875	REGRET	to regret	tugovati	1.28571428571429	1.6	3.7	2.05	1.56521739130435	2588
1876	REINDEER	reindeer	sob	2.09090909090909	1.52380952380952	1.05	1.36842105263158	1.0952380952381	2295
1879	DANCE	to dance	plesati	3.05	1.25	1.2	1.3	1.5	1615
1880	PASSIONATE	passionate	strasan	2.76190476190476	1.1	1.05	1.15789473684211	1.22727272727273	2395
1884	HARD	hard	složen	1.95454545454545	1.33333333333333	1	1.3	1	2258
1888	PAIR	couple	par	3.1	1.1	1.15	1.19047619047619	1.0952380952381	1528
1892	TOUCH	touch	dodir	3.42857142857143	1.23809523809524	1.15	1.3	1.35	344
1895	CLOTHES	clothing	roba	2.9	1.2	1.3	1.25	1.09677419354839	2065
1897	HELP	to help	poduprijeti	2.9047619047619	1	1.3	1	1.08695652173913	1650
1898	SPECTACLES	glasses	naočale	2.5	1.22727272727273	1.2	1	1.15	1206
1899	MAD	mad	lud	1.9047619047619	1.55	1.8	1.7	1.52173913043478	1006
1901	SHOVEL	shovel	lopata	2.15	1.2	1.4	1.6	1.2	999
1902	BETRAY	betray	izdati	1.23809523809524	3.05	2.9	2.05	2.39130434782609	665
1905	EAGLE	eagle	orao	2.85	1.25	1.15	1.4	1.3	1447
1906	SOUR	sour	kiselo	1.6	1.31818181818182	1.66666666666667	1.25	1.57142857142857	772
1907	MOLE	mole	krtica	2.4	1.2	1.2	1.4	1.85	895
1913	PRESS	press	tisak	2.1	1.27272727272727	1.19047619047619	1.16666666666667	1.05	2526
1914	DEBT	debt	dug	1.3	1.9	2.45	1.7	1.7	382
1917	TIE	tie	kravata	2.42857142857143	1	1.25	1.05	1.08695652173913	871
1918	MANE	mane	griva	1.95	1.25	1.47368421052632	1.3	1.55	526
1919	TORCH	torch	baklja	2.19047619047619	1.66666666666667	1.15	1.4	1.15	78
192	CORNER	corner	ugao	2.3	1.2	1.26315789473684	1.23809523809524	1.0952380952381	2629
1923	ROUGH	rough	sirov	1.9	1.85	1.5	1.75	2.55	2200
1929	STUDY	to study	studirati	2.68181818181818	1.33333333333333	1.55	1.55	1.23809523809524	2410
1930	RAVINE	ravine	tjesnac	1.75	1.63636363636364	1.35	1.59090909090909	1.45	2530
1934	BEGGAR	beggar	prosjak	1.4	2.25	3.35	1.6	1.5	1907
1936	DEER	deer	jelen	3.05	1.2	1.6	1.6	1.1	712
1938	FORTRESS	fortress	tvrđava	2.6	1.2	1.35	1.05	1.2	2601
194	FAMILY	family	obitelj	4.65	1.15	1.55	1.35	1.15	1336
1940	GUARD	guard	straža	1.6	1.54545454545455	1.47619047619048	1.45	1.0952380952381	2399
1941	SOLDIER	soldier	vojnik	2.6	1.35	1.45	2.3	1.55	2819
1943	CROWN (OF HEAD)	crown	kruna	2.45454545454545	1.19047619047619	1	1.15	1.0952380952381	897
1944	GOD	god	bog	2.61904761904762	1.05	1.25	1.1	1.26086956521739	134
1945	IDOL	idol	idol	3.05	1.4	1.2	1.2	1.25	588
1947	BASTARD	bastard	kopile	1.55	2.15	2.44444444444444	1.52380952380952	1.9047619047619	842
1948	SAW	saw	pila	2.42105263157895	1.68181818181818	1.38095238095238	1.45833333333333	1.4	1578
1949	BEDBUG	bedbug	stjenica	1.82352941176471	1.71428571428571	1.2	1.63636363636364	1.78947368421053	2377
195	MAT	mat	podmetač	2.1	1.05	1.15	1.3	1.6	1645
1951	PASS	pass	prolazak	2.8	1.2	1.3	1.4	1.1	1896
1952	TORTURE	to torture	mučiti	1.3	2.81818181818182	3.45	2.875	2.95	1159
1953	ABUSE	abuse	maltretiranje	1.2	3.73684210526316	4.35	3	3.15	1037
1954	GENTLE	gentle	blag	2.81818181818182	1.19047619047619	1.2	1.05	1.0952380952381	120
196	DONATE	to donate	donirati	3.22727272727273	1.33333333333333	1.2	1.05	1.0952380952381	358
1961	NECKLACE	necklace	ogrlica	3.1	1.04545454545455	1.1	1	1.2	1397
1964	ALONE	alone	sam	2.4	1.45454545454545	2.9	2.08695652173913	1.5	2110
1971	FAN (OBJECT)	fan	lepeza	2.94736842105263	1.36363636363636	1	1	1.05	949
1973	DEMON	demon	demon	1.5	2.31818181818182	2.65	3	2.05	285
1976	MERRY	funny	smiješan	3.3	1.04545454545455	1.04761904761905	1	1.0952380952381	2275
1986	DISEASE	illness	bolest	1.15	3.2	3.75	3.3	2.85	142
1995	DEFECT	defect	nedostatak	1.4	1.95	2.45	2.25	1.70967741935484	1241
2003	FLOW	flow	tijek	1.95	1.2	1.2	1.2	1.2258064516129	2519
2005	MASK	mask	maska	1.66666666666667	1.76190476190476	1.4	1.5	1.7	1053
2008	RESCUE	to rescue	izbaviti	2.05	1.22727272727273	1.33333333333333	1.2	1.0952380952381	659
2009	DOG	dog	pas	3.65	1	1.23809523809524	1.35	1.0952380952381	1537
201	FARM	farm	farma	2.8	1.25	1.05	1.35	1.3	428
2011	COFFIN	coffin	lijes	1.15	2.55	3.55	2.35	2.95	964
2016	JEALOUSY	jealousy	ljubomora	1.6	2.90909090909091	2.85	2.26086956521739	2.4	988
2018	GREEDY	greedy	pohlepan	1.35	3.15	2.9	1.9047619047619	2.38095238095238	1663
2035	POND	pond	ribnjak	2.35	1.22727272727273	1.2	1	1.35	2049
2039	MAGPIE	magpie	svraka	1.57894736842105	1.25	1.7	1.47368421052632	1.42105263157895	2475
2045	COLUMN	column	stupac	1.65	1.2	1.15	1.2	1.19354838709677	2411
2051	DUSTPAN	dustpan	škovacera	2.53333333333333	1.35294117647059	1.17647058823529	1.22222222222222	1.29411764705882	2226
2057	DUNG (ANIMAL FAECES)	manure	đubar	1.76470588235294	1.66666666666667	2.58823529411765	1.52941176470588	2.5625	379
2058	STOOL	stool	stolac	1.7	1.05	1.15	1	1.05	2381
206	FIREFLY	firefly	svitac	1.875	1.15789473684211	1.17647058823529	1.15789473684211	1.4375	2465
2060	STORY	story	priča	3.04761904761905	1	1.2	1.1	1.04347826086957	1822
2062	INTEREST	interest	interes	2.5	1.05	1.2	1.05	1.4	623
2072	USE (VERB)	to use	upotrebljavati	2.3	1.23809523809524	1.35	1.1304347826087	1.05	2677
208	NASAL MUCUS (SNOT)	mucus	sluz	1.68181818181818	1.61904761904762	1.1	1.35	2.85714285714286	2263
2090	MY	mine	mina	1.5	2.4	3.1	2.95	2.0952380952381	1088
2099	CHILD	child	dječak	3.05	1.15	1.2	1.04761904761905	1.0952380952381	326
21	TASTE (SOMETHING)	taste	okus	3.6	1.04545454545455	1.35	1.08695652173913	1.2	1410
210	LIFE	life	život	3.59090909090909	1.66666666666667	1.35	1.35	1.28571428571429	2977
2102	BURN	to burn	paliti	1.75	1.65	1.9	1.8	1.9	1517
2112	OLD (AGED)	elderly	starac	2.4	1.2	2.2	1.28571428571429	1.52380952380952	2358
2117	DESIRE	to desire	željeti	3.1	1.2	1.15	1.1	1.06451612903226	2954
212	FIELD	field	polje	2.45	1.09090909090909	1.25	1.04347826086957	1.2	1686
2137	MAGICIAN	magician	mađioničar	2.85	1.05	1.2	1.6	1.25	1025
214	STRETCH	stretch	rastezanje	2.35	1.13636363636364	1.47619047619048	1.2	1.23809523809524	1986
2150	MATTER	matter	građa	1.85	1.27272727272727	1.3	1.30434782608696	1.2	516
2151	COARSE	coarse	grub	1.25	2.5	2.55	2.15	1.95	537
216	MOVIE	movie	film	3.9	1.14285714285714	1.15	1.05	1.1	442
2162	STIR FRY	to stir fry	pržiti	2.40909090909091	1.33333333333333	1	1.45	1.71428571428571	1934
218	FINE (PENALTY)	fine	fin	3.6	1	1	1	1.14285714285714	444
2181	LIGHT (IN TASTE)	bland	bezukusan	1.4	2.35	1.75	1.45	2.4	102
219	TOILET	toilet	toalet	2.45	1.15	1.45	1.6	2.25	2534
2206	RABIES	rabies	bjesnoća	1.7	2.68181818181818	2.45	2.91304347826087	2.5	119
221	FIRE	fire	oganj	2.0952380952381	1.45	1.65	1.35	1.1304347826087	1394
222	LAVISH	lavish	darežljiv	4.04761904761905	1	1.1	1.05	1.04347826086957	263
2223	BE ANGRY	annoyed	uznemiren	1.25	2.14285714285714	1.85	2.1	1.4	2738
2230	UNTAMED OR WILD	wild	divlji	2.25	2.04545454545455	2	1.95652173913043	1.7	321
2239	DENSE	dense	gust	2.04545454545455	1.38095238095238	1.05	1.2	1.28571428571429	548
2242	BEETLE	beetle	buba	1.75	1.47619047619048	1.65	2	2.15	177
2244	METAL	metal	metal	2.2	1.05	1.05	1.25	1.2	1076
2246	BELL	bell	zvono	2.5	1.5	1.14285714285714	1.16666666666667	1.15	3020
2247	CATERPILLAR	caterpillar	gusjenica	1.9	1.40909090909091	1.2	1.04347826086957	1.8	546
227	FISH	fish	riba	3.14285714285714	1.19047619047619	1	1.2	1.3	2047
2273	LEECH	leech	pijavica	1.5	2.2	1.85	2.4	2.7	1576
2277	WHOLE	whole	čitav	3.26315789473684	1	1.15	1.04761904761905	1.0952380952381	236
2291	VOLCANO	volcano	vulkan	2.3	1.35	1.45	1.68421052631579	1.3	2850
2295	SUNSET	sunset	zalazak	3.55	1.1	1.2	1.3	1	2887
2296	SUNRISE	sunrise	svitanje	3.18181818181818	1.0952380952381	1.05	1.15	1.19047619047619	2466
2297	DUSK	twilight	sumrak	2.35	1.4	1.6	1.55	1.75	2428
2298	VIRGIN	virgin	djevica	2.21052631578947	1.27272727272727	1.42857142857143	1.4	1.23809523809524	331
2308	THIN	thin	tanak	1.85	1.36363636363636	1.0952380952381	1.4	1.14285714285714	2487
2316	FREE	free	besplatno	3.52380952380952	1.1	1.05	1	1.30434782608696	96
232	FLEA	flea	buha	1.3	2.2	1.6	1.5	2.6	185
2339	NEED (SOMETHING)	need	trebati	2.27272727272727	1.14285714285714	1.1	1.15	1.19047619047619	2560
2341	CLOUDY	overcast	oblačno	2.05	1.5	2.1	1.35	1.35	1340
2342	LANDSCAPE	landscape	pejzaž	4.1	1.1	1.21052631578947	1.04761904761905	1	1557
2348	CRAB	crab	rakovica	2.05555555555556	1.61904761904762	1.1	1.16666666666667	1.42857142857143	1969
2352	DRAGONFLY	dragonfly	vretenac	1.75	1.23529411764706	1.2	1.17647058823529	1.19230769230769	2836
2354	CRICKET	cricket	cvrčak	2.7	1.18181818181818	1.2	1.30434782608696	1.25	256
236	STEPMOTHER	stepmother	maćeha	1.6	1.65	1.84210526315789	1.6	2.4	1020
2366	ONION	onion	kapula	2.26315789473684	1.35	1.52631578947368	1.15	1.73684210526316	747
2374	DREAM	dream	san	3.61904761904762	1.19047619047619	1.2	1.1	1.3	2123
2386	TURKEY	turkey	tuka	1.82352941176471	2.19047619047619	1.47368421052632	1.40909090909091	1.38888888888889	2589
239	FLOWER	flower	cvijet	3.15	1.15	1.3	1.15	1.15	254
2398	MANGO	mango	mango	3	1.1	1.05	1.1	1.25	1040
24	PRAY	to pray	moliti	2.35	1.75	1.7	1.4	1.45	1129
2403	TOY	toy	igračka	2.95238095238095	1.04761904761905	1	1	1.05	593
2405	CHRISTMAS	christmas	božić	4.2	1.15	1.6	1.15	1.4	154
2406	HOME	home	dom	4.05	1.05	1.55	1.25	1.05	353
2407	BIRTHDAY	birthday	rođendan	4.55	1.1	1.35	1.4	1.1	2068
2408	CAKE	cake	torta	4.09523809523809	1	1.05	1.05	1	2545
241	TREE STUMP	stump	batrljak	1.29411764705882	2	1.8125	2.2	2	88
2410	GOOD-LOOKING	pretty	ljepuškast	2.77272727272727	1.47619047619048	1.25	1.15	1.19047619047619	981
2411	HURT (SOMEBODY)	hurt	ranjen	1.35	2.05263157894737	3.5	1.95	2	1973
242	COST	cost	cijena	1.7	1.5	1.7	1.35	1.65	220
2424	MEMBER	member	član	2.65	1.1	1.2	1.15	1.12903225806452	240
2426	CLIMATE	climate	klima	2.85714285714286	1	1.3	1.1	1.17391304347826	787
2427	FUTURE	future	budućnost	3.65	1.5	1.35	1.75	1.2258064516129	184
243	FRESH	fresh	svjež	3.4	1	1.05	1.1	1.1	2472
2430	OFFICE	office	kabinet	1.9	1.2	1.2	1.35	1.5	721
2431	REVOLUTION	revolution	revolucija	2.22727272727273	1.66666666666667	1.1	1.6	1.04761904761905	2042
2432	MARRIAGE	marriage	brak	2.5	1.52380952380952	1.4	1.55	1.42857142857143	158
2433	THEORY	theory	teorija	2	1.15	1.4	1.4	1.65	2504
2434	TRAGEDY	tragedy	tragedija	1.35	2.1	3.55	2.35	1.9	2551
245	BROOM	broom	metla	2.2	1.45454545454545	1.19047619047619	1.20833333333333	1.1	1078
2465	DISGUST	disgust	gađenje	1.4	2.25	2.4	1.95	2.61290322580645	464
2467	GAME	game	igra	3.55	1.36363636363636	1.05	1.08695652173913	1.1	592
2468	BAG	bag	torba	2	1.13636363636364	1.19047619047619	1.1	1.0952380952381	2542
2470	DEAR	dear	dragi	3.2	1.3	1.1	1.3	1.03225806451613	369
2471	LADY	lady	dama	3	1.1	1.15789473684211	1	1.08695652173913	261
2486	HIDE	hide	sakriti	2.15	1.63636363636364	1.47619047619048	1.625	1.5	2105
249	FOG	fog	magla	1.6	1.13636363636364	1.75	1.5	1.28571428571429	1029
2493	BOIL	to boil	kuhati	2.75	1.2	1.15	1.4	1.35	909
2498	OPIUM	opium	opijum	1.7	1.63636363636364	2	2.2	2.15	1432
25	DIRT	dirt	prljavština	1.27272727272727	2.6	2	1.9	3	1869
2506	LOOSE	loose	šlampav	2.0952380952381	2.04761904761905	1.5	1.05	1.4	2237
2509	EXCHANGE	exchange	promjena	2.8	1.65	1.9	1.55	1.15	1899
2514	SPOUSE	spouse	supružnik	3.05	1.25	1.2	1.4	1.38095238095238	2441
2519	SEEING (VISUAL SENSE)	vision	vizija	2.95	1.15	1.5	1.2	1.2	2792
252	FRIGHTEN	to frighten	prestraviti	1.45	2.25	2.4	1.95	2.5	1802
2524	JOY	joy	ushićenje	3.55	1.15	1.15	1.15	1.08695652173913	2696
2526	POWER	power	moć	3.19047619047619	1.85714285714286	1.05	1.55	1.3	1122
2530	SMART	intelligent	inteligentan	3.9	1	1.05	1.14285714285714	1	621
2531	BROAD	broad	opsežna	1.8	1.35	1.3	1.35	1.75	1439
2532	TORNADO	tornado	tornado	1.61904761904762	1.85714285714286	2	2.95	1.35	2544
2539	PIT (POTHOLE)	pit	bunar	2.05	1.25	1.35	1.7	1.48387096774194	190
2540	LIME (MATERIAL)	lime	limeta	2.85	1.09090909090909	1.15	1.04347826086957	1.05	966
2547	CITY	city	grad	2.90909090909091	1.19047619047619	1	1.15	1.0952380952381	515
2548	BARREL	barrel	bačva	2.9	1.1	1.35	1.45	1.35	75
2549	VEHICLE	vehicle	vozilo	2.78947368421053	1.1	1.1	1.4	1.12903225806452	2827
255	SERVANT	servant	sluga	1.75	2.2	2.5	1.85	1.61290322580645	2262
2553	MISERY	misery	bijeda	1.4	2.36363636363636	3.3	2.78260869565217	2.4	106
2554	PRINCE (RULER)	prince	princ	2.6	1.45	1.3	1.15	1.3	1850
256	FOOD	food	hrana	3.75	1.15	1.1	1.45	1.12903225806452	573
2562	SEX (GENDER)	sex	seks	4	1.19047619047619	1.55	1.69565217391304	1.2	2151
2568	BAKER	baker	pekar	2.25	1	1.23809523809524	1.25	1.14285714285714	1558
2569	BUTCHER	butcher	mesar	2.05	1.31818181818182	1.42857142857143	1.45	1.52380952380952	1073
257	WORSHIP	worship	obožavanje	3.4	1.1	1.3	1.3	1.4	1349
2573	FEELING (EMOTION)	emotion	emocija	3.1	1.13636363636364	1.52380952380952	1.25	1.14285714285714	411
2578	PENCIL	pencil	olovka	1.76190476190476	1.38095238095238	1.15	1.25	1.1	1413
258	CALM	calm	staložen	2.55	1.3	1.2	1.2	1.4	2351
2581	OCTOPUS	octopus	hobotnica	2.47619047619048	1.23809523809524	1.15	1.25	1.35	566
2584	BENCH	bench	klupa	2.28571428571429	1	1.15	1	1.26086956521739	793
2587	DARTS	dart	strelica	1.8	1.27272727272727	1.19047619047619	1.35	1.19047619047619	2402
2588	GLOBE	globe	globus	2.36363636363636	1.19047619047619	1	1.05	1.0952380952381	491
2591	RHINOCEROS	rhinoceros	nosorog	2.35	1.2	1.15	1.4	1.16129032258065	1318
2604	NOOSE	noose	omča	1.45	2.35	2.73684210526316	2.28571428571429	2.05	1416
2606	COMPASS	compass	kompas	2.52380952380952	1	1.05	1.05	1.04347826086957	822
2607	TRIPOD	tripod	tronožac	1.9	1.22727272727273	1.38888888888889	1.27272727272727	1.25	2578
2621	CURTAIN	curtains	zavjesa	2.3	1.15	1.05	1.14285714285714	1.23809523809524	2939
2622	ENGINE	engine	motor	3	1.35	1.35	1.45	1	1144
2623	FLAG	flag	zastava	2.9	1.15	1.25	1.35	1	2926
2624	FRAME	frame	okvir	2.15	1.04545454545455	1.2	1.04347826086957	1.4	1411
2626	NERVE	nerve	živac	1.65	1.45	1.65	1.55	1.45	2973
2629	TRAY	tray	tacna	2.28571428571429	1.25	1.15	1.15	1.17391304347826	2477
2630	WHIP	whip	bič	2.05	2.13636363636364	2.28571428571429	1.83333333333333	1.6	104
2631	WIRE	wire	žica	1.66666666666667	1.66666666666667	1.3	1.4	1.25	2968
2640	LARVA	maggot	crv	2.05	1.90909090909091	1.33333333333333	1.66666666666667	1.95	248
2643	INK	ink	tinta	2	1.1	1.15	1.15	1.12903225806452	2522
2665	WART	wart	bradavica	2.4	1.3	1.2	1.45	1.94736842105263	157
2668	SKELETON	skeleton	kostur	1.77272727272727	1.38095238095238	1.25	2.2	1.61904761904762	854
2680	MACHETE	machete	mačeta	1.7	1.7	1.63157894736842	1.75	1.95	1021
27	AIR	air	zrak	3.25	1	1.2	1.05	1.1304347826087	3003
270	JUG	jug	vrč	1.9047619047619	1.38095238095238	1.2	1	1.15	2833
2715	DESPISE	despise	prezirati	1.55	2.63157894736842	2.85	2	2.05	1817
2756	IDLE	idle	besposlen	1.25	2.05263157894737	3	1.65	1.85	98
2770	JACKET	jacket	jakna	2.71428571428571	1	1.3	1	1.1304347826087	700
2783	SCALES (MEASURE INSTRUMENT)	scale	skala	1.59090909090909	1.33333333333333	1	1.35	1.14285714285714	2213
2789	BURP	burp	podrigivanje	1.55	1.86363636363636	1.80952380952381	1.21052631578947	2.28571428571429	1648
28	MOISTEN	moisten	navlažiti	3.1	1.25	1.35	1.15	2.5	1235
2805	BIRTH (ACCOUCHEMENT)	birth	rođenje	3.5	1.35	1.2	1.45	1.06666666666667	2069
281	POST	pole	pol	1.95454545454545	1.0952380952381	1	1.10526315789474	1.28571428571429	1680
2819	GRASSLAND	prairie	livada	3.76190476190476	1	1	1.05	1.1304347826087	978
2828	MOTH	moth	moljac	1.8	2.04545454545455	1.52380952380952	1.375	1.94736842105263	1131
2829	MUSSELS	mussel	dagnja	2.9	1.09090909090909	1.1	1.17391304347826	1.45	258
2830	OYSTERS	oyster	kamenica	2.35	1.2	1	1.15	1.23333333333333	729
2831	PENGUIN	penguin	pingvin	3.14285714285714	1.0952380952381	1.15	1	1.15	1580
2837	SWAN	swan	labud	2.7	1.1	1.35	1.3	1.2	925
284	HOE	hoe	motika	2.13636363636364	1.28571428571429	1	1.1	1.14285714285714	1142
2845	SIZE (OF OBJECT)	size	dimenzija	2.35	1.2	1.3	1.19047619047619	1.0952380952381	302
2864	DECREASE	decrease	opadanje	1.9	2.09090909090909	1.7	2.20833333333333	1.7	1424
2872	IMPROVE (SOMETHING)	improve	poboljšati	3.7	1.25	1.3	1.15	1.05	1637
2879	SOUND (OF INSTRUMENT OR VOICE)	sound	zvuk	3.1	1	1.05	1.21739130434783	1	3022
2883	DISTURB	disturb	gnjaviti	1.85	2.59090909090909	2.42857142857143	1.95833333333333	1.6	498
2884	HANG	to hang	objesiti	1.35	2.85	2.95	3.1	2.16129032258065	1338
289	MOLD	mold	kalup	1.75	1.4	1.2	1.1	1.35	725
2892	MAKE ANGRY (ANNOY)	annoy	razljutiti	1.33333333333333	3.04761904761905	1.85	1.95	1.45	2006
2900	PROTECT	to protect	zaštititi	2.8	1.31818181818182	1.25	1.39130434782609	1.1	2928
2903	CHAT (WITH SOMEBODY)	to chat	razgovarati	3.71428571428571	1.38095238095238	1.25	1.15	1.1	2001
2909	PREPARE	to prepare	pripremiti	2.4	1	1.15	1.04761904761905	1.0952380952381	1854
291	PULL OFF (SKIN)	to skin	oderati	1.57142857142857	2.1	2.1	2.1	1.95652173913043	1364
2911	BACKWARD	backwards	naopako	1.9047619047619	1.25	1.45	1.1	1.30434782608696	1207
2919	STILL (CONTINUING)	still	mirno	3.15	1.15	1.4	1.25	1.05	1096
292	RUG	carpet	tapet	1.95	1.05	1.3	1.21052631578947	1.24	2490
2929	BENEFIT	profit	korist	2.4	1.8	1.4	1.6	1.58064516129032	846
2930	BOSS	boss	šef	1.9	2.1	1.55	1.85	1.52631578947368	2150
2932	COLD (CHILL)	chill	hladnoća	2	1.85	1.9	1.85	1.35	565
2941	HAPPINESS	happiness	sreća	4.36363636363636	1.14285714285714	1.05	1.05	1.33333333333333	2339
2947	DAMAGE (INJURY)	damage	kvar	1.5	2.35	2.25	1.8	1.67741935483871	922
2948	GAP (DISTANCE)	gap	praznina	1.3	1.75	2.6	2	1.6	1768
2950	MEANING	meaning	značenje	2.0952380952381	1.33333333333333	1.2	1.05	1.15	2992
2955	STATE (POLITICS)	state	država	2.3	1.5	1.8	1.45	1.65	378
2958	LAUGHTER	laughter	smijeh	3.65	1.1	1	1.2	1.19354838709677	2274
2960	LONGING (WISH)	desire	čežnja	1.95454545454545	1.76190476190476	1.75	1.4	1.19047619047619	217
2961	MESSAGE	message	poruka	3	1.2	1.3	1.35	1.09677419354839	1716
2964	NEWS	news	vijesti	2.35	1.86363636363636	1.23809523809524	1.375	1.3	2783
2968	REASON	reason	razlog	2.1	1.4	1.5	1.45	1.6	2007
2971	SIN	sin	grijeh	1.25	1.75	2.3	2.25	2.1	522
2975	THOUGHT	thought	misao	2.31578947368421	1.09090909090909	1.38095238095238	1.15	1.14285714285714	1099
2976	VIOLENCE	violence	nasilje	1.35	3.54545454545455	3.9	3.56521739130435	3.5	1225
2977	WORKER	worker	radnik	2.65	1.15	1.5	1.2	1.2258064516129	1962
2978	DISTANCE	distance	udaljenost	2.2	1.72727272727273	1.80952380952381	1.47826086956522	1.25	2619
298	SHRIEK	shriek	krik	1.75	1.85	2.8	2.25	1.9	880
2981	ITEM	item	čestica	1.95	1.15	1.15	1.35	1.1	212
2982	GIFT	gift	dar	4.05	1.05	1.3	1.3	1	262
2983	COMPANIONSHIP	company	tvrtka	2.35	1.31818181818182	1.0952380952381	1.33333333333333	1.15	2603
2984	HEAP	heap	gomila	1.76190476190476	1.66666666666667	1.55	1.4	1.35	506
2987	AMOUNT	amount	količina	1.8	1.45454545454545	1.2	1.04347826086957	1.1	810
2988	PATTERN	pattern	obrazac	1.7	1.7	1.4	1.4	1.7	1351
299	SCOLD	to scold	prekoriti	1.52631578947368	1.8	1.88888888888889	2.05	1.94736842105263	1786
3	BRAVE	brave	hrabar	3.45454545454545	1.23809523809524	1.05	1.1	1.23809523809524	571
300	RATTLE	rattle	zvečka	2.7	1.40909090909091	1.2	1.1304347826087	1.35	3016
3001	POWERFUL	powerful	snažan	2.75	1.2	1.35	1.1	1.1	2291
3006	SPACE (AVAILABLE)	space	prostor	2.63636363636364	1.23809523809524	1.05	1.15	1.0952380952381	1915
3033	SCARED	scared	uplašen	1.6	1.7	2.45	2	1.64516129032258	2675
3049	COURAGE	courage	hrabrost	3.05	1.27272727272727	1.04761904761905	1.25	1.14285714285714	572
3053	TIGHT	tense	napet	1.55	1.95454545454545	1.80952380952381	1.66666666666667	1.8	1210
3059	MALARIA	malaria	malarija	1.45	2.5	3.3	2.9047619047619	2.61904761904762	1035
3060	PHEASANT	pheasant	fazan	2.15789473684211	1	1.15	1.14285714285714	1.19047619047619	435
3066	SCARF OR TURBAN	scarf	šal	2.1	1.3	1.2	1.15	1.45	2106
3069	FALSE	false	lažan	1.31818181818182	2.85714285714286	2.4	1.9	2.42857142857143	941
307	HAWK	hawk	sokol	2.45	1.09090909090909	1.28571428571429	1.35	1.14285714285714	2299
3076	SLOPE	slope	nagib	1.95	1.22727272727273	1.15	1.17391304347826	1.2	1187
308	TOUCAN	toucan	tukan	1.94444444444444	1.55555555555556	1.73333333333333	1.23529411764706	1.35	2590
3080	SPLIT OPEN	crack	pukotina	1.7	1.45	1.7	1.4	1.35	1944
3086	COMPUTER	computer	informatičar	2	1.28571428571429	1	1.05	1.19047619047619	611
3089	GIRAFFE	giraffe	žirafa	2.90909090909091	1.19047619047619	1	1.15	1	2972
3091	LEMON	lemon	limun	3.14285714285714	1	1	1.1	1.30434782608696	967
3092	LIGHTER	lighter	upaljač	2.1	1.15	1.45	1.75	1.8	2673
3099	SOFA	sofa	kauč	2.8	1.05	1.1	1.05	1.1	756
3102	TANK	tank	spremnik	1.81818181818182	1.14285714285714	1	1.25	1.0952380952381	2329
3104	THERMOMETER	thermometer	termometar	1.57142857142857	1.23809523809524	1.2	1.05	1.15	2509
3105	UMBRELLA	umbrella	kišobran	1.9	1.27272727272727	1.33333333333333	1.25	1.0952380952381	774
3119	MASSAGE (SOMEBODY)	massage	masaža	3.85714285714286	1	1	1	1.04347826086957	1050
3128	SHOWER (ACTION)	shower	tuš	2.6	1.1	1.15	1	1.4	2597
3140	VEST	vest	prsluk	2.05	1.15	1.2	1.3	1.25	1926
3144	GORILLA	gorilla	gorila	2.31818181818182	1.23809523809524	1.05	1.8	1.42857142857143	510
3147	HAMSTER	hamster	hrčak	3.1	1.05	1.2	1.25	1.21052631578947	575
3154	WILD BOAR	wild boar	vepar	2.25	1.31818181818182	1.2	2.1304347826087	1.7	2768
3160	SLAP	slap	pljuska	1.55	2.65	2.3	1.9	1.55	1624
3179	CORAL ROCK	coral	koralj	2.8	1.13636363636364	1.2	1.04347826086957	1.25	845
318	FOOTPRINT	track	staza	2.4	1	1.2	1.05	1.26086956521739	2361
3188	MIGHTY OR POWERFUL OR STRONG	mighty	moćan	3.3	1.65	1.42105263157895	1.23809523809524	1.57142857142857	1123
3197	SUSPICION	suspicion	sumnja	1.7	1.81818181818182	2	1.83333333333333	1.85	2423
320	LAME	lame	šepav	1.40909090909091	1.38095238095238	1.8	1.63157894736842	1.28571428571429	2162
3202	CANNON	cannon	top	2.25	1.40909090909091	1.8	1.52173913043478	1.4	2539
3204	INSULT	to insult	vrijeđati	1.18181818181818	3.61904761904762	2.45	2.2	2.52380952380952	2838
323	FAT (ORGANIC SUBSTANCE)	fat	debeo	1.55	1.8	2.3	2.52631578947368	2.09677419354839	271
3230	DECEIVE	to deceive	zavaravati	1.3	2.04545454545455	1.71428571428571	1.85	1.76190476190476	2937
3262	HORSEFLY	horsefly	obad	1.38888888888889	2.2	1.53333333333333	2.36842105263158	1.94117647058824	1329
3268	QUESTION	question	pitanje	2.65	1.3	1.26315789473684	1.66666666666667	1.19047619047619	1587
3276	SUNSHINE	sunlight	sunčan	4.15789473684211	1	1.05	1.04761904761905	1	2429
3284	GRAVEYARD	cemetery	groblje	1.3	1.8	2.7	2.75	2.15	530
3287	BLOOM	blossom	procvjetati	3.7	1	1.1	1	1.08695652173913	1876
3299	KIND	kind	dobročiniteljski	3.65	1.4	1.3	1.15	1.15	339
3313	JACKAL	jackal	šakal	1.69230769230769	1.35714285714286	1.25	1.75	1.16666666666667	2104
3314	LYNX	lynx	ris	2.10526315789474	1.1	1.2	1.65	1.05	2056
3333	BELIEF (RELIGIOUS)	belief	vjerovanje	3.05	1.15	1.6	1.55	1.2	2800
3336	FUNERAL	funeral	sprovod	1.2	2.09090909090909	4.15789473684211	2.41666666666667	2.35	2332
3357	CUPBOARD	cabinet	ormar	2.3	1.15	1	1.15	1	1453
336	PADLOCK	padlock	lokot	2	1.25	1.6	1.8	1.2258064516129	996
3375	PATIENT (SICK PERSON)	patient	pacijent	1.5	1.7	2.35	1.85	1.65	1510
3376	ROBBER	robber	pljačkaš	1.28571428571429	2.76190476190476	2.3	2.95	1.7	1621
3377	EMPEROR	emperor	car	2.8	1.35	1.2	1.0952380952381	1.33333333333333	194
3384	WEASEL	weasel	lasica	2.23809523809524	1.0952380952381	1	1.4	1.15	935
3385	ALUMINIUM	aluminum	aluminij	2.1	1.09090909090909	1.55	1	1.15	25
3389	MEASLES	measles	ospice	1.1	2.35	2.25	2.05	2.63157894736842	1469
3396	BUILDING	building	zgrada	2	1.1	1.35	1.35	1.25	2967
34	STAIRS	stairs	stepenice	2.3	1.15	1.3	1.0952380952381	1.14285714285714	2364
3404	TILE	tile	crijep	1.71428571428571	1.28571428571429	1.05	1.15	1.15	244
342	HAY	hay	sijeno	2.84210526315789	1.54545454545455	1.0952380952381	1.29166666666667	1.1	2179
3423	DRILL	drill	bušilica	1.65	1.75	1.15	1.45	1.3	191
3425	JOKE	joke	šala	3.77272727272727	1.33333333333333	1	1.1	1.19047619047619	2107
344	TREE TRUNK	trunk	prtljažnik	2.1	1.5	1.3	1.8	1.75	1929
3455	COMMEND	praise	pohvala	4.2	1.22727272727273	1	1.08333333333333	1.05	1665
3460	BEACH	beach	plaža	4.3	1.36363636363636	1.04761904761905	1	1	1610
3466	DANGEROUS	dangerous	opasan	1.75	2.2	1.75	3.1	1.8	1426
3468	KINDNESS	kindness	ljubaznost	3.80952380952381	1.33333333333333	1	1	1.35	986
3469	LEVEL	level	razina	1.95454545454545	1.38095238095238	1	1.1	1.14285714285714	2002
3470	LIAR	liar	lažljivac	1.3	3.65	2.55	1.9	2.85	942
3534	BEG	to beg	prositi	1.6	1.65	2.25	2.25	1.45	1906
3535	BE DEFEATED	defeated	poražen	1.8	1.86363636363636	2.23809523809524	2.125	1.45	1707
3552	GREET	greet	pozdraviti	3.7	1.15	1.15	1.3	1	1753
356	SHEARS	scissors	škare	1.9	1.31818181818182	1.35	1.39130434782609	1.1	2217
3608	WARRIOR	warrior	ratnik	1.6	1.65	1.9	1.75	1.25	1991
3612	INDIGENOUS PEOPLES OF THE AMERICAS	indian	indijanski	2.52631578947368	1.42857142857143	1.33333333333333	1.125	1.25	601
3615	BLEED	to bleed	krvariti	1.23809523809524	1.6	3.05	2.65	2.21739130434783	900
3616	FAINT (PASS OUT)	faint	nesvijest	1.75	1.4	2.4	2.28571428571429	1.42857142857143	1286
3624	LEPROSY	leprosy	guba	1.7	2.15	2.78947368421053	2.45	2.73333333333333	541
3625	HEADACHE	headache	glavobolja	1.25	2.55	2.45	1.7	1.89473684210526	482
3626	KNOW	to know	znati	3.35	1.2	1	1.0952380952381	1.04761904761905	2997
3628	HONOR (SOMEBODY)	honor	čast	3.28571428571429	1.33333333333333	1	1.3	1.15	201
3630	PLAN	plan	plan	2.95	1.5	1.15	1.15	1.09677419354839	1603
3633	CURIOUS	curious	znatiželjan	2.55	1.45	1.1	1.1	1.15	2998
3635	ADULT	adult	odrastao	2.6	1.45	1.6	1.35	1.32258064516129	1378
3640	GOSSIP	gossip	tračanje	1.9	2.5	2.45	1.57894736842105	2.32258064516129	2548
3644	AGREEMENT	agreement	dogovor	2.8	1.3	1.4	1.3	1.35	347
3648	SERVE (SOMEONE)	to serve	dostavljati	2.25	1.1	1.1	1.2	1	361
3649	PUNISH	to punish	kazniti	1.5	2.68181818181818	2.66666666666667	2.04166666666667	1.8	759
3656	PACK	to pack	spakirati	2.73684210526316	1.1	1.35	1.35	1.09677419354839	2305
3665	TRAVEL	to travel	putovati	3.8	1.1	1.05	1.05	1	1955
3667	LOST	lost	izgubljen	1.55	1.6	2.05	2.75	1.55	668
3675	ZEBRA	zebra	zebra	2.8	1.05	1.05	1.45	1.05	2948
3681	PARTRIDGE	partridge	jarebica	2.25	1.21052631578947	1.15	1.35	1.21052631578947	702
3687	DESERT	desert	pustinja	2.5	1.35	1.35	1.7	1.35483870967742	1949
3695	MOVEMENT	movement	kretanje	3	1.25	1.05	1.25	1.3	875
3702	SLIPPERY	slippery	sklisko	1.7	1.5	1.57894736842105	1.66666666666667	1.42857142857143	2220
3712	RAINCOAT	raincoat	kabanica	1.85	1.2	1.4	1.2	1.45	719
3723	NIGHTINGALE	nightingale	slavuj	3.23809523809524	1.05	1.05	1	1.08695652173913	2244
3724	STORK	stork	roda	2.1	1.05	1.25	1.2	1.35	2067
3734	CHIMPANZEE	chimpanzee	čimpanza	2.7	1.15	1.2	1.7	1.3	224
3747	SHAPE	shape	oblik	2.4	1.22727272727273	1	1.16666666666667	1	1341
376	FRAGRANT	fragrant	mirisan	3.2	1	1	1.25	1.29032258064516	1095
3762	SAFE	safe	siguran	3.95	1.27272727272727	1.04761904761905	1.08333333333333	1.05	2177
378	PINCH	pinch	štipanje	1.5	2.25	1.55	1.75	1.74193548387097	2374
3780	PET	pet	ljubimac	3.86363636363636	1.04761904761905	1	1.05	1.14285714285714	987
3797	OSTRICH	ostrich	noj	1.85	1.05	1.15	1.78947368421053	1.35	1313
3801	DATE (FRUIT)	date	datum	2.05	1.31818181818182	1.19047619047619	1.05	1.14285714285714	268
3808	JUNGLE	jungle	džungla	3	1.22727272727273	1.28571428571429	1.45833333333333	1.25	397
3809	SCREAM (PRODUCE A CRY)	scream	vrisak	1.8	1.95	2	3.25	2.21052631578947	2841
3814	HANDSOME	handsome	zgodan	3.2	1.15	1.05	1.1	1.06451612903226	2965
3841	WINDMILL	windmill	mlin	2.55	1.1	1.2	1.04761904761905	1.14285714285714	1116
3844	CONTEMPT	contempt	nepoštivanje	1.25	3.65	2.95	1.8	2.26315789473684	1260
3846	EXCITEMENT	excitement	entuzijazam	3.45	1.05	1.15	1.4	1.36363636363636	415
3848	SURPRISE (FEELING)	surprise	iznenađenje	3.95	1.15	1	1.33333333333333	1.04761904761905	675
3849	TRIUMPH	triumph	trijumf	2.95	1.16666666666667	1.10526315789474	1.35	1.15	2568
385	RESPECT (SOMEBODY)	to respect	poštivati	3.45	1.18181818181818	1.04761904761905	1	1.1	1730
3854	SADNESS	sadness	tuga	1.1	2.55	3.45	1.85	2.35	2587
3858	CONFUSED	confused	smeten	1.7	1.45	1.75	1.65	1.41935483870968	2270
3859	MIDWIFE	midwife	babica	2.28571428571429	1.23809523809524	1.45	1.4	1.2	73
3861	FAIL	fail	neuspjeh	1.15	2.84210526315789	3.5	2.65	2	1294
3866	ABORTION	abortion	pobačaj	1.55	1.4	3.15	2.45	2.75	1631
3867	ALCOHOLIC (PERSON)	alcoholic	alkoholičar	1.4	2.45454545454545	3.0952380952381	2.16666666666667	2.9	23
3869	ANXIOUS	anxious	tjeskoban	1.4	2	3.1	2.55	2.1	2529
3870	RUSTY	rusty	zahrđalo	1.38095238095238	1.55	1.65	1.4	1.65217391304348	2879
3871	MURDERER	killer	ubica	1.3	3.59090909090909	2.84210526315789	3.26086956521739	3.63157894736842	2604
3872	BLOND	blond	plavokos	2.4	1.09090909090909	1.35	1.04347826086957	1.25	1609
3873	CHOCOLATE	chocolate	čokolada	3.75	1.05	1	1	1.0952380952381	242
3874	KNOWLEDGE	knowledge	znanje	3.3	1.40909090909091	1.19047619047619	1	1.14285714285714	2994
3875	CRIMINAL	criminal	prijestupnik	1.42857142857143	2.45	1.8	1.9	1.45	1835
3876	DENTIST	dentist	zubar	1.95238095238095	1.66666666666667	1.8	1.4	1.35	3009
3877	DEPRESSION	depression	depresija	1.2	2.6	2.89473684210526	3.2	2.7	286
3878	DIAMOND	diamond	dijamant	2.95	1.15	1.3	1.15	1.1	297
3879	IMAGINE	imagine	zamisliti	2.85	1.15	1.25	1	1.14285714285714	2899
3881	PISTOL	pistol	pištolj	1.85714285714286	2.80952380952381	2.3	2.7	1.6	1586
3882	ROSE	rose	ruža	2.7	1.13636363636364	1.23809523809524	1	1.0952380952381	2093
3883	NOISY	noisy	bučan	1.73684210526316	2.8	1.85	1.52380952380952	1.57142857142857	181
3886	TARANTULA	tarantula	tarantula	1.6	1.77272727272727	2.15	3.08695652173913	2.8	2491
3888	SKUNK	skunk	tvor	1.6	1.6	1.15	1.65	2.1	2599
3896	ROAR	roar	rika	2.05263157894737	1.26315789473684	1.4	2.36842105263158	2	2055
3897	NATURE	nature	priroda	3.75	1.1	1.2	1.4	1.4	1856
390	PUNISHMENT	punishment	kazna	1.6	2.45454545454545	3.05	2.60869565217391	2.05	758
3902	TRUST (SOMEBODY)	trust	povjerenje	3.81818181818182	1.28571428571429	1.3	1.05	1	1745
391	BLESS	bless	blagosloviti	2.7	1.18181818181818	1.04761904761905	1.41666666666667	1.6	123
3915	PRIDE	pride	ponos	3.57142857142857	2.04761904761905	1.3	1.5	1.15	1701
3916	PLEASURE	pleasure	užitak	3.95238095238095	1	1.1	1.1	1	2733
3917	DEVIL	devil	vrag	1.5	2.10526315789474	1.95	2.6	2.5	2830
3953	CHARITY	charity	dobročinstvo	3.5	1	1.25	1.3	1.35	340
3954	FRIENDSHIP	friendship	prijateljstvo	4.52380952380952	1.28571428571429	1	1.45	1.25	1831
3958	SOCIETY	society	društvo	4.09523809523809	1.1	1.35	1.15	1.26086956521739	375
3960	IDENTITY	identity	identitet	3.1	1.22727272727273	1.19047619047619	1.04166666666667	1.2	586
3965	TRAUMA	trauma	trauma	1.18181818181818	2.33333333333333	2.65	2.85	2.38095238095238	2557
3967	CONTENT	contents	sadržaj	2	1.05	1.45	1	1.39130434782609	2099
3968	EFFECT	effect	posljedica	1.55	1.6	2.2	1.8	1.7	1719
3970	PROCESS	process	postupak	2.35	1.45	1.2	1.5	1.25	1734
3971	METHOD	method	metoda	1.8	1.2	1.2	1.15	1.12903225806452	1079
3973	DEPRESSED	depressed	depresivan	1.45	2.2	3.95	2.47619047619048	1.71428571428571	287
3974	UNHAPPY	unhappy	nesretan	1.5	2.7	2.95	2.6	2.16129032258065	1279
3975	NERVOUS	nervous	nervozan	1.31818181818182	1.9047619047619	1.35	2	1.61904761904762	1271
3982	BREEZE	breeze	povjetarac	3	1.23809523809524	1.1	1	1.0952380952381	1746
419	SEVERE	severe	žestok	2.25	1.95	1.85	1.6	1.6	2960
42	STINKING	stinky	smradan	1.15789473684211	2.35294117647059	1.73333333333333	2	2.76470588235294	2284
420	FOREST	forest	šuma	3.4	1.1	1.2	1.4	1.09677419354839	2421
425	BE LATE	delayed	odgođen	2.42857142857143	1.85714285714286	1.7	1.15	1.25	1365
430	TWIST	to twist	saviti	1.7	1.45454545454545	1.2	1.1304347826087	1.25	2139
44	INJURE	to injure	ozlijediti	1.1	2.75	3.1	1.95	2.6	1506
45	EVIL	evil	izopačen	1.7	2.6	2.65	2.42857142857143	2.61904761904762	679
472	PELICAN	pelican	pelikan	2.36363636363636	1.0952380952381	1	1.21052631578947	1.04761904761905	1561
474	DRESS	dress	haljina	3.2	1	1.05	1.0952380952381	1	553
476	CUP	cup	šalica	2.95	1.05	1	1.05	1.35	2109
479	GROW	grow	rasti	1.9	1.09090909090909	1.14285714285714	1	1.14285714285714	1987
48	BE SILENT	silent	prigušen	1.75	1.65	1.95	1.6	1.45	1825
480	PLATE	plate	tanjur	2.65	1.05	1.25	1.45	1.15	2489
485	DISAPPEAR	disappear	nestati	1.6	1.45	2.6	2.75	1.7	1284
486	MINISTER	minister	ministar	1.45454545454545	2.19047619047619	1.45	1.35	2.04761904761905	1090
487	SHY	shy	sramežljiv	1.71428571428571	1.76190476190476	1.6	1.4	1.45	2334
488	MANNER	manner	način	1.8	1.05	1.25	1.05	1.15	1175
494	FLIRT	to flirt	flertati	2.77777777777778	1.5	1.25	1.2	1.42857142857143	448
495	REVENGE	revenge	osveta	1.75	3.05	3.2	2.33333333333333	2.38095238095238	1477
497	SCAR	scar	ožiljak	2	1.95454545454545	2.38095238095238	1.70833333333333	1.35	1504
5	GAZELLE	gazelle	gazela	2.25	1.05	1	1.2	1.15789473684211	467
500	CRUEL	cruel	okrutan	1.3	2.22727272727273	2.66666666666667	2.3	2.23809523809524	1407
503	FROG	frog	žaba	1.7	1.27272727272727	1.38095238095238	1.3	1.28571428571429	2851
504	LEARN	learn	učiti	2.3	1.47619047619048	2.0952380952381	1.3	1.61904761904762	2615
506	MAIZE	corn	kukuruz	2.52380952380952	1	1.3	1.05	1.04347826086957	914
522	WOLF	wolf	vuk	2.14285714285714	1.19047619047619	1.15	2.3	1.15	2849
528	DREADFUL	fearful	strašljiv	1.3	1.5	1.9	1.55	2.05	2396
53	SPIRIT	spirit	duh	2.05	1.59090909090909	1.38095238095238	2.08333333333333	1.2	385
541	POETRY	poetry	poezija	2.3	1.65	1.55	1.75	1.55	1655
55	WHISPER	to whisper	šaptati	1.77272727272727	1.52380952380952	1.05	1.45	1.28571428571429	2128
554	HINDER	hinder	ometati	1.55	2.55	2.1	1.4	2.45	1417
557	OFFEND	offend	uvrijediti	1.19047619047619	2.5	2.45	1.7	1.52173913043478	2721
568	RISE (MOVE UPWARDS)	rise	ustati	2.3	1.4	1.55	1.4	1.55	2709
571	STING	sting	žalac	1.63157894736842	1.84210526315789	1.85	1.85	1.8	2886
578	KISS	to kiss	poljubiti	4.2	1.09090909090909	1.4	1.21739130434783	1.1	1689
580	FUR	fur	koža	2.2	1.54545454545455	1.04761904761905	1.16666666666667	1.1	860
585	BOOT	boot	čizma	2.1	1.05	1.1	1.4	1.2258064516129	238
586	GARDEN	garden	vrt	3.22727272727273	1.04761904761905	1	1.05	1.14285714285714	2843
587	ANT	ant	mrav	2.05	1.15	1.4	1.2	1.55	1147
588	BROKEN	broken	slomljen	1.45454545454545	2.57142857142857	2.2	1.95	1.61904761904762	2255
59	ELECTRICITY	electricity	naboj	1.95	1.35	1.2	1.35	1.45	1172
594	PIECE	piece	komad	2.15	1.25	1.3	1.4	1.32258064516129	812
597	PHYSICIAN	doctor	doktor	2.55	1.68181818181818	1.80952380952381	1.45833333333333	1.3	348
6	EARTHQUAKE	earthquake	potres	1.45	2.55	3.5	2.66666666666667	2.04761904761905	1741
600	STRANGE	odd	rijedak	2.8	1.45454545454545	1.33333333333333	1.125	1.1	2052
603	COAT	coat	kaput	2.72727272727273	1.0952380952381	1.05	1	1.04761904761905	748
604	GLASS	glass	čaša	2.75	1	1.25	1.2	1.25	199
605	GRAIN	grain	zrno	1.75	1.1	1.3	1.4	1.2	3004
606	GRASS	grass	diplomant	2	1.5	1.47619047619048	1.1	1.28571428571429	307
607	GRASSHOPPER	grasshopper	skakavac	1.8	1.45	1.1	2.05	2.65	2212
608	GULF	gulf	zaljev	2.95	1.1	1.1	1.14285714285714	1.33333333333333	2890
610	PORT	port	luka	3.13636363636364	1.14285714285714	1	1.15	1.04761904761905	1011
613	HIGH TIDE	flood	poplava	1.5	1.8	2.55	2.05263157894737	1.6	1704
615	HORSE	horse	konj	3.38095238095238	1	1.1	1.2	1.04347826086957	836
616	HOSPITAL	hospital	bolnica	1.75	1.95	3	2.47619047619048	1.80952380952381	144
617	ICE	ice	led	2.45454545454545	1.33333333333333	1.05	1.5	1.28571428571429	944
620	INSECT	insect	kukac	1.55	1.4	1.35	2	1.69565217391304	912
621	IRON	iron	pegla	1.9	1.2	1.1	1.25	1.45	1556
624	LAKE	lake	jezero	3.95	1.36363636363636	1.0952380952381	1.26086956521739	1.15	716
625	LAMP	lamp	svjetiljka	2.25	1.05	1.1	1.05	1.2	2468
630	LIGHT (RADIATION)	light	lagan	2.3	1.18181818181818	1.0952380952381	1	1.14285714285714	926
632	LIZARD	lizard	gušter	2.3	1.2	1.3	1.75	1.47368421052632	550
633	MARKET	market	tržište	1.85	1.57142857142857	1.2	1.2	1.4	2585
635	MILK	milk	mlijeko	2.40909090909091	1.14285714285714	1	1.15	1.0952380952381	1115
639	MOUNTAIN	mountain	planina	3.35	1.1	1	1.0952380952381	1.0952380952381	1604
64	PIN	pin	pribadača	1.85714285714286	1.25	1.35	1.21052631578947	1.17391304347826	1820
641	MUSHROOM	mushroom	šampinjon	2.25	1.2	1.15	1.25	1.3	2120
642	MUSIC	music	glazba	4.52380952380952	1	1.35	1	1.04347826086957	483
645	OCEAN	ocean	ocean	3.95238095238095	1.19047619047619	1.25	1.6	1.19047619047619	1356
646	ASH	ash	pepeo	1.5	1.5	1.65	1.45	1.85	1566
647	PAINT (PIGMENTS)	paint	farba	2.6	1.15	1.2	1.04761904761905	1	427
648	PAPER	paper	papir	1.95	1.1	1	1.1	1.05	1527
651	SEAL	seal	tuljan	3	1.15	1.25	1.15	1.15	2591
652	PLAIN	plain	neiskrivljen	2.7	1.54545454545455	1.28571428571429	1.08333333333333	1.35	1244
653	PLANT (VEGETATION)	plant	biljka	3.1	1.05	1.15	1.15	1.1	113
654	PLASTIC	plastic	plastika	1.55	1.72727272727273	1.75	1.05	1.47619047619048	1607
655	POISON	poison	otrov	1.3	2.6	3	2.9047619047619	2.19047619047619	1494
656	POLICE	police	policija	1.65	2.15	1.75	2.4	2.4	1684
658	RAIN (PRECIPITATION)	rain	kiša	1.9	1.68181818181818	2.4	1.26086956521739	1.6	771
665	BEE	bee	pčela	2.15	1.40909090909091	1.42857142857143	1.65	1.0952380952381	1549
666	RIVER	river	rijeka	2.75	1.7	1.45	1.55	1.25	2053
668	ROCK	rock	stijena	2.14285714285714	1.19047619047619	1.1	1.3	1.2	2369
673	SCHOOL	school	škola	2.28571428571429	1.61904761904762	1.55	2.1	1.85	2222
677	AXE	ax	sjekira	1.9	1.65	1.5	2.05	1.4	2209
678	BEARD	beard	brada	2.5	1.18181818181818	1.2	1.04347826086957	1.1	156
679	BRIGHT	bright	sjajan	3.7	1.18181818181818	1	1.08333333333333	1.1	2205
68	TATTOO	tattoo	tetovaža	3.1	1.18181818181818	1.19047619047619	1.05	1.0952380952381	2515
680	BREAK (DESTROY OR GET DESTROYED)	to break	razbiti	2	2.25	2.3	1.8	1.58064516129032	1997
681	DESTROY	to destroy	razoriti	1.55	2.77272727272727	3.25	2.60869565217391	2.25	2013
682	SIDE	side	strana	2	1.1	1.5	1.25	1.35	2392
683	PERSON	person	osoba	3.25	1.6	1.2	1.25	1.09677419354839	1468
685	DECIDE	to decide	odlučiti	3.2	1.27272727272727	1.35	1.60869565217391	1.25	1372
686	EASY	easy	lak	2.05	1.05	1.4	1.15	1.35	928
696	STIR	to stir	promiješati	1.95	1.18181818181818	1.15	1	1.0952380952381	1898
698	WISE	wise	mudar	3.7	1	1	1.0952380952381	1	1161
699	SAD	sad	tužan	1.5	1.90909090909091	3.22222222222222	2.08333333333333	1.45	2598
7	GATHER	to gather	prikupiti	2.27272727272727	1.33333333333333	1.05	1.05	1.0952380952381	1842
701	SLOW	slow	sporo	1.36842105263158	1.63636363636364	1.47619047619048	1.3	1.38095238095238	2322
704	CLEAN	clean	čist	3.42857142857143	1	1.05	1.05	1	231
705	GO UP (ASCEND)	ascend	penjati	2.9	1.25	1.1	1.28571428571429	1.14285714285714	1564
706	DARK	dark	mračno	1.85	1.7	2	2.9	1.5	1146
707	REMEMBER	remember	sjećanje	3	1.04761904761905	1.95	1.6	1.33333333333333	2206
710	WHEEL	wheel	kotač	2	1.25	1.05	1.15	1.4	856
711	TALL	tall	visok	2.36842105263158	1.1	1.1	1.25	1.16129032258065	2789
712	RICH	rich	bogat	3.75	1.45	1.45	1.14285714285714	1.19047619047619	135
716	GROAN	groan	jecaj	1.23809523809524	2.23809523809524	3.1	2.25	1.75	706
719	FIND	to find	naći	3	1.45454545454545	1.0952380952381	1.08333333333333	1.05	1173
722	ATTACK	attack	atak	1.69230769230769	1.78571428571429	1.75	1.76470588235294	1.78571428571429	57
723	PLACE (POSITION)	place	mjesto	2.19047619047619	1	1.35	1.05	1.1304347826087	1110
724	READ	to read	čitati	3	1.1	1.3	1.05	1.45	235
729	DAWN	dawn	osvit	2	1.07142857142857	1.46666666666667	1.23529411764706	1.35714285714286	1478
730	SNAKE	snake	zmija	1.85714285714286	1.9047619047619	1.5	2.75	2.47619047619048	2991
731	BEVERAGE	beverage	piće	3.15	1.2	1.2	1.35	1.09677419354839	1573
735	OWL	owl	sova	2.66666666666667	1	1	1.45	1.1304347826087	2302
738	THING	thing	stvar	2.3	1.15	1.15	1	1.23809523809524	2413
739	FEED	to feed	hraniti	3.05	1.05	1.25	1.2	1.4	574
74	PUPPY	puppy	psić	3.7	1.2	1.1	1.25	1.19354838709677	1935
740	SHIP	ship	brod	2.65	1.04761904761905	1.35	1.3	1.19047619047619	170
744	EGG	egg	jaje	2.65	1.25	1.05	1.3	1.25	698
745	SHELF	shelf	polica	1.95	1.05	1.15	1.3	1.4	1683
746	SHOP	shop	dućan	2.85	1.04545454545455	1.15	1.04347826086957	1.2	381
747	BICYCLE	bicycle	bicikl	2.9047619047619	1.14285714285714	1.15	1.1	1.05	105
750	DROP	drop	kap	2.85	1.45	1.35	1.0952380952381	1.0952380952381	742
753	PUPIL (STUDENT)	student	učenik	2.5	1.35	1.15	1.15	1.25	2611
757	BUTTON	button	dugme	2	1.1	1	1.14285714285714	1.14285714285714	384
758	HERON	heron	čaplja	1.9	1.33333333333333	1.05	1.3	1.52631578947368	193
760	KNOT	knot	čvor	1.55	1.35	1.3	1.2	1.7	255
765	MOVE	to move	premjestiti	1.85	1.52380952380952	1.2	1.15	1.25	1791
766	MENSTRUATION	menstruation	mjesečnica	2.2	2.09090909090909	1.9	1.34782608695652	2.2	1108
767	CORPSE	corpse	leš	1.25	2.3	3.5	2.6	3.25	951
769	ROOF	ceiling	strop	1.75	1.15	1.15	1.25	1.06451612903226	2408
771	HAT	hat	kapa	2.25	1	1.15	1.04347826086957	1.1	743
772	BELT	belt	pojas	1.95	1	1.15	1.35	1.25	1667
775	TRUMPET	trumpet	truba	2.35	1.36363636363636	1.14285714285714	1.08695652173913	1	2581
779	PART	part	dio	2.27272727272727	1.28571428571429	1	1	1.0952380952381	305
783	VICTORY	victory	pobjeda	3.9	1.2	1.2	1.25	1.55	1633
784	SNOW	snow	snijeg	3.55	1.1	1.3	1.15	1.1	2292
785	STRONG	strong	jak	3.4	1.13636363636364	1.4	1.30434782608696	1.1	699
788	SOAP	soap	sapun	2.36363636363636	1.14285714285714	1	1	1.19047619047619	2129
789	PEOPLE	people	ljudi	3.45	1.3	1.65	1.47619047619048	1.33333333333333	990
79	WASTE	to waste	rastrošiti	1.61904761904762	2.28571428571429	1.8	1.55	1.35	1989
790	READY	ready	spreman	3.6	1.25	1.25	1.1	1.05	2328
794	PEN	pen	pero	2.23809523809524	1.0952380952381	1.2	1.05	1.15	1568
795	TROUT	trout	pastrva	2.04761904761905	1.0952380952381	1.2	1.15	1.45	1541
796	NIPPLE	nipple	mamila	1.92857142857143	1.25	1	1.30769230769231	1.75	1038
8	CURSE	curse	kletva	1.19047619047619	2.8	2.35	2.05263157894737	1.78260869565217	782
803	ANKLE	ankle	gležanj	1.65	1.45	1.35	1.25	1.6	486
806	BLANKET	blanket	pokrivač	2.55	1.09090909090909	1.1	1.04347826086957	1.15	1676
811	SOUL	soul	duša	3.5	1.18181818181818	1.15	1.21739130434783	1.1	388
812	SLAVE	slave	rob	1.23809523809524	2.7	3.1	2.15789473684211	3.17391304347826	2064
816	HALF	half	pola	2.21052631578947	1.2	1.1	1.36842105263158	1.1	1681
819	STOMACH	stomach	želudac	2.1	1.19047619047619	1.5	1.30434782608696	1.7	2956
820	LAMB	lamb	janje	3.15	1.1	1.3	1.2	1.15	701
823	SORCERER	sorcerer	vrač	2.1	1.25	2.04761904761905	1.79166666666667	1.42105263157895	2829
824	WITCH	witch	vještica	1.35	1.85	2	1.85	2.4	2802
825	AWAKE	awake	budan	2.55	1.15	1.4	1.3	1.45	183
828	RACCOON	raccoon	rakun	2.78947368421053	1.2	1.25	1.35	1.4	1970
836	SCREWDRIVER	screwdriver	odvijač	1.81818181818182	1.28571428571429	1.1	1.2	1.19047619047619	1387
837	BLUE	blue	plav	2.95	1.05	1.25	1.4	1	1608
843	SPIDER	spider	pauk	1.75	1.8	1.5	2.3	2.63157894736842	1547
845	MURDER	murder	ubojstvo	1.2	3.3	3.9	2.9	3.25	2609
846	TIGER	tiger	tigar	2.35	1.36363636363636	1.14285714285714	1.8	1.14285714285714	2517
848	THIRST	thirst	žeđ	1.57142857142857	1.5	2.4	1.45	1.78260869565217	2951
850	SQUARE	square	četvrtasta	1.85	1.2	1.2	1.05	1.25	215
851	STABLE	stable	stabilan	3.3	1.05	1	1.2	1.03225806451613	2343
852	PRIEST	priest	pop	2	1.75	1.4	1.7	1.85	1703
854	KETTLE	kettle	lonac	2.2	1.1	1.05	1.1	1	998
855	SEIZE	snatch	drpiti	1.11764705882353	2.45	2.29411764705882	1.88888888888889	2.31578947368421	372
857	STONE	stone	kamen	2.3	1.31818181818182	1.55	1.34782608695652	1	728
858	STORM	storm	oluja	2.2	1.7	2.3	2	1.42857142857143	1414
859	STOVE	stove	štednjak	2	1.13636363636364	1.23809523809524	1.15	1.14285714285714	2363
860	CAUSE	lawsuit	parnica	1.35	1.65	1.63157894736842	2.1	1.63157894736842	1536
861	JUDGE	judge	sudac	1.45	1.75	1.65	1.7	1.75	2414
862	SUGAR	sugar	šećer	3.05	1.27272727272727	1.23809523809524	1.20833333333333	1.2	2149
863	EDGE	edge	rub	2.05	1.40909090909091	1.38095238095238	1.54166666666667	1.1	2081
865	FAME	fame	glasovitost	1.85714285714286	1.3	1.21052631578947	1.15	1.30434782608696	480
866	WIN	win	pobijediti	3.45	1.40909090909091	1.0952380952381	1.1	1.14285714285714	1632
867	GLOVE	glove	rukavica	2.2	1.2	1.35	1.2	1.15	2085
870	BREATH	breath	dah	2	1.22727272727273	1.3	1.4	1.42857142857143	259
873	TAX	tax	porez	1.25	3.3	2.4	2.25	2.8	1711
874	CANDY	candy	karamela	2.35	1.45454545454545	1.23809523809524	1	1.19047619047619	749
876	ARCH	arch	luk	2.6	1.3	1.3	1.2	1.6	1010
878	HELL	hell	pakao	1.23809523809524	2.47619047619048	2.65	2.4	1.65	1513
881	TAILOR	tailor	krojač	1.95	1.1	1.15	1.05	1.2	889
882	PARROT	parrot	ara	2.47619047619048	1.42857142857143	1	1.22222222222222	1.05882352941176	45
883	TERMITE	termite	termit	1.68421052631579	1.9	1.75	1.55	2.52631578947368	2508
884	SHARE	to share	dijeliti	2.95	1.1	1.2	1	1.1	298
885	OPPOSITE	opposite	suprotan	2.35	1.19047619047619	1.15	1.26086956521739	1.25	2437
886	PARAKEET	parakeet	papigica	3.5	1.19047619047619	1	1.05	1.04761904761905	1526
887	BITTER	bitterness	gorčina	1.5	2.4	1.75	1.65	1.9047619047619	509
889	FLAME	flame	plamen	1.95	1.5	1.47619047619048	1.55	1.38095238095238	1602
892	TIME	time	era	2.13636363636364	1.28571428571429	1.05	1.4	1.14285714285714	417
894	TOAD	toad	krastača	1.25	1.7	1.26315789473684	2.05263157894737	3.16666666666667	868
895	TORTOISE	tortoise	kornjača	2.8	1.1	1.15	1.2	1.2	848
897	SWALLOW	swallow	lastavica	3.4	1	1.2	1.0952380952381	1.0952380952381	937
898	TRADE	trade	trgovina	3.05	1.15	1.35	1.25	1.3	2565
899	PRESIDENT	president	predsjednik	1.85	2.95	1.65	1.6	1.45	1778
90	INNOCENT	innocent	nevin	2.15789473684211	1.31818181818182	1.42857142857143	1.25	1.0952380952381	1298
902	ADULTERY	adultery	preljub	1.6	3.81818181818182	3.94736842105263	2.91304347826087	3.35	1788
905	BORING	bored	dosadan	1.35	2.65	1.6	1.45	2.4	360
906	TREE	tree	stablo	3.35	1.13636363636364	1	1.125	1.1	2345
908	DRUM	drum	bubanj	2.04761904761905	1.14285714285714	1.05	1.05	1.15	179
909	GARBAGE	garbage	smeće	1.1	2.2	1.75	1.5	3.05263157894737	2269
91	INSOLENT	insolent	drzak	1.35	2.9	1.9	1.95	2.06451612903226	377
910	DEATH	death	smrt	1.65	3.35	4.3	3.14285714285714	2.0952380952381	2286
913	CROW	crow	vrana	1.81818181818182	1.47619047619048	1.15	1.55	1.71428571428571	2831
914	SCULPTOR	sculptor	kipar	2.04761904761905	1.33333333333333	1.1	1	1.05	767
921	VALLEY	valley	dolina	2.61904761904762	1.38095238095238	1.05	1.05	1.2	352
923	LOVE	to love	voljeti	4.2	1.31818181818182	1	1.45833333333333	1.05	2824
926	RICE	rice	riža	2.7	1.2	1.05	1.05	1.2258064516129	2059
928	EMBRACE	hug	zagrljaj	4.55	1.36363636363636	1	1.08695652173913	1	2877
930	VILLAGE	village	selo	3.3	1.1	1.2	1	1.14285714285714	2156
933	WALL (OF HOUSE)	wall	pregrada	1.9	1.4	1.4	1	1.19047619047619	1783
934	BUFFALO	buffalo	bivol	2	1.15789473684211	1.05	1.5	1.24137931034483	116
935	WAR	war	rat	1.45	3.04545454545455	2.85714285714286	3.25	3.38095238095238	1990
937	BIRD	bird	ptica	2.45	1.25	1.05	1.4	1.3	1940
942	HONEY	honey	med	2.71428571428571	1.04761904761905	1	1	1.25	1062
943	WATERFALL	waterfall	vodopad	3.19047619047619	1.23809523809524	1.1	1.05	1.15	2817
946	BLOOD	blood	krv	1.8	1.8	2.65	1.85	2.2	899
947	STREAM	stream	potok	3.45	1	1.05	1.05	1.08695652173913	1738
948	WATER	water	voda	3.2	1	1.1	1	1.2	2812
950	SEAGULL	seagull	galeb	2.05	1.3	1.2	1.15	1.38709677419355	465
951	WEAPONS	weapon	oružje	2.1	2.4	2.65	3	2.2	1456
953	RAPE	rape	silovanje	1.55	4.4	4.35	4.47619047619048	4.41176470588235	2183
957	WHALE	whale	kit	2.81818181818182	1.23809523809524	1	1.7	1	776
958	WILD ANIMAL	beast	zvijer	1.86363636363636	2	1.4	2.15	1.42857142857143	3017
962	WOMAN	woman	žena	3.3	1.15	1.2	1.3	1.05263157894737	2959
963	BOOK	book	knjiga	2.6	1.2	1.1	1.25	1.19354838709677	794
965	WORLD	world	svijet	3.35	1.15	1.7	1.2	1.3	2461
969	CIGARETTE	cigarette	cigareta	2.2	2.3	2.1	1.65	1.89473684210526	218
970	COCONUT	coconut	kokos	2.95454545454545	1.14285714285714	1	1	1.0952380952381	804
972	BE ABLE	can	limenka	2	1.3	1.3	1.15	1.25806451612903	965
974	TOBACCO	tobacco	duhan	1.85	1.59090909090909	1.52380952380952	1.45	2	386
976	WEAR	wear	nošenje	2.2	1.2	1.15	1.3	1.2	1316
977	ARROW	arrow	strijela	2.3	1.05	1.3	2.05	1.4	2405
979	FARMER	farmer	farmer	2.68181818181818	1.0952380952381	1	1	1.14285714285714	430
980	HEEL	heel	peta	1.85	1.05	1.3	1.1	1.32258064516129	1572
981	ELBOW	elbow	lakat	1.85	1.22727272727273	1.15	1.21739130434783	1.05	929
986	TOMATO	tomato	rajčica	2.7	1.2	1.25	1.15	1.6	1966
989	CLEAR	clear	jasno	2.9	1	1	1.15	1.2	703
992	CLIFF	cliff	litica	1.8	1.5	1.65	2.2	1.15	976
