CONCEPTICON_ID	CONCEPTICON_GLOSS	CHINESE	CHINESE_RT_MEAN	CHINESE_RT_ZSCORE	CHINESE_STROKE	LINE_IN_SOURCE
10	FIREWOOD	柴火	741.2162500000002	-0.2957471658049295	14	7792
1001	BLACKSMITH	铁匠	678.2180952380951	-0.5164593706792188	16	8258
1002	STATUE	雕像	704.7509999999997	-0.4642740795610031	29	10389
1003	PERMIT	允许	654.6355	-0.6635635370928175	10	2482
1004	MUSCLE	肌肉	669.4305000000002	-0.5588413987174683	12	4721
1008	BULL	公牛	705.8402564102563	-0.5111838792798902	8	2494
101	BOAST	吹牛	693.1821951219513	-0.5618653901990617	11	5019
1011	BRIDGE	桥	666.7175000000002	-0.6636558419548709	10	365
1017	APPEARANCE	样子	767.1502500000001	-0.21497361830231126	13	7807
1019	RIGHT	右边	644.9230952380952	-0.6859764251235212	10	3423
1021	TOWEL	毛巾	636.5323076923078	-0.6751190628042294	7	2937
1025	WHISTLE	哨	785.2024999999999	-0.25975352470104834	10	327
1030	NECESSARY	必须	623.3138095238095	-0.676747862302633	14	3626
1031	ON PURPOSE	故意	616.7776923076924	-0.8023725429643247	22	6922
1038	TEACHER	老师	694.2317948717949	-0.4860801275159763	12	4688
1039	SHOW	展示	699.383846153846	-0.4765943379450279	15	7657
1041	INCREASE	增加	598.2942500000001	-0.7763970615174355	20	10141
1042	CARPENTER	木匠	688.44	-0.4132585762502584	10	2910
1044	PILLOW	枕头	644.4976315789472	-0.6489165047578244	13	6140
1045	POET	诗人	636.8239999999998	-0.6996400332034185	10	11440
1046	SHUT	关闭	683.0989999999999	-0.5923409182139145	12	4090
1047	PURSUE	追	656.65125	-0.6159787429901142	9	569
1053	HUNTER	猎人	640.9169230769231	-0.6556775167003144	13	8685
1054	SMALLPOX	天花	762.7215000000001	-0.33786716557751345	11	2674
1055	FATHER-IN-LAW	岳父	689.607435897436	-0.5031467860972993	12	5872
1066	CRIME	犯罪	611.9451219512196	-0.7147651464115186	18	3758
107	OMEN	兆头	839.3397222222222	-0.04399654848296573	11	4029
1072	PRISONER	犯人	663.5897560975608	-0.5520763084683984	7	3755
1075	TRAP (PITFALL)	陷阱	686.7982051282052	-0.5292193878202208	16	8960
1076	EMERGE (APPEAR)	出现	647.09325	-0.6836077774130459	13	3256
1080	VULGAR	粗俗	736.0949999999999	-0.3059830886931832	20	8803
1082	MERCHANT	商人	645.8738461538462	-0.648682507701303	13	8372
1084	CALL	叫	701.66075	-0.4603605121878407	5	34
1085	FOLLOW	跟随	777.5166666666667	-0.2614153758995496	24	9776
1086	WORK (ACTIVITY)	干活	718.0848717948718	-0.3599932923010974	12	2288
1087	CONCEIVE	构思	742.8031707317074	-0.4413229199247921	17	6135
1088	SINK (DESCEND)	沉	647.5540000000001	-0.6351348779535806	7	115
1090	BE BORN	出生	656.779756097561	-0.6564877827467566	10	3231
1095	LET GO OR SET FREE	释放	670.9215789473683	-0.6049787988131926	20	11753
1096	SONG	歌曲	716.1041025641025	-0.44677398164431037	20	9944
1100	COOK (SOMETHING)	烹饪	734.6314285714284	-0.4202259742727352	18	8679
1105	CAMP	营地	708.2452631578948	-0.4098304874903119	17	11305
1111	CAR	汽车	628.65725	-0.6794701814572645	11	5298
1112	SUCCEED	成功	582.749024390244	-0.8601610988019333	11	4511
1114	BULLET	子弹	597.2875	-0.786723690210262	14	2231
1115	SPEECH	言	716.096	-0.4456087538122354	7	129
1117	LIKE	喜欢	632.0141463414634	-0.6977596388072513	18	9024
1119	DIVIDE	划分	801.8805000000001	-0.22329833876315103	10	4137
1120	HONEST	老实	683.5212195121949	-0.5196999388082563	14	4692
1121	SECRET	保密	650.26075	-0.6801500660794049	20	6598
1122	WAGES	工资	632.8978048780489	-0.6421973218681953	13	2274
1123	PREGNANT	怀孕	601.4902500000001	-0.749475524005584	12	5155
113	SHORE	滨	813.1596874999998	-0.026647814308188467	13	780
1131	WE (INCLUSIVE)	咱们	693.3028205128203	-0.47095916588070597	14	6668
1133	MATCH	火柴	663.6920512820512	-0.5980019560212897	14	3009
1136	RABBIT	兔子	661.3536585365854	-0.5493455416360621	11	5570
1138	FAIRY	仙人	713.5163157894737	-0.3850562187853041	7	3164
1139	LEOPARD	豹子	740.7984615384617	-0.3098798914304231	13	8178
1145	SWAMP	沼泽	702.0655263157895	-0.396626061036373	16	6196
1146	AUBERGINE	茄子	667.4449999999999	-0.5730798758478209	11	7317
1147	PURE	清	688.0324390243903	-0.45664350913972235	11	450
1149	ORPHAN	孤儿	639.0284615384617	-0.6763140482552317	10	5805
1150	THUNDER	雷电	760.948717948718	-0.26612323344436095	18	9857
1156	OPEN	打开	613.3607692307693	-0.7308220019128958	9	3632
1157	BECAUSE	因为	578.95375	-0.8611652814408751	10	4313
1158	STEP	台阶	720.3477499999999	-0.4877531740191416	11	3418
1160	THIEF	小偷	685.5063414634146	-0.4691816910055075	14	2246
1162	INTENTION	意向	769.3892682926828	-0.2811240077941051	19	9543
117	IMITATE	模仿	660.648780487805	-0.6058782987993377	20	10200
1171	MIRROR	镜子	626.9348780487805	-0.6900633411135174	19	11822
1172	SHOOT	射击	653.76	-0.5913509461900514	15	7649
1173	EYEBROW	眉毛	667.4237837837837	-0.5536012047322442	13	7161
1174	YESTERDAY	昨天	650.1317500000001	-0.6352282736582665	13	6945
1175	GHOST	幽灵	711.9730952380952	-0.5057806126144483	16	6783
1182	NOISE	噪音	697.1659459459461	-0.44663705300903395	25	10316
1183	PALM OF HAND	手掌	614.3125641025641	-0.7673048099095067	16	2805
1188	CHARCOAL	炭	736.1832500000002	-0.38279822940554975	9	278
1189	ULCER	溃疡	981.3471794871791	0.37844568724066663	20	10959
1193	STEAM	蒸汽	809.8459459459459	0.006483609106290767	20	10079
1195	GIVE BIRTH	分娩	717.8534999999999	-0.3216403651433436	14	2563
1199	WIFE	妻子	627.6621621621622	-0.7269693481383814	11	5788
12	MIDDAY	中午	652.6157499999998	-0.6504070178294876	8	2385
1200	HUSBAND	丈夫	692.62075	-0.5100407337756662	7	2087
1205	TONGUE	舌头	702.936	-0.5866430951501757	11	4750
1207	YOUNG	年轻	658.2369999999999	-0.6436563475229938	15	4468
1208	CAT	猫	650.0873170731708	-0.623754176816058	11	527
121	SPIN	卷	719.7833333333333	-0.41870401654461054	8	158
1210	HEAVY	沉重	689.8838461538462	-0.5442292840727938	16	5300
1212	WE	我们	638.8327499999998	-0.6481625889510768	12	5161
1213	YOU	你们	658.1665	-0.6029572712602903	12	4907
1216	MOTHER	母亲	603.9163414634146	-0.7447551529712562	14	3726
1217	FATHER	父亲	614.5731707317074	-0.7158629136312145	13	3023
1218	ROPE	绳	731.1807692307691	-0.31806900693345314	11	892
1219	WORM	虫	631.6725	-0.6916469968829488	6	72
1220	TAIL	尾巴	651.8290476190479	-0.6980157144285403	11	5091
1223	HEART	心	659.9576923076922	-0.6076761717499143	4	16
1225	DAY (NOT NIGHT)	白天	676.96	-0.5486808171921538	9	3849
1226	YEAR	岁月	678.2505000000001	-0.45080570940907794	10	4447
1228	EARTH (SOIL)	土地	673.9428205128205	-0.4991210988479301	9	2184
123	FOREHEAD	额头	724.4277500000001	-0.46516872151702654	20	11962
1230	DIRTY	肮脏	720.2999999999998	-0.37640641194696384	18	6366
1233	NIGHT	晚上	663.8994736842106	-0.5474208938985827	14	8597
1234	SMOOTH	平滑	817.5658974358976	-0.17293712906421702	17	3597
1236	WHAT	什么	681.7402499999997	-0.6262407458399528	7	2446
1237	WHERE	哪里	679.5384615384615	-0.5388156941123445	16	7585
1239	HOW	怎么	629.1361538461539	-0.6969983762336434	12	6812
1240	NOT	不	660.971842105263	-0.5898547535092958	4	8
1245	BUTTER	牛油	851.9388888888886	0.05060221222445896	12	3041
1246	SMALL	小	651.1712195121951	-0.5932940092394565	3	6
1247	EAR	耳朵	617.291707317073	-0.6998994175997947	12	4710
1248	EYE	眼睛	716.6147499999997	-0.35724957919836253	24	8757
125	SWEAT (SUBSTANCE)	汗水	635.2858974358973	-0.67453702263262	10	4633
1251	BELLY	腹	776.2394736842103	-0.20606782168379986	13	611
1257	WING	翅膀	643.5471794871794	-0.6053158672877813	24	8108
1258	FINGERNAIL	指甲	644.02325	-0.6487133951196837	14	6880
1262	BROTHER	兄弟	613.3282926829268	-0.7172974059951276	12	3192
1263	SISTER	姊妹	810.5276923076923	-0.0129665553078262	15	5790
1264	CHANGE	变	695.5076190476191	-0.5442306648159233	8	159
1266	BRIDE	新娘	681.4458536585365	-0.511989011648422	23	9612
127	EXTINGUISH	灭	659.9542857142856	-0.5645037331207776	5	866
1273	CANDLE	蜡烛	688.887435897436	-0.5372322802835169	24	10088
1275	ANSWER	回答	637.3814634146343	-0.6876129362497683	18	4302
1278	VOMIT	呕吐	655.53775	-0.6346678440354244	13	10689
1280	FALL	倒塌	800.12375	-0.1233950036048073	23	7493
1281	PRISON	监狱	691.6987804878048	-0.5120079933814836	19	11034
1283	TODAY	今天	581.9024999999999	-0.8402794990270014	8	2457
1284	BANK	银行	621.4107692307693	-0.7227853154482979	17	8949
1285	IMPORTANT	重要	656.5485365853659	-0.5838693109309315	18	7379
1289	BABY	婴儿	698.4156097560974	-0.43752895318436463	13	10740
1291	BACK	后背	694.2065000000001	-0.4304245701584685	15	4272
1293	MISTAKE	错误	655.3390243902437	-0.5750484722267798	22	11808
1294	ZERO	零	687.7057500000002	-0.5424049276431278	13	627
1295	STICK	拐杖	732.9312499999999	-0.39782475909724113	15	6027
1297	LEG	腿	680.4186842105262	-0.5593369921996352	13	658
1298	NEWSPAPER	报纸	631.815	-0.697556465432116	14	5236
1299	COFFEE	咖啡	649.3420000000001	-0.6494620772187478	19	5729
1300	COUNTRY	国家	643.19975	-0.6966689274991638	18	5740
1303	FINGER	手指	657.4870731707316	-0.552821857274945	13	2802
1304	CHILD (YOUNG HUMAN)	儿童	625.3	-0.7449616929483807	14	2062
1305	CHIMNEY	烟囱	808.1137837837838	-0.05502988553407019	17	7942
1307	LANGUAGE	语言	678.0761904761906	-0.5606002907527444	16	11462
131	FESTIVAL	派对	628.6941463414635	-0.7091200994008653	14	7038
1310	CLEVER	聪明	592.14	-0.7781071480804851	23	10255
1312	FOX	狐狸	654.5287179487178	-0.5818725976444767	18	6269
1313	MOON	月亮	662.6512500000001	-0.5330111830517613	13	2904
1320	APPLE	苹果	634.5163414634145	-0.6608892981634891	16	7310
1322	BREAKFAST	早餐	610.4882500000001	-0.7377165196737329	22	4557
1325	FRIEND	朋友	563.2812500000001	-0.9145558114336655	12	6108
1329	TOMORROW	明天	602.6356097560974	-0.7952648210694488	12	6084
1331	SHEEP	绵羊	658.4057499999998	-0.5887970731613844	17	11213
1332	NEIGHBOUR	邻居	590.0175609756097	-0.8233047193578166	15	6491
1333	NECK	脖子	705.1011904761906	-0.4290122030537329	14	8822
1334	GUTS	肠	765.3012500000001	-0.33949756904880823	7	898
1335	WHITE	白	710.1982051282054	-0.40380524544701474	5	44
1338	PEACE	和平	647.2292682926831	-0.654797911859134	13	5718
1339	MORNING	早晨	634.5517073170731	-0.6656654878828769	17	4554
134	FAULT	过失	657.0576923076923	-0.5664019575833813	11	5448
1342	SUMMER	夏天	688.701052631579	-0.507496277483137	14	7604
1343	SUN	太阳	675.3704761904761	-0.5890687926292347	10	2691
1346	THROAT	喉咙	709.869	-0.4187137056696857	20	9019
1349	CHURCH	教堂	632.3104761904763	-0.6643040324851546	22	8582
1350	MONKEY	猴子	691.0752631578947	-0.5465126620733083	15	9269
1356	NUMBER	数字	608.4010000000002	-0.7504283615163102	19	9601
1358	ENEMY	敌人	726.1115384615385	-0.3792716650707905	12	7768
136	HERE	这里	647.7535	-0.6437350708489576	14	6468
1360	DUCK	鸭	683.7574358974359	-0.4747431479629796	10	1015
1361	TOOL	工具	678.7014285714286	-0.48624184557552586	11	2270
1365	KITCHEN	厨房	620.91575	-0.6987225741097688	20	9005
1367	CROSS	越过	707.3397435897435	-0.3310201305903374	18	9438
1368	BREAD	面包	594.1619512195123	-0.7658022571097264	14	7416
1369	GOLD	金	683.4058974358975	-0.5538419073564261	8	226
1371	KNEE	膝盖	670.244054054054	-0.5447046233576914	26	10256
1374	RING	戒指	686.1346341463413	-0.492410130089254	16	5166
1375	WINDOW	窗户	697.5251219512197	-0.4348713395541189	16	9324
1376	NOW	现在	622.8624390243903	-0.7293562097914319	14	11007
1379	TELEPHONE	电话	618.4165853658537	-0.804890244544041	13	3843
138	BATHE	洗澡	728.64475	-0.3938689129816299	25	7019
1380	TOOTH	牙齿	681.25625	-0.5064065885677469	12	3033
1381	SHOE	鞋子	609.0466666666669	-0.759460459489753	18	10298
1383	GRANDFATHER	祖父	635.8100000000001	-0.6408769861919803	13	8030
1386	LION	狮子	650.6345000000001	-0.6087947014226088	12	11003
1387	ARRIVE	到达	744.0635	-0.4082559656837498	14	5601
1388	SHADE	影子	709.7410256410253	-0.47491301835805727	18	10153
1390	WRONG	错	686.1119512195121	-0.4971768270885643	13	971
1391	TOWN	城镇	729.2828947368421	-0.4031666602775001	24	6704
1394	BONE	骨头	638.9478048780488	-0.619205980258503	14	8286
1396	SHARP	锋利	734.0221428571431	-0.355341394113577	19	11798
140	PADDY FIELD	稻田	713.0297297297299	-0.3661640086132341	20	10243
1402	BREAST	乳房	726.3447368421054	-0.3589399897595935	16	5508
1404	STRAIGHT	笔直	773.3576923076924	-0.24792159703640182	18	8079
1405	NAME	名字	659.0478048780486	-0.6103471550073216	12	4250
1407	BREATHE	呼吸	702.9065	-0.38625937851836506	14	5707
1408	HEAR	听见	712.4518421052632	-0.49358353399312693	11	5001
1409	SEE	看见	601.5807500000001	-0.7985771377829709	13	7164
141	BURN (SOMETHING)	焚烧	790.2268292682928	-0.07692540278132864	22	9252
1410	KNOW (SOMETHING)	知道	665.5602439024391	-0.564168599363659	20	6311
1412	RUDE	蛮横	916.8154999999997	0.17459830830045622	27	9399
1413	PLAY	玩	635.2225	-0.6879612561267232	8	211
1414	SQUEEZE	挤压	754.4931578947368	-0.28528476647948053	15	10841
1415	THINK (REFLECT)	思考	595.4210810810812	-0.7676126703348847	15	6817
1418	DIG	刨	797.2197222222222	-0.10668629370352105	7	85
1419	FEAR (BE AFRAID)	害怕	604.9790243902436	-0.7344395845495149	18	7619
142	RETURN HOME	回归	742.6842499999998	-0.3908714077050239	11	4293
1423	FIGHT	搏斗	742.064285714286	-0.37212546606469504	17	9567
1424	YELLOW	黄色	659.4499999999999	-0.6123854346353996	17	8984
1426	EXPENSIVE	昂贵	679.5744736842106	-0.5072775771287149	17	6080
1427	BEAUTIFUL	美丽	594.364358974359	-0.8129144366543265	16	7221
1429	FULL	全	714.3880487804878	-0.3508965839187806	6	54
1430	STAR	恒星	775.8133333333335	-0.2158312904779949	18	6834
1437	SPLIT	撕裂	673.7177500000001	-0.5123779986765528	27	10182
1439	SWIM	游泳	649.6430000000001	-0.7451391080304559	20	9238
144	MACHINE	机器	608.986842105263	-0.7076700128687126	22	4591
1442	STAND	站	667.7044736842106	-0.5773533967410021	10	388
1443	WALK	走	623.7458536585367	-0.7275227163804998	7	132
1445	TURN (SOMETHING)	转动	738.4364999999997	-0.283954277502554	14	11665
1447	GIVE	予	779.2852631578947	-0.26468721451716015	4	9
1448	HOLD	保持	639.3830769230769	-0.7038856014597628	18	6593
1449	RUB	擦	731.7676923076924	-0.35275599642923183	17	751
1450	ROOM	房间	620.05575	-0.7503229262602826	15	5961
1451	SMILE	微笑	637.8263414634148	-0.7336622649208631	23	9531
1452	PUSH	推	689.3419512195121	-0.4501594962257134	11	438
1456	THROW	投	650.8210000000001	-0.6817892116322721	7	106
1458	SAY	说	607.6892307692306	-0.8038343386192042	9	928
1459	IF	如果	627.7588888888887	-0.6878277193971138	14	4388
1464	LADDER	阶梯	652.17075	-0.6198984228992426	17	11875
1465	BOX	箱子	614.0475609756098	-0.7170490260234695	18	10248
1468	LOOK FOR	寻找	677.6815789473684	-0.49329030450270683	13	10753
1469	WEEK	星期	685.8347500000002	-0.47995380757831557	21	6937
1471	WINTER	冬天	564.9092499999999	-0.8171937758476169	9	3211
1472	KEY	钥匙	650.92975	-0.6450053041756875	20	11766
1476	CHAIR	椅子	703.4973684210526	-0.46298409061412593	15	9209
1479	DOLPHIN	海豚	714.0535	-0.47626169494849246	21	7901
1480	BODY	身体	619.5810000000001	-0.7444619128102021	14	5425
1481	HAMMER	锤子	735.1790000000001	-0.4154471670686023	16	11811
1482	SHOULDER	肩膀	713.2910526315791	-0.4559924171157142	22	6364
1484	OIL (ORGANIC SUBSTANCE)	油	624.8548780487805	-0.6960076495599758	8	198
1486	PLANT (SOMETHING)	栽种	801.0258333333333	-0.12053928393735323	19	7829
1487	POUR	倒	722.0524999999998	-0.37553250347260475	10	786
1489	CLOUD	云朵	770.2802439024391	-0.2785681186629763	10	2426
1490	RAT	鼠	676.9737499999999	-0.5535456874135126	13	629
1492	DUMB	笨	689.7036842105264	-0.5141453106297683	11	464
1495	HAPPY	高兴	633.4092857142857	-0.6924755643190205	16	8294
1499	JUICE	果汁	715.3151282051282	-0.40724019699808517	13	6145
150	WORRY	发愁	646.148536585366	-0.6016528340997394	18	3354
1502	GOAT	山羊	733.8855263157894	-0.43303207941267574	9	2253
1504	FLY (INSECT)	苍蝇	768.3333333333334	-0.3643860087397242	21	11295
1507	FRUIT	水果	678.1690243902439	-0.5219161315694337	12	2976
1508	KING	国王	679.2435897435898	-0.616936705327583	12	5734
1511	ROOSTER	公鸡	647.7230000000002	-0.6074925114818767	11	2513
1514	HEN	母鸡	703.4100000000001	-0.42455043450439345	12	3732
1517	WASP	黄蜂	812.2042105263156	-0.10536737447908709	24	8989
1518	STUPID	愚蠢	697.3465	-0.4677277131406591	34	9551
1519	RUN	跑	613.5012820512819	-0.6747382759282022	12	559
152	HOOF	蹄子	909.0124324324324	0.26545579629597305	19	10380
1521	SEEM	似乎	642.3436585365854	-0.6382565559920624	11	4836
1522	SOCK	袜子	743.7489743589746	-0.4190017853044233	13	8871
1523	FORGET	忘记	637.29375	-0.6778995888690299	12	5145
1525	COAST	海岸	740.4567499999997	-0.40914767422634046	18	7894
1526	MEAL	饭菜	808.0544999999998	-0.15080759914506162	18	11977
1528	FORGIVE	原谅	615.9682500000001	-0.8089961629039122	20	7582
153	GREY	灰色	672.2137500000001	-0.5616845589300381	12	4649
1533	BE HUNGRY	饿	725.5828205128206	-0.3709777208915503	10	996
1534	FEVER	发烧	643.3043902439026	-0.6296900685565947	15	3362
1536	UNDERSTAND	明白	554.450975609756	-0.9551540242970057	13	6086
1538	SCORPION	蝎子	779.691052631579	-0.18899002410692647	18	10264
1539	BASKET	篮子	738.3023684210526	-0.29655593723367984	19	11083
1541	CULTIVATE	培育	780.0712500000001	-0.2793359720783117	19	8385
1543	SNAIL	蜗牛	688.7002631578947	-0.5259858027841992	17	11325
1545	HOST	主人	618.2236585365854	-0.7155825310687823	7	3126
1548	UGLY	丑陋	721.7945	-0.38932576479764297	12	2380
1550	PREVENT	阻止	637.5482926829269	-0.6388871623668373	11	6516
1554	MAN	男人	643.0999999999998	-0.6672847515261686	9	5349
1556	YOLK	蛋黄	803.457297297297	-0.07354284033579488	22	8863
1558	SIMILAR	类似	747.0285000000001	-0.25942137372818125	15	7211
1560	FACE	脸	652.4905128205129	-0.670591540820634	11	802
1561	ARMY	军队	659.5394871794874	-0.4527591730239901	10	10651
1562	MIND	脑海	713.782	-0.3932083193458514	20	11273
1563	PYTHON	蟒蛇	733.7167500000002	-0.2877357074271538	27	10452
1564	LAZY	懒惰	763.7661538461538	-0.2936858963140311	28	10821
1565	HEAVEN	天堂	622.4572499999999	-0.7112468538625157	15	2677
1568	ARRANGE	安排	712.1748717948718	-0.4818344055928378	17	4425
1569	CHEESE	芝士	778.7444444444444	-0.18252087553279434	9	6377
1573	SWELL	膨胀	750.0419999999999	-0.39224726633041807	24	10371
1574	FLOAT	漂浮	659.0580000000003	-0.5196905066939768	24	9955
1575	COCKROACH	蟑螂	746.9958974358975	-0.270556303417085	31	10451
1585	SLEEP	睡觉	670.3245	-0.5725626401285873	22	9995
1590	WAIT (FOR)	等待	651.5617500000001	-0.6627531554157284	21	9334
1592	CHEST	胸口	700.1395000000001	-0.49009964920908483	13	8122
1594	FLOUR	面粉	636.7555	-0.5997446700966553	19	7423
1597	AIRPLANE	飞机	584.7165789473684	-0.8238105083354349	9	2325
1598	NORTH	北	620.0385365853659	-0.6920998935520731	5	30
1600	SKIRT	裙子	719.5033333333334	-0.4855360306781751	15	9759
1601	WEAK	衰弱	759.4565853658538	-0.381963682091351	20	8175
1606	INSIDE	里面	623.7175	-0.6807610490463449	16	5473
1607	HATE	恨	677.6112499999998	-0.5260488921740267	9	256
1609	IDEA	主意	699.9967499999999	-0.507883938829593	18	3141
1610	PROSTITUTE	妓女	655.8120512820511	-0.6102428075599619	10	5068
1613	COLOR	颜色	619.7395121951218	-0.7330768433408856	21	11958
1616	CLOTH	布料	673.4653658536583	-0.4973448815843324	15	3582
1619	GRANDDAUGHTER	孙女	655.74775	-0.5939306741534006	9	10741
1620	SON	儿子	626.3279487179486	-0.7086014247771695	5	2060
1622	SHIRT	衬衫	734.59925	-0.3709411841459899	16	11329
1623	SPEAK	说话	587.80025	-0.827527531097022	17	11477
1624	EMPTY	空	671.3969230769229	-0.5423515063224646	8	216
1628	SQUIRREL	松鼠	633.7643902439025	-0.6603851780498657	21	6120
1629	EVENING	傍晚	702.4011904761903	-0.5231896936451472	23	8991
1631	FAST	快	667.1340476190477	-0.6671710604390165	7	99
1633	FLAT	扁	841.1084615384615	-0.01864309230125072	9	257
1634	HUNDRED	百	729.169512195122	-0.3093332359852991	6	66
1635	OBEY	服从	723.5759999999998	-0.39505288131342564	12	6109
1637	AUTHORITY	权威	670.3272499999999	-0.5611360075725222	15	10884
1638	TRUTH	真理	637.9976315789472	-0.7139990200490024	21	8013
1639	BEER	啤酒	696.3214634146344	-0.5027720490597051	21	8382
1641	SILK	绸缎	849.4412820512822	0.03568040996447841	23	11216
1642	NIECE	侄女	667.9764999999999	-0.5560834834819267	11	5545
1644	RELATIVES	亲人	712.9178048780486	-0.5397780795688942	11	6555
1645	SHORT	短	742.7784999999997	-0.2855329157805747	12	535
1646	GIRL	少女	666.4469999999998	-0.5958408101934153	7	2704
1649	SIT DOWN	坐下	712.8694871794875	-0.5616205586066568	10	5050
1651	TEAR (OF EYE)	眼泪	678.8122500000002	-0.601797173817869	19	8752
1652	INSTEAD	替	700.8226829268292	-0.40945310012454555	12	510
1654	LIGHTNING	闪电	745.1936842105262	-0.3305621778607833	10	11828
1655	BLINK	眨眼	718.7760975609757	-0.40804880941916566	20	8015
1656	NEVER	从不	720.0597368421052	-0.3535448534875326	8	2472
1657	TRUE	真	672.5968292682926	-0.5079779204187492	10	384
1660	LOSE	败	662.9334999999999	-0.49014047880781575	8	931
1666	MUTE	哑巴	696.874	-0.4761015981382748	13	10692
1667	HOLE	窟窿	863.0835	0.04323379624193193	29	9711
1669	ANCESTORS	祖宗	615.6849999999998	-0.7547269823915169	17	8032
167	MAIL	邮件	692.0374358974359	-0.5339107292429573	13	6484
1672	WRITE	写	672.473076923077	-0.6186907151953775	5	29
1673	ARM	胳膊	726.2169999999999	-0.3534763891173062	24	8118
1674	POOR	贫穷	704.9228947368421	-0.4834037141248976	15	11585
1675	PROMISE	答应	596.4256097560975	-0.7762588523065109	19	9342
1678	HUT	棚屋	869.8233333333332	0.12498677850938426	21	9203
168	REST	休息	589.8259999999998	-0.8700480820921166	16	4000
1680	HELMET	头盔	733.2884615384615	-0.32220425655946033	16	3520
1682	GUILTY	内疚	711.0407692307692	-0.4053447963353207	12	2525
1683	BUSH	灌木	815.7381578947368	-0.17679453476262277	24	10515
1685	AFTER	之后	640.5426315789474	-0.6636421414300009	9	2420
1686	BEHIND	后面	667.2762499999999	-0.5491261311440405	15	4273
1687	PRAISE	赞叹	676.6087500000001	-0.5470938440453816	21	11649
1688	FATE	命运	630.03925	-0.7008893767581754	15	5712
1690	FENCE	篱笆	866.7216216216214	0.05254113629671906	26	10420
1698	CURVED	弯曲	780.1568421052632	-0.17100487073301082	15	6800
1702	HOLY	神圣	764.9460526315788	-0.31274156514895585	14	8038
1711	TELL	告诉	682.3140000000001	-0.55401485150591	14	5033
1719	BURY	安葬	671.8873170731707	-0.5401448769611799	18	4430
1720	SIGN	记号	766.30225	-0.2724037542781813	10	11387
1725	CORRECT (RIGHT)	正确	611.62575	-0.8161079784622591	17	3718
1728	ROTTEN	腐烂	717.2176923076922	-0.40158861430661913	23	10057
1730	CHEEK	脸颊	663.6432500000001	-0.5817198297847439	23	11277
1732	SKY	天	657.3460975609755	-0.6489036740841315	4	14
1733	RAINBOW	彩虹	646.3555	-0.6164095133354145	20	8462
1735	TEAR (SHRED)	撕	707.9419512195121	-0.3894113325952	15	684
174	PROUD	自豪	678.0622500000002	-0.5183886802460027	20	4739
1740	PINE	松树	678.3465853658533	-0.5076319620063775	17	6119
1745	HIP	臀部	837.7544736842107	-0.012709643110246175	27	10433
1746	BLADDER	膀胱	775.8392682926828	-0.24085634109383938	24	10058
1747	CUSTOM	风俗	690.7868421052631	-0.4972200970427865	13	3093
1749	TAKE	拿走	715.16	-0.38079335574425893	17	7729
175	BLOW (OF WIND)	刮	801.0494871794872	-0.06026493474144594	8	156
1750	CHOOSE	选择	652.284	-0.6047445179230934	17	8238
1752	LEAVE	离开	707.8499999999998	-0.3388147826288857	14	8779
1756	WIDOW	寡妇	636.2643902439024	-0.6491576498408885	20	9902
1757	TIRED	累	647.7743589743588	-0.6382785512980137	11	465
1762	STONE (OF FRUIT)	核	629.2083783783784	-0.6743416497937947	10	359
1763	CLUB	俱乐部	722.4107692307696	-0.3895169155904769	25	22701
1766	FINISH	完成	644.2602564102564	-0.6503143075010467	13	5083
1768	FOAM	泡沫	664.6781578947368	-0.5341191293826382	16	6217
1773	GRAVE	坟墓	696.8354999999999	-0.4862085996049804	20	5057
1774	STINGY	吝啬	705.3651351351352	-0.45142448346880176	18	4988
1775	TABLE	桌子	691.2935897435898	-0.5195751122571153	13	7840
1776	SHAME	耻辱	674.635	-0.5025240061862827	20	8114
1781	THUMB	拇指	740.5674358974358	-0.34219639693192977	17	6016
1782	GUEST	客人	677.47575	-0.503818241262868	11	6739
1783	PAIN	疼痛	686.4868421052629	-0.5400218700816911	22	7988
1788	TELEVISION	电视	614.50325	-0.7043227125638868	13	3833
1789	AGE	年龄	600.7312499999999	-0.7849151705359418	19	4469
1791	BUTTERFLY	蝴蝶	586.1707692307693	-0.7809339573784999	30	10267
1793	BAT	蝙蝠	764.2529999999999	-0.20708746117557358	30	10266
1798	GUNPOWDER	火药	650.64625	-0.6006726782892137	13	3012
1804	BOMB	轰炸	663.3007500000001	-0.5572666351735138	17	11681
1808	PUS	脓	881.585625	0.14831864436216977	10	901
1810	DANGER	危险	601.7192307692308	-0.7645522237155593	15	4185
1812	TRY	尝试	687.1689743589743	-0.44752107574970257	17	10763
1814	ACCUSE	指控	768.4487499999999	-0.29344749848266505	20	6885
1817	WEST	西方	744.9060000000001	-0.31545785930526005	10	4787
1820	BEAR	熊	687.1575000000001	-0.5003907868023065	14	647
1823	BORROW	借	662.5721621621622	-0.5950392267486997	10	320
1825	COPPER	铜	794.1438461538461	-0.10214897644507794	11	480
1828	ASK (REQUEST)	要求	629.395	-0.7623036278989611	16	7335
183	BAKE	烘烤	686.5885000000001	-0.4930125687707572	20	7939
1831	MEET	遇见	611.1829268292682	-0.7543256469124606	16	9815
1833	DINNER (SUPPER)	晚饭	661.9760975609756	-0.5429723711081451	18	8603
1838	NAVEL	肚脐	815.1641025641026	-0.1401984605700413	17	5372
1839	CRY	哭	633.5564102564102	-0.7336952338701532	10	328
1840	BUILD	建立	638.8597560975609	-0.6552002378361034	13	6792
1841	SUSPECT	怀疑	659.4239024390242	-0.5570935379607662	21	5160
1846	RULE	规则	648.9502500000001	-0.6629675219951445	14	11345
1847	SICK	生病	734.3739999999999	-0.3961865996792962	15	3786
1848	QUARREL	吵架	676.7995000000002	-0.5712113058654016	16	5011
1850	COTTON	棉花	610.5142857142857	-0.7552302172310221	19	9194
1852	OFTEN	常常	629.4825	-0.6170597769061132	22	8443
1853	DOVE	鸽子	685.0995	-0.491685828561997	14	12055
1854	SPARROW	麻雀	652.2428205128206	-0.5346984253451565	22	8976
1856	SOFT	柔软	761.05175	-0.2813510712271673	17	6971
1857	CROCODILE	鳄鱼	708.9656097560975	-0.38878441982527484	25	12042
1867	COIN	硬币	631.5235897435897	-0.6459218892716194	16	9301
1869	BUY	购买	643.9512820512822	-0.658168222248721	14	11590
1871	CAMEL	骆驼	715.2833333333334	-0.4474449708702233	17	12021
1875	REGRET	后悔	668.476904761905	-0.637694061329792	16	4274
1879	DANCE	跳舞	612.8185365853658	-0.7431288437589966	27	9791
1880	PASSIONATE	热情	633.3897435897436	-0.7429241091273826	21	10989
1881	ENOUGH	足够	640.4242500000001	-0.6418153507008514	18	5419
1882	BEFORE	之前	665.4899999999999	-0.5424245438156308	12	2423
1884	HARD	坚硬	766.0375000000001	-0.2865007204848305	19	10721
1886	ARMPIT	腋下	676.5405128205128	-0.4380112070826297	15	9367
1887	CHEAP	便宜	671.1969230769231	-0.5842534179276719	17	6573
1890	BELIEVE	相信	630.5214634146341	-0.6894718132977743	18	7146
1894	ASHAMED	惭愧	686.6484615384616	-0.5104602157259678	23	10816
1895	CLOTHES	衣服	627.77	-0.7263369591828536	14	4781
1897	HELP	帮助	704.7304878048781	-0.4504166719927549	16	7680
1909	SHAKE	摇	705.9575	-0.41925626013037115	13	583
1917	TIE	绑	673.112857142857	-0.5472783195000078	9	890
1919	TORCH	火把	709.0279487179487	-0.40193358680171254	11	3006
192	CORNER	角落	654.9753658536587	-0.5961474593978222	19	5390
1920	DREAM (SOMETHING)	做梦	651.0978048780487	-0.6273222615731814	22	8328
1924	VEIN	血管	675.1695	-0.5588339402726616	20	4761
1926	OINTMENT	膏药	766.8807894736842	-0.2523553931688482	23	10060
1934	BEGGAR	乞丐	662.1472499999999	-0.5587115982568531	7	2147
1935	ANUS	肛门	848.451	-0.031551409884129925	10	5373
1937	THERE	那儿	833.1492105263159	-0.0008024363424370553	8	5461
1938	FORTRESS	城堡	650.6026829268291	-0.5939311668783334	21	6702
1939	SWEAR	发誓	643.0751282051283	-0.7299296139493235	19	3358
194	FAMILY	户	692.9707894736845	-0.4624762587152988	4	17
1941	SOLDIER	士兵	659.421794871795	-0.5583766069856775	10	2191
1943	CROWN (OF HEAD)	王冠	863.61275	-0.02951135749060264	13	3051
1963	IMMEDIATELY	立刻	587.7828571428572	-0.86980920252817	13	3903
1964	ALONE	单独	669.45525	-0.6673548571399908	17	5638
1967	CALENDAR	日历	619.4136842105263	-0.7301418743975462	8	2888
1968	SOYA SAUCE	酱油	741.6935	-0.3230918204371481	21	11748
1969	MANTOU	馒头	684.8287179487177	-0.513096290672562	19	11995
197	OTHER	其他	635.3289473684212	-0.6669664491356505	13	5573
1973	DEMON	恶魔	707.5305000000001	-0.5102273001998181	30	10810
1974	CENTIPEDE	蜈蚣	682.7412195121952	-0.47618113802398615	23	9756
1977	DEW	露	689.8512820512819	-0.5178695834720695	21	813
1980	WANTON	馄饨	687.0402380952381	-0.5027393472332844	18	11990
1986	DISEASE	疾病	596.3182926829268	-0.8016448598983187	20	7992
1987	CHOPSTICKS	筷子	670.58425	-0.5941107835932796	16	9712
1989	CALF	牛犊	826.3499999999999	-0.022439726806010214	16	3044
1993	SELF	自己	612.426052631579	-0.7453944943248407	9	4725
1999	OVERCOME	克服	641.597380952381	-0.7177517765376956	15	4911
2	DUST	灰尘	689.9024324324324	-0.5349170152164233	12	4648
2002	DITCH	沟	698.5144736842105	-0.5358492817942583	7	118
2003	FLOW	流	746.3542105263159	-0.36077993729156127	10	277
2005	MASK	面具	683.8464285714284	-0.5829458099870941	17	7419
2006	FILL	填	735.9871794871793	-0.30455870948031644	13	575
2008	RESCUE	救援	722.2034146341463	-0.3459083345094844	23	8574
2009	DOG	狗	650.89275	-0.5619884302048865	8	210
2011	COFFIN	棺材	697.2755000000001	-0.46469981005002986	19	9208
2014	GO DOWN (DESCEND)	降落	687.9637500000001	-0.5703598501247374	20	7407
2016	JEALOUSY	嫉妒	648.4174999999999	-0.6435227608687273	20	9522
2017	MIX	混合	715.1478048780489	-0.43726291717547194	18	8652
2018	GREEDY	贪婪	754.4555263157895	-0.25243198698986996	19	11581
202	STRENGTH	力气	722.1170731707317	-0.3940832451719259	6	2075
2022	ADMIT	承认	595.4134146341463	-0.7856232024628483	12	5975
2024	PLOT	情节	705.967	-0.439366385408093	16	8495
203	MARRY	结婚	621.2887179487179	-0.7915536242250799	20	11176
2031	PUT OUT TO PASTURE	放牧	885.9794736842106	0.1645540582036808	16	6071
2035	POND	池塘	702.2741025641028	-0.44310468264356884	19	4637
2036	JANUARY	正月	820.1808108108107	-0.10149338709761167	9	3705
2040	BUCKWHEAT	荞	1029.2007142857142	0.9363213946717204	9	906
2041	HEMP	麻	697.172105263158	-0.49569728022989795	11	484
2044	PERSIMMON	柿子	640.8005405405403	-0.6647823522213978	12	6981
2047	STRAW SANDAL	草鞋	768.5265789473683	-0.20784019410977186	24	8161
2052	BUCKET	水桶	680.0699999999999	-0.5453573723282273	15	2984
2057	DUNG (ANIMAL FAECES)	肥料	715.3778571428572	-0.40135930623793087	18	6362
2058	STOOL	凳子	730.0234146341461	-0.426633435029098	17	9879
2060	STORY	故事	675.054358974359	-0.5252438963194573	17	6920
2062	INTEREST	利息	699.4509999999998	-0.380832868363176	17	4944
2063	CLOSE (EYES)	闭	770.7395	-0.2596436916531517	6	977
2069	SOAK (VERB)	泡	666.8172972972974	-0.5540226762177174	8	201
207	SPARSE	寥寥	820.9630769230771	-0.16779577375785373	28	9903
2072	USE (VERB)	用	633.2197435897436	-0.6500636444988002	5	42
2073	ROB (VERB)	抢劫	698.7699999999999	-0.3877716462776321	14	10831
2074	CROW (VERB)	打鸣	1017.4411111111112	0.9489636837564013		13677
2076	SPROUT (VERB)	发芽	692.0046153846156	-0.40351962749172604	12	3343
208	NASAL MUCUS (SNOT)	鼻涕	770.3095000000001	-0.35666086999866625	24	10126
2082	KNIFE (CLASSIFIER)	把	710.3792105263158	-0.47508509268888516	7	105
2093	AFTERWARDS	以后	665.862619047619	-0.6349311797560577	10	3183
2099	CHILD	孩子	635.4023076923078	-0.7144791160600173	12	6736
21	TASTE (SOMETHING)	品味	681.731707317073	-0.5248884522117283	17	6678
210	LIFE	生命	628.1366666666667	-0.6793938746901238	13	3781
2102	BURN	燃烧	656.9021052631579	-0.5998623933206088	26	10355
2117	DESIRE	欲望	672.3860975609756	-0.5773639199258144	22	8622
212	FIELD	田	769.3545945945948	-0.2131484689231568	5	43
2134	RAISE (BRING UP)	提高	646.1946153846152	-0.6582873721329664	22	9124
2139	MUROID (MOUSE OR RAT)	老鼠	609.378	-0.7765548208907609	19	4696
2142	RUN AWAY	逃跑	595.8465789473684	-0.7789060795618034	21	8228
2149	CHOP (INTO PIECES)	剁	756.0892499999998	-0.3409227917081389	8	483
2154	PLOUGH (INSTRUMENT)	犁	851.2655263157897	-0.05500991399285535	11	454
2157	FINE OR THIN	细	669.3719512195123	-0.5274980274614488	8	888
2159	GROUND	地	665.0742499999999	-0.6400244683236362	6	58
216	MOVIE	电影	627.6904999999999	-0.7708166897858824	20	3838
2162	STIR FRY	炒	714.6120512820513	-0.41678635480801884	8	206
2165	SLOWLY	慢慢	716.2087179487179	-0.38439947312637057	28	9911
2173	PATERNAL UNCLE (FATHER'S OLDER BROTHER)	伯父	648.3871794871797	-0.6494781597020829	11	4820
2177	MATERNAL GRANDMOTHER	外祖母	675.9146153846152	-0.4595339060452915	19	22319
2182	LEFT HAND	左手	721.8305128205129	-0.3189314725473417	9	3554
2183	RIGHT HAND	右手	597.7916666666666	-0.7862468139318356	9	3422
2186	DRAGON BOAT FESTIVAL	端午节	649.8631707317073	-0.6065982429315565	23	22882
2187	MID-AUTUMN FESTIVAL	中秋节	633.0257499999999	-0.6610650456470137	18	22161
2188	NEW YEAR'S EVE	除夕	668.1614634146341	-0.4957331920373085	12	8270
219	TOILET	厕所	575.0743902439026	-0.8685791789642323	16	10686
2190	TASTE	味道	629.8405	-0.6978041040100463	20	5701
2194	FRONT (PART)	前面	634.6855	-0.682196650630758	18	6641
22	INTEND	打算	619.8552499999998	-0.7016823844787351	19	3655
2214	AFFAIR	事情	643.288	-0.6452969641833025	19	5521
2216	BECOME NUMB	麻木	742.5992105263156	-0.32271121712874395	15	8973
2232	KEEN OR SUBTLE	微妙	724.7887804878048	-0.3234463286638873	20	9530
224	MORTAR	臼	1024.245925925926	0.5686311661528992	6	689
2242	BEETLE	甲虫	699.7186842105264	-0.47852367428880827	11	3812
2243	REPAIR	补	644.1910526315789	-0.5774694427275534	7	223
2244	METAL	金属	737.9754999999999	-0.3163833601694722	20	6508
2246	BELL	钟	630.5579487179489	-0.6783985860500067	9	717
2247	CATERPILLAR	毛虫	840.1168571428574	0.028568441050697863	10	2940
2248	KNOW (SOMEBODY)	认识	591.2971428571431	-0.8082394464888653	11	11366
225	PESTLE	杵	911.3156666666665	0.21028141347255308	8	193
2256	MOTHER-IN-LAW (OF WOMAN)	婆婆	738.7935897435899	-0.336748532167561	22	8408
2271	THINK	想	641.1735897435898	-0.6308744001502296	13	577
2278	PERHAPS	也许	581.7187499999998	-0.8559893435422532	9	2150
2291	VOLCANO	火山	723.0369047619047	-0.33294277200151423	7	3002
2295	SUNSET	日落	709.0342105263156	-0.39657189329199366	16	2896
2296	SUNRISE	日出	768.0113157894738	-0.3172084948616816	9	2889
2297	DUSK	黄昏	674.7955	-0.5626109275410439	19	8985
2315	COOK (PERSON)	厨师	693.2155	-0.5284805001719953	18	9004
2316	FREE	自由	655.8235897435898	-0.612765278886253	11	4729
2318	CHESTNUT	栗子	807.1525	-0.15885649988582595	13	7797
2325	PULL OUT	拔	851.8656756756758	0.04355734699213583	8	188
2327	BECOME SICK	病态	707.0255263157894	-0.4582382525111899	18	8000
2328	MISS (SOMEBODY)	挂念	726.7643902439023	-0.354323456300007	17	6875
2334	MELT	融化	687.0489999999999	-0.46007558972761575	20	10374
2335	CUNNING	狡猾	691.47925	-0.45909852454434824	21	7091
2338	HOW LONG	多久	725.1861538461541	-0.4421560824002015	9	4352
2344	PETROL	汽油	648.1926315789475	-0.5973062891333011	15	5299
2348	CRAB	螃蟹	760.5321052631579	-0.3020525557858674	35	10373
2349	SHRIMP	虾	688.8836842105262	-0.44924437512931736	9	308
2350	EARTHWORM	蚯蚓	761.7317948717947	-0.20503932479572912	21	8856
2352	DRAGONFLY	蜻蜓	791.5707894736842	-0.104564812484355	26	10093
2354	CRICKET	蟋蟀	797.9789999999998	-0.24717844139911804	34	10450
2355	GECKO	壁虎	827.8899999999999	-0.18823025406652735	24	10318
2359	LOTUS	荷花	641.7985000000001	-0.5998871271152117	17	8839
236	STEPMOTHER	继母	645.2853658536585	-0.6171794486981388	15	11195
2366	ONION	洋葱	696.5105	-0.40272338409714276	21	7010
2374	DREAM	梦想	623.62075	-0.6943309957725813	24	8615
2376	HORIZONTAL	横	706.9277499999998	-0.4021671139858488	15	690
2378	THUNDER (VERB)	打雷	808.1755263157894	-0.13860537777693524	18	3653
2382	BLUE OR GREEN	青	718.1320000000003	-0.37954604428896416	8	227
2386	TURKEY	火鸡	801.9842500000002	-0.11949584823599009	11	3018
2395	CONGEAL (BLOOD)	凝固	719.0761538461538	-0.36510564617586183	24	10309
24	PRAY	祈祷	704.9953658536585	-0.40721763885786283	19	7182
240	ELECTION	选举	768.3084999999999	-0.2819719368340889	18	8237
2401	PICTURE	画面	695.3442499999998	-0.5277256813003288	17	6285
2403	TOY	玩具	636.1235897435898	-0.6616214532176359	16	6272
2407	BIRTHDAY	生日	579.91325	-0.8539619685656913	9	3777
2408	CAKE	蛋糕	624.6261111111112	-0.7255692140914908	27	8864
2409	BROWN	棕色	713.381081081081	-0.3837249646744703	18	9200
2411	HURT (SOMEBODY)	伤害	636.7439024390243	-0.6525098934193884	16	10620
242	COST	价钱	627.8076315789474	-0.6943099154129528	16	3968
2423	CHANNEL	频道	700.9443589743588	-0.3996087969444077	25	11952
2425	PROBLEM	问题	642.3758974358975	-0.570136159457223	18	11839
2427	FUTURE	前途	614.6764102564103	-0.7070291748420915	19	6643
2429	LOGIC	逻辑	653.9844999999999	-0.5638633889991388	24	9456
243	FRESH	新鲜	672.76325	-0.5939418854249496	27	9616
2430	OFFICE	办公室	637.9585	-0.7850015845459734	17	22178
2433	THEORY	理论	722.0087500000002	-0.4192409117393103	17	8713
2434	TRAGEDY	悲剧	667.5332499999997	-0.5977173523430601	22	9089
2435	UNIVERSITY	大学	626.1385	-0.6640012936226923	11	2203
2440	PINEAPPLE	菠萝	720.3938461538464	-0.4317907801600049	22	9388
2445	PAPAYA	木瓜	643.2843589743588	-0.6552545857696646	9	2909
2452	PURPLE	紫色	652.8230000000001	-0.5886169185035569	18	9349
2471	LADY	淑女	670.20225	-0.5334577032647121	14	8632
248	HAPPEN	发生	694.9761538461538	-0.4632432293176246	10	3331
2483	COLD (OF WEATHER)	凉快	695.1832500000002	-0.41164209478063263	17	7543
2486	HIDE	躲藏	693.7586842105263	-0.5086835963438224	30	9797
249	FOG	雾	668.0182500000002	-0.6519815573859363	13	982
2498	OPIUM	鸦片	693.3788095238095	-0.35048912406178634	13	12050
25	DIRT	泥土	728.5219999999998	-0.31595958587543543	11	6227
2500	GINGER	姜	760.1764285714286	-0.34181236295356915	9	639
2504	DIFFERENT	差	692.6677500000001	-0.5287587161867073	9	341
2505	BEDROOM	寝室	723.3128205128205	-0.42357598661175483	22	9525
2506	LOOSE	松	758.4329268292682	-0.24398720747721792	8	194
2517	CROWDED	拥挤	678.5685	-0.601163204061033	17	6063
2526	POWER	势力	686.3897435897435	-0.4310439762223564	10	5628
2527	ABILITY	能力	597.9285714285712	-0.7469845067208006	12	8126
2531	BROAD	宽敞	788.0954999999999	-0.19051344682055188	22	10751
2539	PIT (POTHOLE)	坑	756.9531707317071	-0.21589409912694024	7	95
2540	LIME (MATERIAL)	石灰	800.115	-0.11641634076917753	11	3883
2541	MIRACLE	奇迹	609.805	-0.7454196270946997	17	5771
2544	SHEPHERD	牧童	714.6535897435899	-0.4280413284531221	20	6260
2547	CITY	城市	676.8327499999999	-0.6034811237844273	14	6700
2549	VEHICLE	车辆	671.148205128205	-0.5860467123789544	15	3081
255	SERVANT	仆人	662.1778947368423	-0.5836578450493016	6	2452
2554	PRINCE (RULER)	王子	674.2537499999997	-0.598366711826496	7	3046
256	FOOD	食物	772.8669999999998	-0.26568513950886885	17	7441
2561	HURT (SENSE PAIN)	创伤	836.53025	0.005048282631599846	12	10668
2569	BUTCHER	屠夫	720.097948717949	-0.4187740657749713	15	8432
2570	BEEF	牛肉	638.1738095238095	-0.7312805524526583	10	3039
2573	FEELING (EMOTION)	情感	692.7875000000001	-0.4911311069163128	24	8491
2574	BEAN OR PEA	豆	727.6602500000001	-0.3773315614293116	7	131
2576	ALREADY	已经	648.8727500000002	-0.708907267341951	11	2278
2578	PENCIL	铅笔	622.0229268292684	-0.6669120768439011	20	11778
2579	TOOTHBRUSH	牙刷	670.1739473684211	-0.5321363632637339	12	3032
258	CALM	冷静	599.779756097561	-0.8050239616490741	21	4931
2580	HELICOPTER	直升机	750.3057499999999	-0.31459119348131714	18	22606
2588	GLOBE	地球	605.4648717948718	-0.7527281059621274	17	4339
2618	CAMERA	相机	668.4618421052631	-0.5570528115333439	15	7144
2620	CARRIAGE	马车	743.3112820512819	-0.3657331644059512	7	2337
2621	CURTAIN	门帘	820.5007692307693	-0.07600083079305484	11	2314
2624	FRAME	陷害	731.7186842105264	-0.4504821347256436	20	8961
2625	MAP	地图	689.567	-0.4824576942770335	14	4343
2626	NERVE	神经	704.3653658536587	-0.5286509018499388	17	8043
2627	ORANGE (FRUIT)	橘子	755.5405128205127	-0.329513354582422	19	10341
2630	WHIP	鞭打	710.0774358974359	-0.4174097471538801	23	10484
2643	INK	墨水	680.7662499999999	-0.4792959315960217	19	10146
2647	CATTY (MASS UNIT)	斤	704.2928205128205	-0.40868059872568924	4	18
2648	HAIR (HEAD)	头发	691.8135000000003	-0.5650373713939792	10	3514
2651	BE IGNORANT	无知	783.939268292683	-0.28515155156926014	12	2871
2656	MIDNIGHT	半夜	675.1202564102563	-0.5168859548189106	13	3307
2658	COAL	煤	709.951081081081	-0.36295575338350067	13	596
266	SCALE	鳞	835.9171052631579	-0.04910982726052124	20	1013
2668	SKELETON	骷髅	708.17975	-0.4225894034746128	32	10301
2688	FOOT (UNIT)	尺	736.3531707317075	-0.4258400962381579	4	15
2697	BROTHER-IN-LAW (YOUNGER SISTER'S HUSBAND)	妹夫	770.3395238095238	-0.2893911580490139	12	5787
27	AIR	气	692.8499999999999	-0.44313448480939127	4	23
2704	FADE (LOOSE COLOR)	褪色	732.6679999999999	-0.3829801527572328	20	10378
2710	TAKE A PHOTO	照相	704.1734146341462	-0.47496469565978233	22	9671
2715	DESPISE	蔑视	710.1042105263159	-0.4579191638635742	22	10258
2717	STEEP	陡峭	872.923	0.04237547100635164	19	8266
2742	SUNNY DAY	晴天	662.0962499999999	-0.6632322107041574	16	9166
2744	PLUM BLOSSOM	梅花	678.5936585365855	-0.45633171775894243	18	8610
2746	PEACH BLOSSOM	桃花	654.62175	-0.6056959814313654	17	7833
2750	GLUTINOUS RICE	糯米	680.1252380952379	-0.5243445646488203	26	10502
2755	BUSY	忙	582.6164285714285	-0.826258297293852	6	62
2758	CAREFUL	小心	626.2856410256412	-0.7133974700837863	7	2237
2763	CARRY HORIZONTALLY	端	738.0982051282052	-0.31727034381458363	14	653
2765	CHERRY	樱桃	705.9789743589745	-0.3859812265956762	25	10914
2766	WATERMELON	西瓜	619.820731707317	-0.7423855366993549	11	4788
2768	LITCHI	荔枝	769.0786486486486	-0.3165458063926579	17	8169
2769	PORK	猪肉	708.5156097560974	-0.5006687918089958	17	9267
2772	KITCHEN KNIFE	菜刀	666.6243902439024	-0.5556331007349125	13	9383
2773	FINGERTIP	指尖	749.3441463414632	-0.27000137797260304	15	6882
2776	WILD GOOSE	雁	813.2075675675674	0.0186096129772508	12	564
2785	BIVALVIA (MUSSELS OR OYSTERS)	蚌	957.3644444444443	0.3744635249757686	10	404
2795	MOSQUITO NET	蚊帐	802.1737500000002	-0.08845544605241443	17	8172
2797	SESAME	芝麻	645.2595121951219	-0.6494902480299205	17	6378
2815	DIALECT	方言	747.4672499999999	-0.24523567999214704	11	2850
2816	ECHO	回声	734.7882051282052	-0.3795830461344176	13	4297
2819	GRASSLAND	草地	689.1362500000001	-0.4538058084128712	15	8155
2835	SHOOTING STAR	流星	671.0870270270269	-0.5571838937067891	19	7052
2837	SWAN	天鹅	746.8297368421054	-0.3166057712792687	16	2684
284	HOE	锄头	717.548205128205	-0.4184815048675615	17	11793
2849	JUNE	六月	674.3614634146344	-0.5418777408382724	8	2514
2856	CHANGE (SOMETHING)	改	673.8684615384615	-0.5043552852031603	7	109
2857	CHANGE (BECOME DIFFERENT)	变化	625.187894736842	-0.7089219417477728	12	5684
2859	SMOKE (EMIT SMOKE)	冒烟	686.9722499999998	-0.5648768082123492	19	6627
2862	CONNECT	连接	696.6769230769231	-0.496286022955739	18	11729
2864	DECREASE	减少	698.4465789473685	-0.5024118051323271	15	8349
2867	CALCULATE	算计	744.8239473684213	-0.31724169684630327	18	10024
2869	BOTHER (HARASS)	打扰	681.7436842105266	-0.563394032357658	12	3644
2879	SOUND (OF INSTRUMENT OR VOICE)	音响	676.9276923076923	-0.5336655080099386	18	7436
2880	HALT (STOP)	停止	646.5105000000001	-0.6000320331189513	15	8329
2883	DISTURB	扰乱	695.42725	-0.43221164151673896	14	5173
2886	PRODUCE	产	693.1615384615385	-0.5045358703362788	6	825
2890	WALK (TAKE A WALK)	散步	656.33	-0.5461701284159148	19	9150
2893	NOTICE (SOMETHING)	通知	672.7342499999999	-0.5793642427554639	18	8903
2894	TUMBLE (FALL DOWN)	跌倒	691.37625	-0.49067584504701467	22	9448
2900	PROTECT	保护	600.5323076923075	-0.7673639870422138	16	6592
2903	CHAT (WITH SOMEBODY)	聊天	617.8235	-0.7136709406746242	15	8821
2909	PREPARE	准备	615.3102564102563	-0.8195364847621024	18	7539
2911	BACKWARD	落后	699.0525	-0.4221322483826456	18	9743
2914	ONCE (IN THE PAST)	从前	622.0480487804876	-0.6919887645846965	13	2478
2916	INSTANTLY (IMMEDIATELY)	马上	643.9676923076921	-0.5811364326002885	6	2335
2924	A LITTLE	稍微	698.6471794871796	-0.4063342772489924	25	9320
2929	BENEFIT	好处	648.7117073170731	-0.6889046172239982	11	4371
2931	BUSINESS	买卖	641.2439999999999	-0.6178109266801416	14	10596
2933	CONVERSATION	交谈	729.5490000000001	-0.41554540738946333	16	3958
2938	FLAVOR	口味	668.67175	-0.5860898447479669	11	2171
2941	HAPPINESS	幸福	645.2285365853659	-0.6685348795692212	21	5880
2944	CALL (APPEAL)	称呼	685.7530769230767	-0.5203457684591539	18	8063
2948	GAP (DISTANCE)	空隙	684.8739024390242	-0.44761092416525017	20	6335
2949	LAIR	骗子	594.8716666666668	-0.7940600740733924	15	12026
2950	MEANING	意思	638.58275	-0.7035299486273079	22	9544
2953	SLEEVE	衣袖	772.6079487179486	-0.21006745544343877	16	4784
2958	LAUGHTER	笑声	611.5762500000002	-0.7614987102249218	17	8073
296	CROUCH	蹲	769.2333333333335	-0.2654555734948366	19	789
2961	MESSAGE	信息	660.1999999999999	-0.6718459017754436	19	6615
2964	NEWS	消息	655.262	-0.6749385999366242	20	7923
2968	REASON	原因	662.8394999999999	-0.5733345812664579	16	7571
297	CROOKED	扭曲	738.01225	-0.38168034427378167	13	5169
2970	RIDDLE	谜语	711.5138461538464	-0.4335979891379935	20	11524
2975	THOUGHT	心思	642.8586842105263	-0.6898084204253188	13	2770
2976	VIOLENCE	暴力	650.2672500000001	-0.6536178101763045	17	10193
2977	WORKER	工人	592.0464102564101	-0.759744561244869	5	2263
2978	DISTANCE	距离	638.4978947368421	-0.616330458136587	21	9452
2982	GIFT	礼物	699.1325641025641	-0.4694336515207756	13	4657
2988	PATTERN	格局	687.3207317073171	-0.4669177200477531	17	7826
299	SCOLD	骂	673.1860975609757	-0.5465324490838444	9	1002
2996	WEALTH	财富	673.5097435897436	-0.5899744507220251	19	11555
2997	COLORFUL	丰富	621.0657894736842	-0.7480898898404548	16	2416
2999	EVERYWHERE	到处	693.6484210526315	-0.48949446029967475	13	5600
30	DISPEL	驱逐	721.3652500000002	-0.3661012227763046	17	12001
3001	POWERFUL	强大	635.4509523809523	-0.6713522963739005	15	9074
3002	PRECIOUS	珍贵	679.5882499999999	-0.5980523202275644	18	7114
3005	FAMILIAR	熟悉	581.716	-0.8414281355372116	26	10221
301	CHIEFTAIN	首领	681.4649999999999	-0.5399272527568854	20	7456
3049	COURAGE	胆识	765.9921428571425	-0.31116117317303965	16	7239
3050	SEEDLING	幼苗	790.99225	-0.20080929446683285	13	3603
3054	BEAR FRUIT	结果	621.4421951219514	-0.6845039309126846	17	11174
3055	SWINDLE	作弊	696.1586842105263	-0.46125328041696995	21	4904
3059	MALARIA	疟疾	807.5515789473683	-0.09283228826505267	18	11018
3069	FALSE	骗局	823.490476190476	-0.15168184193238107	19	12027
3070	HOLD A MEETING	开会	648.3246153846155	-0.5901668005487104	10	2732
3072	MISPLACE	遗失	670.2580487804877	-0.5261091314805396	17	11735
3073	MANAGE	理	669.7452631578947	-0.5768002704177002	11	455
3076	SLOPE	坡	797.0383783783782	-0.045294881674040326	8	163
3077	SWALLOW (BIRD)	燕子	690.70425	-0.43254602515352125	19	10357
3080	SPLIT OPEN	裂开	683.5839473684211	-0.49295775789096363	16	9409
3081	CROPS	庄稼	704.2510256410256	-0.3591027093160906	22	4477
3086	COMPUTER	电脑	636.4572499999999	-0.6668699312105484	15	3841
3088	ENVELOPE	信封	724.7156410256408	-0.3650588594078953	18	6613
3089	GIRAFFE	长颈鹿	672.2315384615385	-0.5912447201674264	26	22388
3091	LEMON	柠檬	720.7055263157894	-0.36045112836515186	26	6973
3093	LIPSTICK	口红	673.3407894736841	-0.5255872261202723	9	2180
3098	SNOWMAN	雪人	690.4797368421054	-0.41745459876614277	13	8965
3099	SOFA	沙发	611.4269999999999	-0.742748950600782	12	5310
3102	TANK	坦克	678.0184615384615	-0.5009749196215869	15	5749
3119	MASSAGE (SOMEBODY)	按摩	752.1641025641023	-0.33418141059907464	24	6897
3138	STRAWBERRY	草莓	727.8245000000001	-0.4114002718063657	19	8158
3168	DOWRY	聘礼	744.4915384615384	-0.3707310579982792	18	9729
3174	WAKE UP (SOMEONE)	唤醒	708.7785365853658	-0.5061879233038956	26	10695
3179	CORAL ROCK	珊瑚	915.4237499999999	0.10602358117906556	22	7107
318	FOOTPRINT	足迹	622.8333333333334	-0.6749253138355896	16	5418
3181	MUSTARD	芥末	738.2810256410257	-0.2806613641030049	12	6379
319	LICK	舔	718.0179487179487	-0.36316918779438584	14	660
3204	INSULT	侮辱	670.6217948717949	-0.46529897216812	19	6564
323	FAT (ORGANIC SUBSTANCE)	脂肪	679.6412195121951	-0.5002511748583786	18	8130
3230	DECEIVE	欺骗	702.9958974358973	-0.43783433316811976	24	9217
3267	PULSE	脉搏	723.1472499999999	-0.38104343603805846	22	7272
3276	SUNSHINE	阳光	591.6065853658534	-0.7951779339179533	12	5486
3279	MANTIS	螳螂	705.6653846153848	-0.39074164737334083	31	10447
3283	CAGE	笼子	724.662	-0.24833143014867617	14	11070
3284	GRAVEYARD	墓地	693.2538095238095	-0.4430480865076529	19	9890
3285	RICE FLOUR	米粉	785.3286842105263	-0.2815288560791607	16	4666
3287	BLOOM	开花	677.8137499999998	-0.4991980859218755	11	2736
3288	WEED	除草	793.9913888888887	-0.1241184293684465	18	8273
3299	KIND	善良	680.6399999999998	-0.5482466356477131	19	9012
3302	QUARREL (VERB)	争论	665.5851282051281	-0.5754179245501866	12	3941
3303	PICTURE (PAINTING)	图画	743.0435897435897	-0.28788321365233877	16	10705
3304	PICTURE (PHOTOGRAPH)	相片	654.7260975609756	-0.5805010458402176	13	7139
3320	SNARE (TRAP)	圈套	770.7223076923076	-0.2849932492664556	21	8384
3325	PEARL	珍珠	644.9865000000001	-0.6413147296084593	19	7111
3333	BELIEF (RELIGIOUS)	信念	649.3915789473683	-0.6252876022817739	17	6612
3334	RITE	礼仪	643.7225641025641	-0.6908467405909745	10	4654
3349	WRISTWATCH	手表	697.8617499999998	-0.48865971914077316	12	2801
3350	GET UP FROM BED	起床	621.2450000000001	-0.7236363439831528	17	8186
3361	OFFICIAL	官	718.3842499999998	-0.31650843019867037	8	169
3362	BOILED WATER	开水	682.8434999999998	-0.5269589328452083	8	2729
3363	NOT HAVE	没有	677.3546341463414	-0.5924300129628713	13	5316
3367	STUTTERER	结巴	727.7026829268294	-0.3505636537303757	13	11166
3375	PATIENT (SICK PERSON)	病人	689.9387499999999	-0.452950787129126	12	7993
3376	ROBBER	强盗	665.0735	-0.5929887405458751	23	9081
3382	PEACOCK	孔雀	641.6235714285714	-0.6902307204180401	15	2703
3386	SULPHUR	硫磺	839.9383783783786	-0.11983206399454197	28	8770
3391	RICE STRAW	稻草	697.6544117647056	-0.445920070375849	24	10244
3396	BUILDING	楼房	687.0331707317073	-0.42871168848459906	21	9630
3397	ROUNDWORM	蛔虫	710.7172972972971	-0.3917675396703556	18	9395
3399	WAREHOUSE	仓库	630.0123684210524	-0.6568002809390321	11	10604
34	STAIRS	楼梯	712.3487179487179	-0.3799844745641802	24	9631
3405	RULER	统治者	677.09	-0.5314434609723852	25	22680
3407	FILE (TOOL)	文件	617.8439999999998	-0.7512064604396127	10	2825
341	SICKLE	镰刀	720.7034146341463	-0.2777382428847006	20	11826
3419	STONE (CLASSIFIER)	块	798.8433333333331	-0.046802790480156974	7	96
3423	DRILL	钻子	930.730625	0.38806697445279525		21794
3425	JOKE	笑话	607.1865853658537	-0.784361669587757	18	8075
3426	SURNAME	姓	666.6929268292683	-0.5568056983045003	8	168
3427	DIRECTION	方向	655.3092105263158	-0.6495194689241505	10	2845
3429	COMPARE	比	699.8960526315791	-0.46209352703699275	4	20
3439	WHITE (OF EGGS)	蛋白	763.6846153846154	-0.2345774380834702	16	8860
344	TREE TRUNK	树干	761.0017500000001	-0.2631701075090708	12	6983
3443	TOFU	豆腐	670.8968292682928	-0.5496661710201322	21	5399
3445	YARN	纱	825.9939999999998	0.000578860219413589	7	884
3447	BEGIN OR START	开始	618.0502439024391	-0.7575929369837385	12	2735
3455	COMMEND	称赞	715.3239024390244	-0.3704562691129227	26	8066
3471	OBLIGATION (DUTY)	义务	609.9186842105265	-0.7047399782628208	8	2144
3534	BEG	乞求	787.4182051282053	-0.11249753081061023	10	2148
3537	TURN OVER	翻身	667.4997297297298	-0.5188819512695612	25	10472
3540	STRAW RAINCOAT	蓑衣	977.3793939393942	0.5719087019801723	19	10082
3554	GOODBYE	欢送	718.7276923076922	-0.37136282396594733	15	4617
356	SHEARS	剪刀	696.8419047619047	-0.5379585333012934	13	8355
357	HANG UP	挂	747.709	-0.39742689466406456	9	262
3608	WARRIOR	武士	700.0864999999998	-0.48589578158376534	11	6160
3617	STUMBLE	绊倒	796.1630000000002	-0.048369586972801526	18	11162
3628	HONOR (SOMEBODY)	荣幸	656.7938095238097	-0.5978814870547551	17	7322
3629	HESITATE	犹豫	650.3848717948717	-0.6474487085160573	22	5344
363	DWELL (LIVE, RESIDE)	住	639.4441025641024	-0.7157872046401795	7	82
3634	STUBBORN	顽固	718.3466666666667	-0.445738603052171	18	11914
3635	ADULT	大人	638.0861538461538	-0.7449511340122621	5	2194
3639	AVOID	避免	673.5799999999999	-0.5160098004619499	23	10458
364	SMEAR	传播	696.810731707317	-0.3635532944452481	21	10614
3640	GOSSIP	闲话	716.8199999999999	-0.38809147261780647	15	11845
3642	COMPLAIN	抱怨	627.177	-0.7036032514038263	17	5982
3643	AGREE	同意	600.9382499999999	-0.8236972879333747	19	4240
3644	AGREEMENT	协议	729.70675	-0.41699996892679014	11	4174
3645	PERSUADE	说服	703.3810000000001	-0.40747931034024776	17	11473
3646	PROVERB	谚语	685.7753846153846	-0.5412482148820437	20	11523
3657	GRANARY	谷仓	1038.24	0.6675878311709923	11	5396
3664	INHERIT	承	738.1502499999999	-0.40504557960934645	8	178
3665	TRAVEL	旅行	679.4078571428571	-0.5417072429139532	16	7779
3666	WANDER	徘徊	726.8997560975612	-0.33161246975340564	20	8474
3674	ANTELOPE	羚羊	740.6476923076922	-0.2731204666028666	17	8815
3695	MOVEMENT	动静	670.1537500000002	-0.5964675214502447	20	4161
3703	STICKY	黏	809.82675	-0.1852399812147107	17	771
3704	ODOR (SMELL)	气味	688.5251219512197	-0.4834923082262406	12	2951
3711	TIE (NOUN)	领带	701.2130769230771	-0.4743370816799513	20	11947
3746	VASE	花瓶	683.2326315789476	-0.5850778921799202	17	6394
3747	SHAPE	形状	612.5134210526315	-0.7327006385516401	14	5129
3762	SAFE	安全	602.7766666666666	-0.7529465177735589	12	4421
377	LOUD	吵	669.8748717948718	-0.5503699405380394	7	91
3780	PET	宠物	636.2939024390245	-0.7309426541533693	16	10743
3807	EYEBALL	眼球	735.0629999999999	-0.3768931541157478	22	8755
3830	WALL	墙	607.588292682927	-0.7318706365838432	14	606
3837	ASTRINGENT	涩	848.9782051282053	0.0006443494231586875	10	863
3839	BROAD BEAN	蚕豆	767.9350000000001	-0.15066185577751903	17	8173
3841	WINDMILL	风车	656.6390243902439	-0.6485340720360776	8	3087
3847	INTEREST (FEELING)	兴趣	592.8515384615386	-0.8233382590869752	21	4097
3856	ITCH OR ITCHY OR ITCHING	痒	811.9215	-0.22883655185116428	11	759
3881	PISTOL	手枪	644.7875000000001	-0.6060150245489275	12	2808
3896	ROAR	咆哮	664.4789743589744	-0.5561168496828673	18	5716
3897	NATURE	本质	632.6222499999999	-0.7082059096244671	13	3696
390	PUNISHMENT	惩罚	654.265	-0.6281014188605969	21	9095
3902	TRUST (SOMEBODY)	信任	686.7184615384615	-0.5058675879426178	15	6608
3903	SYMPATHIZE	同情	659.1777499999998	-0.5868558366931311	17	4237
3951	PANDA	熊猫	643.1904878048782	-0.5789944719084199	25	9978
3952	REFRIGERATOR	冰箱	679.3817073170732	-0.5020564907024985	21	4110
3953	CHARITY	慈善	718.0319999999998	-0.45683282677378906	25	9562
3954	FRIENDSHIP	友情	655.1074358974357	-0.6506289313607906	15	2632
3955	HOSTILITY	敌意	669.4257894736843	-0.5298460820424957	23	7771
3956	DISPUTE	纠纷	724.1281578947368	-0.4291472010759447	12	11092
3957	SYSTEM	系统	619.3587179487183	-0.709634644796858	16	5365
3958	SOCIETY	社会	629.6737500000002	-0.7451340426140418	13	6316
3959	RELATIONSHIP	关系	652.4910000000001	-0.6596474452805906	13	4084
3960	IDENTITY	身份	574.6474999999998	-0.865064082740392	13	5424
3961	TEAM	团队	617.5743902439024	-0.7107070929500001	10	4319
3962	DISCIPLINE	纪律	677.0197435897436	-0.5965741646346048	15	11108
3963	SCENERY	风景	652.1517499999999	-0.6390082766268026	16	3101
3964	SPLENDOR	光彩	654.5709756097559	-0.6712297177212905	17	4047
3966	CONCEPT	概念	701.3089743589743	-0.49243392729984653	21	9633
3967	CONTENT	内容	641.0267499999999	-0.6332187433397809	14	2527
3968	EFFECT	作用	772.6412499999997	-0.30669324563685846	12	4896
3970	PROCESS	过程	724.7234146341464	-0.33347165990645805	18	5454
3971	METHOD	办法	624.1025641025642	-0.6995736655699105	12	2589
3972	EXCITED	兴奋	659.2404878048782	-0.5998155572453484	14	4091
3973	DEPRESSED	沮丧	750.2310256410256	-0.3408466683373515	16	6172
3975	NERVOUS	紧张	655.0755	-0.5979513708550351	17	11089
41	IGNORE	忽略	636.0532500000002	-0.6135833731105179	19	5929
411	GOURD	葫芦	650.5052499999999	-0.6086164682883293	19	9749
419	SEVERE	厉害	583.3787499999999	-0.8467354109066367	15	3319
42	STINKING	臭	705.1959999999998	-0.4899631991079142	10	394
420	FOREST	森林	670.6448780487802	-0.5301409155879393	20	9204
421	RETREAT	退	683.5729268292683	-0.5173190402192396	9	408
425	BE LATE	耽误	720.16	-0.4652317576491331	19	8115
457	BLIND PERSON	瞎子	716.76275	-0.40925231138463347	18	10233
471	UPPER LEG (THIGH)	大腿	722.2287804878048	-0.37079572614925377	16	2214
476	CUP	杯子	691.7663157894738	-0.5248245948296772	11	6116
478	LIP	嘴唇	689.1235897435897	-0.5074940250761337	26	10136
479	GROW	成长	595.6973809523812	-0.768219637490083	10	4514
480	PLATE	盘子	842.5411111111111	-0.12004161048873915	14	8733
484	CONDEMN	谴责	773.4146153846157	-0.1735258557876861	23	11538
485	DISAPPEAR	消失	665.7402499999998	-0.614747957637033	15	7918
486	MINISTER	臣	709.3752499999998	-0.485407594987642	6	70
487	SHY	害羞	679.20425	-0.5070222652985338	20	7620
488	MANNER	方式	594.6245238095237	-0.7777508768484374	10	2846
489	KIDNEY	肾	742.1375000000002	-0.32838969363759773	8	899
49	REFUSE	拒绝	597.5472499999998	-0.752560870351614	16	6031
497	SCAR	伤疤	724.0317500000002	-0.3650711890509744	15	10619
500	CRUEL	残酷	748.9646153846154	-0.33099599306785904	23	7864
503	FROG	青蛙	681.2377142857143	-0.5363898445593053	20	6536
505	PARENTS	父母	686.5192307692307	-0.5945472145788315	9	3021
506	MAIZE	玉米	643.5077499999999	-0.6426686942248178	11	3763
512	SEE A DOCTOR	看病	787.4862499999999	-0.21941105457604726	19	7169
513	THIS YEAR	今年	626.4946341463415	-0.7015614479989506	10	2460
514	LAST YEAR	去年	628.9359999999999	-0.6952981033325483	11	3324
516	PERSON (CLASSIFIER)	位	779.4848648648647	-0.2389234731012552	7	81
53	SPIRIT	圣灵	960.3426470588237	0.46272505891421883	12	3455
530	FRECKLE	雀斑	768.7795000000002	-0.18608137629775198	23	8964
537	TURBID	浑浊	749.9194871794873	-0.3114379835730635	18	10941
539	NEST	巢	769.3772499999999	-0.19904919737631094	11	426
541	POETRY	诗歌	685.843846153846	-0.525288122896987	22	11441
55	WHISPER	呢喃	804.7854285714287	-0.158828348281133	20	5693
552	GROW UP	长大	666.6702631578946	-0.5707601286565075	7	3908
555	INFRINGE	侵犯	681.4704761904761	-0.5332486292217298	14	6566
558	PASS BY	经过	740.688	-0.36562270572339456	14	6341
56	BAD LUCK	恶运	733.411142857143	-0.19435210238649664	17	10806
573	SWAY	摇晃	795.27425	-0.27867902162439884	23	9591
575	TREAD	踩	741.6518421052632	-0.33577416199535265	15	712
577	FOREFINGER	食指	680.7233333333331	-0.49498101837972763	18	7442
578	KISS	接吻	671.2943589743589	-0.5385184759842491	18	8545
580	FUR	毛	605.3346153846154	-0.7520074941985329	4	21
583	KIND OR POLITE	客气	645.8867567567569	-0.6473210910301129	13	6740
584	DIFFICULT	困难	646.7671794871793	-0.6123044522740745	17	5041
586	GARDEN	菜园	714.5256097560975	-0.40167987609861466	18	9384
587	ANT	蚂蚁	589.7719999999999	-0.7863956047106955	18	11323
590	NAKED	裸体	760.7161904761905	-0.33602057347692776	20	10095
594	PIECE	片	742.7197435897434	-0.3681589364263361	4	25
595	GROUNDNUT (PEANUT)	花生	634.255	-0.684601640696753	12	6385
597	PHYSICIAN	医生	575.9900000000001	-0.877467437365011	12	4974
6	EARTHQUAKE	地震	699.4892105263157	-0.6001692007763824	21	4342
600	STRANGE	奇怪	626.012105263158	-0.6743614622486813	16	5769
601	LIE (MISLEAD)	说谎	684.4614634146341	-0.545707052430727	20	11478
602	HIDE (CONCEAL)	隐瞒	742.0065789473687	-0.3114524164088779	26	11893
604	GLASS	玻璃	657.8185714285717	-0.5248273519805201	23	7106
605	GRAIN	粮食	699.6923684210526	-0.48733846545175147	22	9716
607	GRASSHOPPER	蚱蜢	827.5318421052631	-0.04220179272443972	25	8857
613	HIGH TIDE	洪水	727.2822500000001	-0.3877208019463307	13	7025
619	ANIMAL	动物	600.397	-0.7991284236434966	14	4156
620	INSECT	昆虫	676.61075	-0.6185677227489023	14	6082
624	LAKE	湖	662.0853846153844	-0.5878055568002879	12	521
628	LEAF	叶子	680.5378048780489	-0.4735508751230904	8	3426
630	LIGHT (RADIATION)	光线	735.261	-0.3695336778958957	14	4053
631	LIVESTOCK	牲畜	787.2428947368422	-0.18326696265623094	19	7088
632	LIZARD	蜥蜴	826.50325	0.0012295442558265819	28	10091
634	MEAT	肉	767.6979487179489	-0.31641518814924036	6	69
635	MILK	牛奶	608.1990000000001	-0.7166169335909085	9	3037
636	MILL	磨坊	807.34225	-0.09563698319896125	23	10362
637	MOSS	苔藓	894.0783783783784	0.26332623946506367	25	7284
639	MOUNTAIN	山	668.0755263157897	-0.5221643369055678	3	7
640	MUD	泥	733.9302564102563	-0.44712331050907067	8	202
641	MUSHROOM	蘑菇	781.9065789473686	-0.26899322352135796	30	10504
642	MUSIC	音乐	660.210243902439	-0.634571341016943	14	7439
645	OCEAN	海洋	674.95425	-0.5109480195178823	19	7897
646	ASH	灰烬	663.6880487804879	-0.5555582886331143	16	4650
648	PAPER	纸	581.2402777777777	-0.8356235795838228	7	885
65	AMBUSH	埋伏	740.6466666666666	-0.3569242481943049	16	7600
652	PLAIN	平原	656.1921052631578	-0.552883885218868	15	3595
653	PLANT (VEGETATION)	植物	624.3484615384616	-0.7153517928033449	20	9212
655	POISON	毒药	655.7036585365853	-0.585467282675129	18	6998
661	RELIGION	宗教	686.3704999999999	-0.48113081098358473	19	5821
662	BATTERY	电池	738.5526829268292	-0.2972067815649401	11	3827
665	BEE	蜜蜂	719.9546341463416	-0.40694308469752144	27	10086
667	ROAD	街道	657.9490000000001	-0.5825338165869761	24	9403
668	ROCK	岩石	766.7869230769229	-0.22505700663803538	13	5869
670	ROOT	根	660.1071794871795	-0.5283357724095895	10	360
671	SAND	沙	620.8143589743588	-0.7347616569502913	7	117
673	SCHOOL	学校	612.0515000000001	-0.6611896967841696	18	5815
674	MOUTH	嘴巴	655.9457500000001	-0.6321939260273923	20	10135
675	FAECES (EXCREMENT)	粪便	713.2539473684211	-0.4364813497613962	21	11085
677	AXE	斧头	701.6500000000003	-0.43847112894908025	13	6076
679	BRIGHT	亮	672.236842105263	-0.5529139671018752	9	229
681	DESTROY	破坏	609.302564102564	-0.739336094383081	17	8021
682	SIDE	旁边	639.7669230769231	-0.5929341040503159	15	7777
685	DECIDE	决定	632.603947368421	-0.6708142480936933	14	4124
686	EASY	容易	602.838	-0.807553174956926	18	7637
69	SOBER	清醒	704.3902564102565	-0.44021164245272715	27	8674
691	SEASON	季节	673.0226315789475	-0.5265532837485764	13	5804
693	FROM	自	773.0922222222223	-0.2614488804949438	6	71
694	GET	得到	741.8812499999999	-0.384206663727208	19	8469
695	GO	出去	745.7424390243903	-0.32681868827873284	10	3228
698	WISE	睿智	715.7797499999999	-0.3940364175686018	26	9997
699	SAD	忧愁	733.7817073170734	-0.3615498521275489	20	5147
7	GATHER	收拾	596.3894871794871	-0.6891328899655835	15	4543
700	CARRY	携带	664.8275	-0.6516769084867039	22	9586
702	CATCH	捉	681.2946341463414	-0.4973897685321073	10	792
703	SOON	不久	684.9761538461538	-0.4765615554887867	7	2344
704	CLEAN	干净	705.3287499999999	-0.44872351544818667	11	2284
708	SHINE	照耀	821.3607142857143	-0.11950091480793021	33	9675
712	RICH	富	691.347857142857	-0.5451875472489893	12	495
714	SEED	种子	692.28975	-0.5103499819690022	12	7187
715	SHOUT	叫喊	647.0092499999998	-0.5721127486953342	17	3390
717	SWEET	甜	662.6775000000001	-0.5815737682505473	11	457
718	PAY	付款	607.6125641025641	-0.7382962519001524	17	3161
719	FIND	找到	668.8460000000002	-0.5745634184406145	15	5185
72	CLAW	爪	706.41	-0.4230226879540011	4	24
720	GOOD LUCK	运气	638.1230769230773	-0.6922733117480941	11	6441
722	ATTACK	攻击	673.0563414634146	-0.6589087785411054	12	5247
723	PLACE (POSITION)	地方	649.1810256410256	-0.6207646384711273	10	4328
728	FIRST	第一	630.6197500000001	-0.6917005337200639	12	8800
729	DAWN	黎明	683.08425	-0.5618201623797463	23	10306
730	SNAKE	蛇	633.1782926829269	-0.6393411548243326	11	470
734	MAKE	使	668.8175	-0.5685774001740092	8	150
741	DRIVE	驱动	699.0602439024392	-0.4158106943528827	13	11999
744	EGG	鸡蛋	614.7734999999999	-0.7859214397814468	18	12046
745	SHELF	架子	759.3143589743593	-0.2598787233458667	12	6956
746	SHOP	商店	684.7087499999999	-0.63668730874696	19	8374
749	ENTER	进入	631.5741025641025	-0.6966567419262273	9	11708
753	PUPIL (STUDENT)	学生	585.1553658536586	-0.9132576995694526	13	5811
754	HURRY	匆忙	700.3957499999999	-0.4543468163339255	11	3299
756	DEPEND	依赖	743.6023076923076	-0.3883510875499625	21	5565
757	BUTTON	按钮	699.5327500000001	-0.5403706237171141	18	6898
761	COVER	封面	737.6985	-0.3439331083795046	18	6767
762	OUTSIDE	局外	725.5955263157894	-0.23262733740399505	12	5095
763	SKIN	皮肤	648.769761904762	-0.6183558735053954	13	3866
765	MOVE	移动	599.6915000000001	-0.8506716859563447	17	8787
767	CORPSE	尸体	645.471707317073	-0.6470687377839262	10	2250
768	LUNCH	午饭	680.42275	-0.5173615598587562	11	2620
769	ROOF	屋顶	670.6429268292683	-0.6016039316997053	17	6771
770	EARRING	耳环	635.6700000000001	-0.6004006861000988	14	4711
771	HAT	帽子	673.9236842105261	-0.519047423960725	15	9071
777	FLUTE	长笛	780.0205263157898	-0.23948013770582768	15	3920
783	VICTORY	胜利	632.5847500000001	-0.7878036731367826	16	7258
785	STRONG	茁壮	792.4442857142856	-0.22165513505381587	14	7311
788	SOAP	肥皂	650.0602439024391	-0.584119494978586	15	6360
789	PEOPLE	百姓	679.8561538461538	-0.5660643586378353	14	4652
79	WASTE	浪费	624.9441025641025	-0.6750865744585719	19	7879
794	PEN	钢笔	675.810263157895	-0.6203283323434813	19	7397
795	TROUT	鳟鱼	942.3059999999999	0.4619309881709814	28	12044
797	TESTICLES	睾丸	789.7978048780486	-0.10858158539288988	17	9996
799	WRIST	手腕	718.0333333333334	-0.49443343854547733	16	2806
801	RIB	肋骨	782.01575	-0.23475895890238588	15	4720
809	TROUSERS	裤子	790.2365853658537	-0.3063678034777035	15	11331
810	LOCUST	蝗虫	682.4787179487178	-0.5020390399724446	21	10265
811	SOUL	灵魂	619.1162500000002	-0.7197139859437034	20	5327
812	SLAVE	奴隶	653.79	-0.579793546299326	13	3527
815	GOVERNMENT	政府	618.1636585365852	-0.7025533899733699	17	6914
817	THEY	他们	706.9605263157895	-0.5093759570183911	10	3159
818	WILLOW	柳树	700.255641025641	-0.46848396343737747	18	6980
82	ANGER	恼火	698.978292682927	-0.474914432577255	13	6842
820	LAMB	羊肉	672.5326829268291	-0.5563703159294039	12	4679
823	SORCERER	巫师	703.71	-0.4284500783561078	13	5111
824	WITCH	巫婆	714.1717073170731	-0.35750413561349564	18	5112
827	ROLL	滚	670.3352500000001	-0.5823996565096892	13	592
83	FORBID	禁止	668.7607692307694	-0.5710406815811501	17	9704
834	BUTTOCKS	屁股	705.2874999999999	-0.4333341225472621	15	5101
837	BLUE	蓝色	744.9664102564101	-0.4214226337094057	19	11314
84	JUST	刚才	679.5978571428574	-0.5405761804488208	9	10658
843	SPIDER	蜘蛛	672.7097435897437	-0.5858227573947618	26	10084
846	TIGER	老虎	727.716923076923	-0.42910062092756573	14	4693
849	SPRING (OF WATER)	来源	692.1535000000001	-0.4560561386245493	20	5280
853	ALTAR	祭坛	768.8168292682926	-0.2638975349138098	18	8775
857	STONE	石头	579.7126829268293	-0.847352192332885	10	3882
861	JUDGE	法官	618.9525641025641	-0.7240322342089563	16	6208
864	PUMPKIN	南瓜	604.3122500000002	-0.7663215964904945	14	6654
865	FAME	名誉	687.1761538461539	-0.4887976018536933	19	4261
868	BANANA	香蕉	626.9946341463414	-0.6976330170335635	24	7464
873	TAX	税收	771.1892500000001	-0.30336156677033943	18	9321
874	CANDY	糖果	685.7747500000002	-0.4551278675761763	24	10368
879	COUGH	咳嗽	730.7297500000001	-0.41701495833125113	23	6669
880	REPEAT	重复	602.1826315789475	-0.7488545152878653	18	7376
882	PARROT	鹦鹉	723.9590243902439	-0.32098347406216543	29	12060
883	TERMITE	白蚁	800.5642500000002	-0.12929939031894677	14	3859
885	OPPOSITE	相反	692.6285	-0.5898561066900756	13	7138
890	MULE	骡子	806.1245945945946	-0.044157153473881466	17	12030
892	TIME	时间	570.8151282051282	-0.8791986355107244	14	5253
893	TIN (METAL)	锡	798.2152777777776	-0.04656847196754575	13	972
895	TORTOISE	乌龟	655.8702439024391	-0.5851992966515898	11	10572
897	SWALLOW	吞	637.8205128205127	-0.6376937212443051	7	89
898	TRADE	贸易	736.2232500000001	-0.3018832466599438	17	11603
899	PRESIDENT	总统	627.6619047619048	-0.6830675224517582	18	5954
90	INNOCENT	纯情	775.198205128205	-0.1824794734450827	18	11114
900	TRAIN	火车	716.272142857143	-0.448033546783038	8	3003
905	BORING	枯燥	676.95925	-0.49200314668098927	26	6955
906	TREE	树	599.74975	-0.7539376017957692	9	271
908	DRUM	鼓声	766.4405714285715	-0.06937439687139213	20	9871
909	GARBAGE	垃圾	630.160487804878	-0.6697750273769323	14	5754
910	DEATH	死亡	686.4166666666667	-0.5455776748290878	9	4624
911	TEMPLE	庙	667.4735000000002	-0.5570551148567188	8	174
913	CROW	乌鸦	705.3582051282049	-0.48305260452546706	13	10573
915	SINK (BASIN)	盆	744.448157894737	-0.3644031765793108	9	289
919	CHILI PEPPER	辣椒	835.9159523809524	-0.11529003424740585	26	10107
92	SPOIL (SOMEBODY OR SOMETHING)	溺爱	691.8878947368421	-0.5116061308303969	23	9652
920	GRAPE	葡萄	749.0590000000001	-0.36174021541461254	23	9747
921	VALLEY	山谷	724.9611428571427	-0.39935410378829134	10	2255
923	LOVE	爱	628.0244999999998	-0.689710445842449	10	869
924	VEGETABLES	蔬菜	631.9911904761905	-0.6608932018013123	26	10262
926	RICE	米饭	659.579756097561	-0.5513036140710226	13	4668
928	EMBRACE	拥抱	594.856	-0.7787739760848523	16	6061
933	WALL (OF HOUSE)	墙壁	791.7687500000003	-0.2149646408648261	30	9892
939	HORN (INSTRUMENT)	喇叭	688.4738461538462	-0.4548807577088091	17	9016
940	STRAIN	滤	754.7948571428573	-0.31170878713466027	13	865
942	HONEY	蜂蜜	707.6151219512194	-0.35454152898623703	27	9755
943	WATERFALL	瀑布	735.4442105263158	-0.3459586406030848	23	10469
946	BLOOD	血	621.7247368421054	-0.7048122746795841	6	73
947	STREAM	溪	738.179268292683	-0.2937901961973437	13	590
951	WEAPONS	武器	635.4112499999999	-0.6763263511793492	24	6167
952	WEATHER	天气	646.9639999999997	-0.6386375920505825	8	2663
958	WILD ANIMAL	野兽	664.161219512195	-0.6615140538029947	22	8943
962	WOMAN	妇女	620.454358974359	-0.7552076403563448	9	10732
963	BOOK	图书	650.8374358974359	-0.6251605977557342	12	10706
965	WORLD	世界	607.1514634146342	-0.7741437587175511	14	3114
967	YEAST	发酵	697.80975	-0.37665738493453926	19	3359
969	CIGARETTE	香烟	736.5592499999999	-0.3904084415568595	19	7462
972	BE ABLE	能够	696.2905263157896	-0.4989743496561232	21	8128
973	NOODLE	面条	623.8024390243903	-0.7241771970256584	16	7418
974	TOBACCO	烟草	731.6804999999997	-0.32502599063156734	19	7944
975	SPINACH	菠菜	658.3436585365853	-0.6243403372057802	22	9387
978	WAVE	波浪	686.50875	-0.4887108090753025	18	6225
979	FARMER	农	726.2323076923077	-0.30911318315305897	6	55
98	ALL	全部	693.44575	-0.49853722340158785	16	4063
980	HEEL	脚跟	899.0027027027024	0.20271615454932188	24	8825
984	WORK (LABOUR)	劳动	689.1160000000001	-0.5681427405447994	13	4966
985	VINEGAR	醋	685.3694871794872	-0.45314102814395174	15	714
986	TOMATO	番茄	617.9504878048782	-0.707050095797108	20	9276
987	REMAIN	留下	684.2956410256411	-0.5321746128620469	13	7976
989	CLEAR	清楚	646.5023076923078	-0.651763496003187	24	8672
99	HUNCHBACK	驼背	833.4702631578948	0.006384386846450391	17	12011
991	FRY	煎	693.9652500000001	-0.4072594545436236	13	594
992	CLIFF	悬崖	773.8862499999998	-0.26562553485246426	22	10813
999	JOINT	关节	772.4918918918919	-0.17155450561932897	11	4088
