CONCEPTICON_ID	CONCEPTICON_GLOSS	POLISH	POLISH_FREQUENCY	POLISH_CD	POLISH_FREQUENCY_LOG	POLISH_CD_LOG	POLISH_POS	LINE_IN_SOURCE
1000	ANXIETY	zmartwienie	506	477	2.70500795933334	2.67942789661212	verb	13484
1002	STATUE	statua	161	117	2.20951501454263	2.07188200730613	subst	31624
1004	MUSCLE	mięsień	320	270	2.50650503240487	2.43296929087441	subst	19235
1006	BRICK	cegła	174	126	2.24303804868629	2.10380372095596	subst	29952
1007	COW	krowa	1122	743	3.05037975626146	2.87157293554588	subst	6935
1008	BULL	byk	587	373	2.76937732607614	2.57287160220048	subst	11952
1011	BRIDGE	most	2501	1292	3.3982873053574	3.11159852488039	subst	3438
1014	OR	albo	81725	21947	4.91236024331573	4.34139495152404	conj	136
1016	DRIZZLE	mżawka	30	24	1.49136169383427	1.39794000867204	subst	88777
1019	RIGHT	prawy	903	615	2.95616843047536	2.78958071216443	adj	8307
1024	CHARACTER	charakter	1728	1442	3.23779499327392	3.15926633109349	subst	4749
1025	WHISTLE	gwizdać	149	123	2.17609125905568	2.09342168516224	verb	33243
1030	NECESSARY	potrzebny	5795	4423	3.76312837679914	3.64581511829664	adj	1616
1038	TEACHER	nauczyciel	2070	1356	3.31618009889345	3.13257984765974	subst	4040
1045	POET	poeta	548	416	2.73957234445009	2.62013605497376	subst	12618
1046	SHUT	zamykać	730	663	2.86391737695786	2.82216807936802	verb	9944
1047	PURSUE	dążyć	214	204	2.33243845991561	2.31175386105575	verb	25918
1051	CAN	puszka	386	283	2.58771096501891	2.45331834004704	subst	16628
1052	LIGHT (WEIGHT)	lekki	805	717	2.90633504180509	2.8561244442423	adj	9173
1062	LAW	prawo	21452	10404	4.33148803276053	4.01724208454765	subst	486
1063	NEPHEW	siostrzeniec	491	358	2.69196510276736	2.55509444857832	subst	13788
1064	SHIELD	tarcza	420	274	2.62428209583567	2.43933269383026	subst	15621
1066	CRIME	przestępstwo	1996	1589	3.3003780648707	3.20139712432045	subst	4177
1068	COURT	sąd	3530	1979	3.5478977175631	3.29666519026153	subst	2517
1069	GLUE	kleić	25	25	1.41497334797082	1.41497334797082	verb	97590
1070	BUS	autobus	3273	1977	3.51507867507592	3.29622628726116	subst	2693
1077	WHEAT	pszenica	89	53	1.95424250943932	1.73239375982297	subst	46837
1079	FEEL	czuć	5494	4369	3.73996769675951	3.64048143697042	verb	1700
1085	FOLLOW	śledzić	1487	1251	3.17260293120986	3.09760432887441	verb	5435
1088	SINK (DESCEND)	tonąć	85	79	1.93449845124357	1.90308998699194	verb	48273
1095	LET GO OR SET FREE	uwalniać	49	49	1.69897000433602	1.69897000433602	verb	67698
1098	WEIGH	ważyć	173	161	2.2405492482826	2.20951501454263	verb	30144
110	MOTOR	motor	1088	589	3.03702787975578	2.77085201164214	subst	7123
1100	COOK (SOMETHING)	gotować	1566	1216	3.19506899646859	3.08529057823006	verb	5190
1104	NURSE	pielęgniarka	1206	940	3.08170727009735	2.97358962342726	subst	6516
1105	CAMP	pole	4210	2464	3.62438524142026	3.39181692361325	subst	2129
1111	CAR	samochód	23875	9123	4.37796157021964	3.96018527660461	subst	442
1116	DAMAGE	zniszczenie	1317	1126	3.11991541025799	3.05192391604611	verb	6046
1119	DIVIDE	dzielić	1925	1665	3.28465628278852	3.22167499707077	verb	4316
112	TURTLE	żółw	465	272	2.66838591669	2.43616264704076	subst	14390
1120	HONEST	szczery	3216	2555	3.50745106090197	3.40756084948636	adj	2750
1121	SECRET	tajemnica	2581	2080	3.4119562379304	3.31827208021163	subst	3347
1122	WAGES	pensja	287	265	2.45939248775923	2.42488163663107	subst	20864
1127	SEND	wysyłać	734	689	2.86628733908419	2.83884909073726	verb	9898
1128	ORDER	rozkaz	7429	3785	3.87098881376058	3.57818060962778	subst	1290
1133	MATCH	zapałka	52	43	1.72427586960079	1.64345267648619	subst	65444
1136	RABBIT	królik	1084	553	3.03542973818455	2.74350976472843	subst	7155
1142	URINE	mocz	529	416	2.72427586960079	2.62013605497376	subst	13004
1145	SWAMP	bagno	538	410	2.73158876518674	2.61384182187607	subst	12829
1147	PURE	czysty	3815	2984	3.58160836603206	3.47494433546539	adj	2321
1153	CATTLE	bydło	686	392	2.83695673705955	2.59439255037543	subst	10494
1156	OPEN	otwierać	1688	1320	3.22762964957101	3.12090281761453	verb	4828
1161	THREAD	nić	281	232	2.45024910831936	2.36735592102602	subst	21195
1162	INTENTION	intencja	55	44	1.7481880270062	1.65321251377534	subst	62787
1169	OX	wół	313	270	2.49692964807321	2.43296929087441	subst	19537
117	IMITATE	naśladować	339	304	2.53147891704225	2.48429983934679	verb	18404
1173	EYEBROW	brew	131	110	2.12057393120585	2.04532297878666	subst	36312
1182	NOISE	hałas	1903	1535	3.27966694404846	3.18639121569549	subst	4369
1183	PALM OF HAND	dłoń	2535	1900	3.40414924920969	3.27898211686544	subst	3401
119	DIVE	nurkować	232	162	2.36735592102602	2.21218760440396	verb	24392
1198	MANY	wiele	50966	19637	4.70728907106585	4.29309725569165	num	214
1199	WIFE	żona	19398	9104	4.28777934303974	3.95927995013094	subst	550
1200	HUSBAND	mąż	15763	7448	4.19766642619357	3.87209797427423	subst	667
1201	FEATHER	piórko	214	146	2.33243845991561	2.16731733474818	subst	25954
1202	BIG	wielki	18097	9913	4.25763058387716	3.99624891456913	adj	586
1203	LONG	długi	5057	3923	3.70397882500839	3.59372899870791	adj	1813
1206	BARKING	szczekać	157	136	2.19865708695442	2.13672056715641	verb	32201
1207	YOUNG	młody	9121	5754	3.96009006790492	3.76004532796581	adj	1076
1208	CAT	kot	3264	1689	3.51388318561109	3.22788670461367	subst	2699
121	SPIN	prząść	5	4	0.778151250383644	0.698970004336019	verb	210721
1210	HEAVY	ciężki	3145	2699	3.49775871828727	3.43136376415899	adj	2799
1213	YOU	ty	364322	27079	5.56148658946255	4.43264866001311	pron	27
1214	THIS	ten	210006	26942	5.32223377097538	4.43044595110885	adj	55
1216	MOTHER	matka	23301	10245	4.36739319792248	4.01055435154032	subst	450
1217	FATHER	ojciec	41463	13561	4.61767119583148	4.13232374004099	subst	264
1218	ROPE	lina	902	436	2.95568775031351	2.64048143697042	subst	8314
1219	WORM	robak	459	329	2.66275783168157	2.51851393987789	subst	14547
122	CART	wóz	4563	2506	3.65934563574618	3.39915433395822	subst	1987
1220	TAIL	ogon	1424	987	3.15381486434453	2.99475694458763	subst	5655
1221	NOSE	nos	4279	3034	3.63144376901317	3.48215869541128	subst	2093
1223	HEART	serce	19848	9568	4.2977386317328	3.98086655458208	subst	533
1224	LIVER	wątroba	498	334	2.69810054562339	2.52504480703685	subst	13660
1225	DAY (NOT NIGHT)	dzień	69565	20037	4.84239703242377	4.30185437226959	subst	159
1226	YEAR	rok	14927	8693	4.17400162640242	3.93921963585482	subst	697
1227	BOARD	deska	450	333	2.65417654187796	2.52374646681156	subst	14730
1228	EARTH (SOIL)	ziemia	5105	3133	3.70808081046823	3.49609899213257	subst	1799
1229	OLD	stary	43335	13374	4.63684882257915	4.12629379069327	adj	252
1230	DIRTY	brudny	1238	1014	3.09307130637606	3.00646604224923	adj	6353
1231	NEW	nowy	24249	13038	4.38471174293828	4.11524428532725	adj	436
1233	NIGHT	noc	27252	13140	4.43541431621753	4.1186284152966	subst	400
1234	SMOOTH	gładki	141	117	2.15228834438306	2.07188200730613	adj	34502
1237	WHERE	gdzie	207291	26425	5.31658254173256	4.42203143065362	qub	57
1238	WHEN	kiedy	196488	25600	5.29333824238056	4.40825692960872	conj	60
1239	HOW	jak	780863	27617	5.89257540110814	4.44119222527762	conj	14
1245	BUTTER	masło	987	752	2.99475694458763	2.8767949762007	subst	7725
1246	SMALL	mały	25889	12452	4.41313205043487	4.09527398809818	adj	413
1247	EAR	ucho	1541	1106	3.18808437371494	3.04414762087872	subst	5266
1248	EYE	oko	7487	4870	3.87436583573005	3.68761812957177	subst	1280
1251	BELLY	brzuch	1995	1601	3.30016053695135	3.20466251174822	subst	4179
1254	HANDLE	uchwyt	216	187	2.33645973384853	2.27415784926368	subst	25774
1255	SNOWING	śnieżyć	8	6	0.954242509439325	0.845098040014257	verb	176203
1261	SING	śpiewać	2814	1733	3.44947839918736	3.23904909314019	verb	3073
1262	BROTHER	brat	15772	6998	4.19791430331842	3.84503599351341	subst	666
1263	SISTER	siostra	11210	5384	4.0496443525693	3.731185707634	subst	897
1264	CHANGE	zmienić	11547	7788	4.06250677520868	3.89148170383952	verb	872
1265	HIGH	wysoki	7297	2888	3.86320385902863	3.4607475418442	adj	1310
1267	NARROW	wąski	133	114	2.12710479836481	2.06069784035361	adj	36082
1269	NO	nie	3831292	27705	6.58334536613536	4.44257382988463	qub	1
127	EXTINGUISH	gasić	138	119	2.14301480025409	2.07918124604762	verb	35028
1270	WHY	dlaczego	170888	24402	5.23271410840212	4.38744321991893	qub	72
1271	DELIGHT	zadowalać	63	59	1.80617997398389	1.77815125038364	verb	58201
1272	AUNT	ciotka	1348	862	3.1300119496719	2.93601079571521	subst	5926
1273	CANDLE	świeczka	99	88	2	1.94939000664491	subst	43779
1274	SALT	sól	946	683	2.97634997900327	2.83505610172012	subst	7991
1277	HAND	ręka	3639	2732	3.56110138364906	3.43663963169266	subst	2452
1278	VOMIT	wymiotować	251	223	2.40140054078154	2.35024801833416	verb	23097
1279	FAT (OBESE)	gruby	2004	1301	3.3021143769562	3.11461098423217	adj	4162
1280	FALL	upaść	452	403	2.65609820201283	2.60638136511061	verb	14709
1281	PRISON	więzienie	2220	1575	3.34654855854847	3.19755621315354	verb	3802
1283	TODAY	dzisiaj	45283	16004	4.65594478172265	4.20425567848015	qub	242
1284	BANK	bank	4234	2020	3.62685341466673	3.3055663135153	subst	2115
1285	IMPORTANT	ważny	3422	2875	3.53440689913788	3.45878888171084	adj	2593
1287	COLD	zimno	6076	4001	3.78368923634732	3.60227708430019	adv	1535
1289	BABY	niemowlę	360	290	2.55750720190566	2.46389298898591	subst	17530
129	CHOKE	dusić	223	212	2.35024801833416	2.32837960343874	verb	25112
1290	ELEPHANT	słoń	613	375	2.78816837114117	2.57518784492766	subst	11524
1291	BACK	plecy	3449	2629	3.53781909507327	3.41995574848976	subst	2577
1294	ZERO	zero	4449	2473	3.64836001098093	3.3933996952931	subst	2020
1295	STICK	kij	1501	978	3.17666993266815	2.99078269180314	subst	5389
1297	LEG	noga	2499	1757	3.39794000867204	3.24501887073775	subst	3442
1298	NEWSPAPER	gazeta	849	659	2.92941892571429	2.81954393554187	subst	8763
1301	FOOT	stopa	1111	838	3.04610478724604	2.9237619608287	subst	6994
1302	FORK	widelec	371	283	2.5705429398819	2.45331834004704	subst	17172
1303	FINGER	palec	3041	2078	3.48315920971698	3.31785448933147	subst	2877
1307	LANGUAGE	język	4635	3493	3.66614342729156	3.54332290064691	subst	1965
1309	ASK (INQUIRE)	pytać	2594	2306	3.41413736218448	3.36304759452109	verb	3330
131	FESTIVAL	zabawa	5839	4398	3.7664128471124	3.64335396197686	subst	1602
1310	CLEVER	pojętny	34	32	1.54406804435028	1.51851393987789	adj	83172
1311	VERY	bardzo	195046	26020	5.29013927485563	4.41532398269969	adv	61
1312	FOX	lis	649	367	2.81291335664286	2.56584781867352	subst	11025
1313	MOON	księżyc	3156	1638	3.49927458189222	3.2145789535705	subst	2792
1314	QUIET	cichy	1074	855	3.03140846425162	2.93247376467715	adj	7205
1315	RADIO	radio	4169	2445	3.62013605497376	3.38845645270027	subst	2146
1316	TENT	namiot	765	508	2.8842287696326	2.70671778233676	subst	9538
1318	CHICKEN	kurczak	1644	1120	3.21616590228599	3.04960561259497	subst	4958
132	SAUCE	sos	1670	1120	3.22297644989339	3.04960561259497	subst	4880
1320	APPLE	jabłko	1166	899	3.06707085604537	2.95424250943932	subst	6713
1321	BOTTLE	butelka	997	831	2.99913054128737	2.92012332629072	subst	7658
1322	BREAKFAST	śniadanie	5787	4006	3.762528522447	3.6028193424327	verb	1620
1323	CLOCK	zegar	1650	1143	3.21774707326279	3.05842602445701	subst	4937
1325	FRIEND	przyjaciel	12811	7835	4.10761692999178	3.8940944273227	subst	785
1327	UNCLE	wujek	4914	2608	3.69152352216815	3.41647407910022	subst	1865
1329	TOMORROW	jutro	40348	15771	4.60583277574053	4.19788676840119	adv	272
133	WEAVE	tkać	24	22	1.39794000867204	1.36172783601759	verb	100908
1330	DEFEND	bronić	3197	2471	3.50487845941022	3.39304846641678	verb	2764
1331	SHEEP	owca	361	259	2.55870857053317	2.41497334797082	subst	17503
1333	NECK	szyja	416	373	2.62013605497376	2.57287160220048	subst	15731
1335	WHITE	biały	5106	3079	3.70816585785554	3.48855071650044	adj	1798
1336	EAT	jeść	8097	5553	3.90837777243239	3.74460587541424	verb	1191
1339	MORNING	poranek	1171	1023	3.06892761168207	3.01029995663981	subst	6682
134	FAULT	wina	21218	11727	4.32672491280211	4.06922395729705	subst	490
1340	WITH	z	1360803	27679	6.13379557718842	4.44216608578472	prep	7
1342	SUMMER	lato	2236	1520	3.34966598409663	3.182129214053	subst	3783
1343	SUN	słońce	5861	3686	3.76804581410242	3.56667313760612	subst	1592
1346	THROAT	gardło	2247	1716	3.35179630689702	3.23477029516092	subst	3768
1349	CHURCH	kościół	2797	1381	3.44684771015581	3.14050804303818	subst	3093
1350	MONKEY	małpa	1303	765	3.1152775913959	2.8842287696326	subst	6105
1352	KNIFE	nóż	4352	2606	3.6387886671574	3.41614103116833	subst	2062
1356	NUMBER	numer	22935	10304	4.36051767993843	4.01304799611523	subst	457
1357	DAUGHTER	córka	10824	5915	4.0344279050254	3.77202816532485	subst	928
1359	SEPARATE	osobny	84	76	1.92941892571429	1.88649072517248	adj	48526
136	HERE	tu	367989	26959	5.56583601703268	4.43071988786328	qub	25
1360	DUCK	kaczka	697	435	2.84385542262316	2.63948648926859	subst	10335
1361	TOOL	narzędzie	1092	846	3.0386201619497	2.92788341033071	subst	7094
1362	STREET	ulica	1446	1128	3.16046853111904	3.05269394192497	subst	5567
1363	VOICE	głos	9553	5771	3.98018523694734	3.76132632242146	subst	1038
1364	HEALTHY	zdrowy	2224	1807	3.34733001531695	3.25719842613934	adj	3799
1365	KITCHEN	kuchnia	1323	1115	3.12188798510368	3.04766419460156	subst	6013
1366	BOY	chłopiec	7325	4217	3.86486691432853	3.62510657540347	subst	1307
1367	CROSS	krzyż	1141	737	3.05766610390983	2.86805636182304	subst	6836
1368	BREAD	chleb	1986	1358	3.29819786710982	3.13321945673249	subst	4193
1369	GOLD	złoto	3579	1425	3.55388302664387	3.15411952551585	adv	2495
1370	MONTH	miesiąc	7506	5252	3.87546641586639	3.72040740080311	subst	1275
1371	KNEE	kolano	985	723	2.99387691494121	2.85973856619715	subst	7739
1372	MEDICINE	narkotyk	668	474	2.82542611776782	2.67669360962487	subst	10734
1373	TEA	herbata	1356	1033	3.13257984765974	3.01452053875792	subst	5889
1374	RING	pierścień	2084	683	3.31910605930978	2.83505610172012	subst	4015
1375	WINDOW	okno	6019	4132	3.77959649125782	3.61626540528171	subst	1548
1376	NOW	teraz	264378	27209	5.42222695555519	4.43472854177976	qub	43
1378	SPOON	łyżka	209	156	2.32221929473392	2.19589965240923	subst	26415
1379	TELEPHONE	telefon	20908	9990	4.32033326261839	3.99960895897142	subst	498
1380	TOOTH	zęby	4028	2998	3.60519726738838	3.47697646575953	subst	2217
1381	SHOE	but	3659	1384	3.56348108539441	3.14144977340047	subst	2436
1382	NEEDLE (FOR SEWING)	igła	352	301	2.54777470538782	2.48000694295715	subst	17861
1384	SECOND	drugi	12360	8266	4.09205360642548	3.91734793762777	adj	814
1386	LION	lew	1126	611	3.05192391604611	2.78675142214556	subst	6917
1387	ARRIVE	przybywać	101	84	2.00860017176192	1.92941892571429	verb	43086
1390	WRONG	błędny	144	134	2.16136800223497	2.13033376849501	adj	33970
1391	TOWN	miasteczko	1142	853	3.05804623039528	2.931457870689	subst	6827
1394	BONE	kość	1666	1256	3.22193559982801	3.09933527768596	subst	4889
1396	SHARP	ostry	1588	1321	3.20112389720738	3.12123145514962	adj	5120
1398	DRY	suchy	485	399	2.68663626926229	2.60205999132796	adj	13907
1399	CLAY	glina	1903	1196	3.27966694404846	3.07809415040641	subst	4368
1400	THIN (SLIM)	szczupły	174	159	2.24303804868629	2.20411998265593	adj	30021
1401	DRINK	pić	4859	3625	3.68663626926229	3.55942779975949	verb	1884
1403	BITE	gryźć	248	220	2.39619934709574	2.34439227368511	verb	23264
1404	STRAIGHT	prosty	1733	1471	3.23904909314019	3.16790781000148	adj	4734
1407	BREATHE	oddychać	2915	2224	3.46478751964594	3.34733001531695	verb	2979
1408	HEAR	słyszeć	4706	3916	3.6727441983066	3.59295357154787	verb	1937
1412	RUDE	niegrzeczny	1378	1118	3.13956426617585	3.04883008652835	adj	5808
1414	SQUEEZE	ściskać	123	117	2.09342168516224	2.07188200730613	verb	38032
1416	SIT	siedzieć	6651	5206	3.82295224054748	3.71658757767569	verb	1425
1417	KILL	zabić	30434	12520	4.48337330608903	4.09763901554684	verb	359
1418	DIG	kopać	1174	869	3.07003786660776	2.93951925261862	verb	6668
1422	BE ALIVE	żyć	17876	10316	4.25229464014445	4.01355343054168	verb	593
1425	GREEN	zielony	1685	1241	3.22685757028872	3.09412159584056	adj	4838
1426	EXPENSIVE	drogi	21649	11418	4.33545790068938	4.05762807295557	subst	479
1427	BEAUTIFUL	piękny	8016	5480	3.90401188359739	3.7388598020722	adj	1205
1429	FULL	pełny	1733	1496	3.23904909314019	3.17522180034305	adj	4733
1430	STAR	gwiazda	2931	1938	3.46716396596909	3.28757780907871	subst	2967
1432	CUT	ciąć	354	294	2.55022835305509	2.46982201597816	verb	17761
1433	HIT	uderzyć	2279	1876	3.35793484700045	3.27346427262135	verb	3732
1435	HUNT	polować	787	610	2.89652621748956	2.78604121024255	verb	9347
1437	SPLIT	rozdzielić	1075	941	3.03181227133037	2.97405090279288	verb	7204
1439	SWIM	pływanie	305	259	2.48572142648158	2.41497334797082	subst	19927
144	MACHINE	maszyna	2291	1592	3.36021461329535	3.20221577580113	subst	3708
1441	FLY (MOVE THROUGH AIR)	latać	2785	1714	3.44498111208794	3.23426412437879	verb	3103
1443	WALK	chodzić	6214	4718	3.79344113297766	3.67384997734295	verb	1510
1446	COME	przyjść	9016	6421	3.95506206967503	3.80767030123048	verb	1084
1447	GIVE	dać	22042	12893	4.3432707006508	4.11038766587509	verb	471
1448	HOLD	trzymać	10981	7826	4.04068143937336	3.89359533381988	verb	913
1450	ROOM	pokój	16140	8679	4.20793043751297	3.93851972517649	subst	648
1452	PUSH	pchać	396	342	2.59879050676312	2.53529412004277	verb	16312
1453	WASH	myć	459	416	2.66275783168157	2.62013605497376	verb	14537
1454	WIPE	wycierać	101	96	2.00860017176192	1.98677173426624	verb	43159
1455	PULL	ciągnąć	1211	1010	3.08350261983027	3.004751155591	verb	6488
1456	THROW	wyrzucać	340	319	2.5327543789925	2.50514997831991	verb	18383
1457	SEW	szyć	176	155	2.24797326636181	2.19312459835446	verb	29797
1460	IN	do	1051055	27668	6.02162585574573	4.44199346335744	prep	11
1461	AT	przy	68809	22036	4.83765155784639	4.34315247166226	prep	161
1463	DRUNK	pijany	3886	2621	3.58961454063127	3.41863268735407	adj	2287
1464	LADDER	drabina	250	193	2.39967372148104	2.28780172993023	subst	23121
1465	BOX	pudełko	2095	1423	3.32139127831169	3.15350998930084	subst	3997
1466	EXACT	dokładny	654	599	2.81624129999178	2.77815125038364	adj	10949
1468	LOOK FOR	szukać	7493	5652	3.87471368875778	3.75227898546012	verb	1278
1469	WEEK	tydzień	13374	8339	4.12629379069327	3.92116605063774	subst	759
1471	WINTER	zima	764	570	2.88366143515362	2.75663610824585	subst	9562
1472	KEY	klucz	7038	3861	3.84751096520325	3.58681226944338	subst	1345
1474	SEA	morze	2751	1737	3.43964842956347	3.24004977211265	subst	3149
1475	COMB	grzebień	221	160	2.34635297445064	2.20682587603185	subst	25277
1476	CHAIR	krzesło	1870	1344	3.27207378750001	3.12872228433843	subst	4429
1477	KEEP	zachować	4338	3609	3.63738965012921	3.55750720190566	verb	2070
1478	WITHOUT	bez	96463	24353	4.98436526652128	4.38657030170093	prep	114
1480	BODY	ciało	16781	8481	4.22484371675517	3.92849826812369	subst	629
1481	HAMMER	młotek	544	371	2.73639650227664	2.5705429398819	subst	12700
1482	SHOULDER	bark	177	140	2.25042000230889	2.14921911265538	subst	29583
1484	OIL (ORGANIC SUBSTANCE)	olej	1297	976	3.11327469246435	2.98989456371877	subst	6124
1485	BELOW OR UNDER	pod	60071	21060	4.77867209131983	4.32347898813016	prep	189
1487	POUR	nalewać	50	41	1.70757017609794	1.6232492903979	verb	66549
1489	CLOUD	chmura	456	328	2.65991620006985	2.51719589794997	subst	14592
1490	RAT	szczur	1264	778	3.10209052551184	2.89153745767256	subst	6236
1491	MOUSE	mysz	990	549	2.99607365448528	2.74036268949424	subst	7709
1492	DUMB	tępy	413	365	2.6170003411209	2.56348108539441	adj	15826
1493	ONE	jeden	61050	20910	4.78569278197337	4.32037480202367	adj	187
1494	DIE	umrzeć	9923	6126	3.99668675560017	3.78724788033195	verb	1001
1495	HAPPY	szczęśliwy	9307	6002	3.96885637461469	3.77836834335587	adj	1057
1499	JUICE	sok	1720	1218	3.23578087032756	3.08600370561838	subst	4766
150	WORRY	martwić	7676	5879	3.88519154060685	3.76937732607614	verb	1254
1501	BORE	wiercić	231	190	2.3654879848909	2.28103336724773	verb	24497
1502	GOAT	koza	305	196	2.48572142648158	2.29446622616159	subst	19909
1504	FLY (INSECT)	mucha	459	312	2.66275783168157	2.49554433754645	subst	14536
1506	MEASURE	miara	75	72	1.88081359228079	1.86332286012046	subst	52067
1507	FRUIT	owoc	661	514	2.8208579894397	2.71180722904119	subst	10848
1508	KING	król	6321	2300	3.80085449150356	3.36191661866864	subst	1486
1514	HEN	kura	303	247	2.48287358360875	2.39445168082622	subst	20000
1518	STUPID	głupi	12166	7874	4.08518350805278	3.89625056246164	adj	827
1519	RUN	biegać	1195	999	3.07773117965239	3	verb	6558
1522	SOCK	skarpetka	46	37	1.67209785793572	1.57978359661681	subst	70121
1523	FORGET	zapominać	405	386	2.60852603357719	2.58771096501891	verb	16063
1524	WINE	wino	4185	2614	3.62179922400267	3.41747169320329	subst	2141
1526	MEAL	posiłek	1913	1609	3.28194193344082	3.20682587603185	subst	4352
1528	FORGIVE	wybaczać	197	174	2.29666519026153	2.24303804868629	verb	27459
153	GREY	szary	572	404	2.75815462196739	2.60745502321467	adj	12221
1530	BOWL	miska	279	216	2.44715803134222	2.33645973384853	subst	21313
1532	SHEAR	golić	199	182	2.30102999566398	2.26245108973043	verb	27218
1533	BE HUNGRY	głodny	5803	4212	3.7637274037657	3.62459145912685	adj	1612
1534	FEVER	gorączka	790	611	2.89817648349768	2.78675142214556	subst	9317
1535	SWORD	miecz	3829	1354	3.58319877396862	3.13193929521042	subst	2314
1536	UNDERSTAND	rozumieć	1780	1564	3.25066391946324	3.19451434188247	verb	4638
1539	BASKET	kosz	655	499	2.81690383937566	2.69897000433602	subst	10935
1543	SNAIL	ślimak	141	97	2.15228834438306	1.99122607569249	subst	34667
1544	SOMETIMES	czasem	17773	10017	4.24978517583225	4.0007810273535	qub	596
1546	TWICE	dwukrotnie	1193	1059	3.07700432679335	3.02530586526477	adv	6564
1547	SOUP	zupa	941	691	2.97405090279288	2.84010609445676	subst	8030
1548	UGLY	brzydki	1037	798	3.01619735351244	2.90254677931399	adj	7425
1553	MALE	samiec	438	280	2.64246452024212	2.44870631990508	subst	15082
1554	MAN	mężczyzna	10140	6064	4.00608078271609	3.78283080520259	subst	985
1558	SIMILAR	podobny	2352	2014	3.37162192717602	3.30427505047713	adj	3623
1559	MONEY	pieniądze	35593	11441	4.55137679610481	4.05850194342965	subst	306
156	RED	czerwony	3952	2480	3.59692681434297	3.39462676427221	adj	2255
1560	FACE	twarz	16126	9544	4.20755358594931	3.97977593272969	subst	650
1561	ARMY	armia	3183	1754	3.50297305906563	3.24427712080184	subst	2773
1562	MIND	umysł	4907	3356	3.69090455405497	3.52595134124801	subst	1869
1564	LAZY	leniwy	541	468	2.73399928653839	2.67117284271508	adj	12766
1566	GUN	pistolet	4826	2652	3.68367729881869	3.42373724998233	subst	1899
1567	DOOR	drzwi	31066	13220	4.49229931742136	4.12126430522958	subst	348
1568	ARRANGE	ustalać	107	101	2.03342375548695	2.00860017176192	verb	41623
1569	CHEESE	ser	1784	1245	3.25163822044821	3.09551804232315	subst	4623
1570	EQUAL	identyczny	247	227	2.39445168082622	2.35793484700045	adj	23348
1571	SELL	sprzedawać	1465	1194	3.16613397030511	3.07736790528416	verb	5507
1577	AND	i	1460952	27711	6.16463624456607	4.44266787033725	conj	6
1580	ONLY	tylko	362333	27411	5.55910908843578	4.43794072314536	qub	28
1583	BRAIN	mózg	5353	3364	3.72867836685091	3.52698506856	subst	1737
1584	BLISTER	pęcherz	271	223	2.4345689040342	2.35024801833416	subst	21790
1585	SLEEP	spać	13508	7898	4.1306232016826	3.89757211382573	verb	756
1586	SMELL (PERCEIVE)	śmierdzieć	195	189	2.29225607135648	2.27875360095283	verb	27689
1587	SMELL (STINK)	cuchnąć	52	52	1.72427586960079	1.72427586960079	verb	64823
1590	WAIT (FOR)	czekać	11681	8135	4.06751720190368	3.91041093991469	verb	858
1594	FLOUR	mąka	136	108	2.13672056715641	2.03742649794062	subst	35414
1595	SOUTH	południe	4202	2856	3.62355939000544	3.45591024038274	subst	2131
1597	AIRPLANE	samolot	7178	3283	3.8560639533331	3.5164031484474	subst	1324
1598	NORTH	północ	3729	2464	3.57170883180869	3.39181692361325	subst	2388
1599	WORD	słowo	14161	8581	4.15112459005068	3.93358851019665	subst	726
1600	SKIRT	spódnica	156	137	2.19589965240923	2.13987908640124	subst	32358
1601	WEAK	słaby	2880	2353	3.45954325828041	3.37180645850742	adj	3005
1606	INSIDE	w	1779688	27709	6.25034411613782	4.44263652578223	prep	4
1607	HATE	nienawidzić	994	870	2.99782308074573	2.94001815500766	verb	7684
1608	LISTEN	słuchać	7737	5853	3.88862872538523	3.76745271809777	verb	1243
1609	IDEA	pomysł	27675	13850	4.44210332193146	4.1414811292708	subst	390
161	MISS (A TARGET)	chybić	63	57	1.80617997398389	1.76342799356294	verb	57753
1612	LETTER	list	8682	4238	3.93866980102268	3.62726341656822	subst	1117
1613	COLOR	kolor	3927	2904	3.59417147911491	3.46314613672635	subst	2267
1616	CLOTH	materiał	2617	1857	3.41796964221474	3.26904570965762	subst	3308
1620	SON	syn	15973	7460	4.20341368009645	3.8727970399896	subst	662
1622	SHIRT	koszula	1031	841	3.01367969729119	2.92531209149965	subst	7462
1623	SPEAK	mówić	31311	15312	4.49571080831393	4.18506028252139	verb	345
1626	EXPLAIN	tłumaczyć	1357	1256	3.13289976994448	3.09933527768596	verb	5888
1628	SQUIRREL	wiewiórka	342	233	2.53529412004277	2.36921585741014	subst	18297
1629	EVENING	wieczór	17442	8629	4.24162118079142	3.93601079571521	subst	606
163	BLACK	czarny	5364	3026	3.72956972630197	3.48101242095657	adj	1733
1631	FAST	szybko	47629	18376	4.67788058151159	4.26427461533158	adv	229
1632	FLOOR	podłoga	462	414	2.66558099101795	2.61804809671209	subst	14445
1633	FLAT	płaski	260	222	2.41664050733828	2.34830486304816	adj	22445
1635	OBEY	przestrzegać	650	595	2.81358098856819	2.77524625974024	verb	11013
1639	BEER	piwo	6740	3938	3.82872432713879	3.59538598080914	subst	1414
164	KANGAROO	kangur	99	64	2	1.81291335664286	subst	43546
1641	SILK	jedwab	359	283	2.55630250076729	2.45331834004704	subst	17562
1643	COUSIN	kuzyn	2150	1419	3.33264041038746	3.15228834438306	subst	3902
1645	SHORT	krótki	1304	1139	3.1156105116743	3.05690485133647	adj	6099
1646	GIRL	dziewczyna	22522	10859	4.3526262368308	4.03582982525283	subst	462
1650	WATCH	oglądać	5348	4139	3.72827259789502	3.6170003411209	verb	1739
1651	TEAR (OF EYE)	łza	287	244	2.45939248775923	2.38916608436453	subst	20888
1652	INSTEAD	zamiast	10895	7875	4.03726709456871	3.89630570746608	prep	917
1654	LIGHTNING	błyskawica	484	321	2.68574173860226	2.50785587169583	subst	13914
1656	NEVER	nigdy	143381	25606	5.15649463395841	4.40835870147652	qub	82
1657	TRUE	prawdziwy	10345	7178	4.01477247407306	3.8560639533331	adj	963
1659	DOLL	lalka	744	462	2.87215627274829	2.66558099101795	subst	9784
1663	BED	łóżko	3428	2479	3.53516748511494	3.39445168082622	subst	2590
1665	BEAT	bić	2799	2039	3.44715803134222	3.3096301674259	verb	3090
1667	HOLE	dziura	1496	1146	3.17522180034305	3.05956341790127	subst	5403
1668	GRIEF	smutek	1402	1088	3.14705767102836	3.03702787975578	subst	5730
167	MAIL	poczta	1070	856	3.02978947083186	2.9329808219232	subst	7226
1671	TOWER	wieża	1017	631	3.00774777800074	2.80071707828239	subst	7544
1672	WRITE	pisać	3680	2443	3.56596581744667	3.38810120157052	verb	2418
1673	ARM	ramię	3374	2310	3.52827377716704	3.36379994547911	subst	2626
1674	POOR	biedny	3827	2879	3.58297192910481	3.45939248775923	adj	2316
1675	PROMISE	obiecywać	66	63	1.82607480270083	1.80617997398389	verb	56316
1676	ALWAYS	zawsze	103927	24279	5.01673256976368	4.38524868240322	qub	106
1678	HUT	chatka	132	99	2.12385164096709	2	subst	36118
1680	HELMET	hełm	592	376	2.77305469336426	2.57634135020579	subst	11874
1681	WAIST	pas	2279	1568	3.35793484700045	3.19562294358694	subst	3731
1682	GUILTY	winny	4284	3014	3.63195082625922	3.47928731647617	adj	2090
1683	BUSH	krzak	167	134	2.22530928172586	2.13033376849501	subst	30820
1685	AFTER	po	353255	27345	5.54808954700966	4.43689380946385	prep	30
1686	BEHIND	za	465685	27492	5.66809318185771	4.43922213207187	prep	19
1689	SMOKE (INHALE)	palić	1951	1551	3.29047981333067	3.19089171692217	verb	4254
169	IT	to	2865227	27717	6.45715918658336	4.44276189043112	subst	2
1690	FENCE	płot	439	341	2.64345267648619	2.53402610605613	subst	15046
1691	FLEXIBLE	giętki	59	47	1.77815125038364	1.68124123737559	adj	60161
1693	THURSDAY	czwartek	2287	1612	3.35945602012099	3.20763436738896	subst	3717
1695	TUESDAY	wtorek	2330	1686	3.36754227352058	3.22711508258913	subst	3657
1697	MONDAY	poniedziałek	3030	2099	3.48158593636762	3.32221929473392	subst	2884
1698	CURVED	wygięty	34	32	1.54406804435028	1.51851393987789	verb	83683
1700	SATURDAY	sobota	893	721	2.95133751879592	2.85853719756964	subst	8386
1702	HOLY	święty	3308	1996	3.51969676715985	3.3003780648707	adj	2672
1711	TELL	powiedzieć	88535	22369	4.94711989693841	4.34966598409663	verb	126
1720	SIGN	znak	6741	4650	3.82878874818495	3.66754633951152	subst	1413
1725	CORRECT (RIGHT)	poprawny	148	125	2.17318626841227	2.10037054511756	adj	33442
1726	WET	mokry	666	583	2.82412583391655	2.7664128471124	adj	10764
1730	CHEEK	policzek	575	499	2.76042248342321	2.69897000433602	subst	12158
1732	SKY	niebo	4539	3052	3.6570558528571	3.48472680429866	subst	1997
1735	TEAR (SHRED)	drzeć	130	127	2.11727129565576	2.10720996964787	verb	36506
174	PROUD	dumny	5856	4336	3.76767522402796	3.63718942214876	adj	1594
1741	ABOVE	przez	174176	26456	5.24099080605304	4.42254059732273	prep	69
1745	HIP	biodro	269	219	2.43136376415899	2.34242268082221	subst	21872
1747	CUSTOM	tradycja	1186	909	3.07445071895459	2.95904139232109	subst	6595
1749	TAKE	brać	5878	4472	3.76930346018908	3.65059889817266	subst	1587
1752	LEAVE	wyruszyć	644	554	2.80955971463527	2.74429298312268	verb	11093
1753	TOP	dach	2448	1815	3.38898878512471	3.25911584418507	subst	3496
1757	TIRED	zmęczony	4659	3464	3.66838591669	3.53970323894783	adj	1952
176	BLOW (WITH MOUTH)	dmuchać	186	167	2.2718416065365	2.22530928172586	verb	28554
1763	CLUB	klub	3209	1935	3.50650503240487	3.28690535297237	subst	2757
1766	FINISH	skończyć	7554	5819	3.87823446867504	3.76492298464989	verb	1271
1773	GRAVE	grób	1417	1114	3.15167623084705	3.04727486738418	subst	5678
1776	SHAME	wstyd	3417	2737	3.53377205838472	3.43743344379797	subst	2595
1781	THUMB	kciuk	533	362	2.72754125702856	2.55990662503611	subst	12925
1782	GUEST	gość	10050	5984	4.00220927298801	3.77706415474243	subst	993
1783	PAIN	ból	8567	5369	3.9328794578238	3.72997428569956	subst	1134
1784	WANT	chcieć	2608	2233	3.41647407910022	3.34908316877959	verb	3313
1786	DRY UP	suszyć	46	42	1.67209785793572	1.63346845557959	verb	70173
1788	TELEVISION	telewizor	2162	1531	3.33505651943909	3.18525876529659	subst	3878
1789	AGE	wiek	2840	2264	3.45347123372294	3.35506820634885	subst	3042
1791	BUTTERFLY	motyl	320	203	2.50650503240487	2.3096301674259	subst	19236
1793	BAT	nietoperz	319	216	2.50514997831991	2.33645973384853	subst	19280
1803	WOOD	drewno	905	696	2.95712819767681	2.84323277809801	subst	8281
1810	DANGER	niebezpieczeństwo	2255	1832	3.3533390953113	3.26316246496222	subst	3760
1811	SOUND OR NOISE	odgłos	650	508	2.81358098856819	2.70671778233676	subst	11011
1812	TRY	próbować	2177	1941	3.33805787541976	3.28824922557199	verb	3863
1814	ACCUSE	oskarżać	326	308	2.51454775266029	2.48995847942483	verb	18972
1817	WEST	zachód	3121	2097	3.4944328987264	3.32180548385754	subst	2813
1819	LOOK	patrzeć	7585	5787	3.88001283836677	3.762528522447	verb	1264
1820	BEAR	niedźwiedź	1096	549	3.04020662757471	2.74036268949424	subst	7079
1821	BRUSH	szczotka	110	91	2.04532297878666	1.96378782734556	subst	40872
1823	BORROW	pożyczać	188	170	2.27646180417324	2.23299611039215	verb	28379
1826	ANGRY	zły	15560	9441	4.19203750271325	3.97506399609524	adj	677
1827	HARVEST CROPS	zbierać	1774	1545	3.24919835739111	3.18920948958231	verb	4650
1829	JUMP	skakać	960	779	2.98272338766855	2.89209460269048	verb	7906
1833	DINNER (SUPPER)	kolacja	2639	2035	3.42160392686983	3.30877777366472	subst	3275
1839	CRY	łkać	13	13	1.14612803567824	1.14612803567824	verb	139459
1840	BUILD	budować	856	720	2.9329808219232	2.85793526471943	verb	8704
1841	SUSPECT	podejrzewać	660	623	2.82020145948564	2.79518458968242	verb	10868
1844	BOAT	łódź	4552	1878	3.65829765030819	3.27392678010053	subst	1991
1845	BALL	kula	2768	1728	3.44232295574557	3.23779499327392	subst	3132
1846	RULE	zasada	2621	1759	3.41863268735407	3.24551266781415	subst	3303
1847	SICK	chory	6919	4502	3.84010609445676	3.65350194696293	adj	1379
1849	ROW	wiosłować	196	111	2.29446622616159	2.04921802267018	verb	27567
1850	COTTON	bawełna	116	88	2.06818586174616	1.94939000664491	subst	39347
1852	OFTEN	często	11309	7669	4.05346260492546	3.88479536394898	adv	889
1856	SOFT	miękki	621	539	2.79379038469082	2.73239375982297	adj	11385
1857	CROCODILE	krokodyl	212	107	2.32837960343874	2.03342375548695	subst	26105
1863	AMAZING	niesamowity	2776	2263	3.44357587975026	3.35487642251623	adj	3121
1867	COIN	moneta	331	216	2.52113808370404	2.33645973384853	subst	18708
1869	BUY	kupować	1180	1040	3.07224989761351	3.01745072951054	verb	6632
1879	DANCE	tańczyć	3607	2116	3.5572665288699	3.32572085801941	verb	2476
1881	ENOUGH	wystarczy	23981	13389	4.37988539864375	4.12678057701201	verb	439
1882	BEFORE	przed	73598	22710	4.86687191355717	4.35623625728977	prep	150
1884	HARD	twardy	2415	1950	3.38309692994909	3.29025726939452	adj	3538
1887	CHEAP	tani	719	617	2.85733249643127	2.79098847508882	adj	10074
1888	PAIR	para	3509	2689	3.54530711646582	3.42975228000241	subst	2533
1890	BELIEVE	wierzyć	6141	4646	3.78830981210705	3.66717267247887	verb	1524
1894	ASHAMED	zawstydzony	267	249	2.42813479402879	2.39794000867204	adj	22038
1895	CLOTHES	ubrania	4874	3502	3.68797462003456	3.54444013731769	subst	1880
1897	HELP	pomagać	2595	2206	3.41430468812833	3.34380233316165	verb	3328
1898	SPECTACLES	okulary	2720	1863	3.43472854177976	3.27044590801796	subst	3183
1899	MAD	szalony	5608	3896	3.74888544000952	3.59073040579269	adj	1659
1905	EAGLE	orzeł	1356	598	3.13257984765974	2.77742682238931	subst	5891
1906	SOUR	kwas	633	442	2.80208925788173	2.64640372622307	subst	11221
1909	SHAKE	trząść	295	281	2.47129171105894	2.45024910831936	verb	20435
1913	PRESS	naciskać	509	456	2.70757017609794	2.65991620006985	verb	13411
1917	TIE	wiązać	417	390	2.62117628177504	2.59217675739587	verb	15708
192	CORNER	narożnik	64	53	1.81291335664286	1.73239375982297	subst	57335
1921	PLOUGH	orać	33	23	1.53147891704226	1.38021124171161	verb	84496
1923	ROUGH	szorstki	211	192	2.32633586092875	2.28555730900777	adj	26226
1924	VEIN	żyła	2156	1836	3.33385014510255	3.26410915630581	verb	3890
1929	STUDY	nauka	1971	1454	3.29490691060519	3.16286299332193	subst	4220
1938	FORTRESS	zamek	2765	1620	3.44185217577329	3.20978301484852	subst	3137
1939	SWEAR	przysięgać	53	50	1.73239375982297	1.70757017609794	verb	64443
194	FAMILY	rodzina	12786	7598	4.10676866517681	3.88075644451021	subst	789
1941	SOLDIER	żołnierz	1754	1165	3.24427712080184	3.066698550423	subst	4695
1948	SAW	piła	667	561	2.82477646247555	2.74973631556906	verb	10748
1954	GENTLE	delikatny	1141	1018	3.05766610390983	3.00817418400643	adj	6834
1959	RAW	surowy	606	558	2.78318869107526	2.74741180788642	adj	11643
1962	ROAST (SOMETHING)	piec	1117	687	3.0484418035504	2.83758843823551	subst	6964
1964	ALONE	sam	79117	21958	4.89827530032898	4.341612558712	adj	140
1966	BUNCH	grupa	6439	4111	3.80888586735981	3.61405310598722	subst	1466
1967	CALENDAR	kalendarz	647	500	2.81157500587059	2.69983772586725	subst	11050
1973	DEMON	demon	1428	657	3.15503222879097	2.81822589361396	subst	5626
1983	SNORE	chrapać	41	37	1.6232492903979	1.57978359661681	verb	74408
1989	CALF	cielę	85	58	1.93449845124357	1.77085201164214	subst	48039
1999	OVERCOME	przezwyciężyć	259	245	2.41497334797082	2.39093510710338	verb	22505
2	DUST	kurz	640	504	2.80685802951882	2.70329137811866	subst	11135
2001	PAINTING	rysować	321	260	2.50785587169583	2.41664050733828	verb	19202
2003	FLOW	płynąć	855	635	2.93247376467715	2.80345711564841	verb	8713
2005	MASK	maska	771	476	2.88761730033574	2.67851837904011	subst	9480
2008	RESCUE	ocalać	17	13	1.25527250510331	1.14612803567824	verb	119553
2009	DOG	pies	8392	4270	3.92391722311311	3.63052957142682	subst	1154
201	FARM	gospodarstwo	208	154	2.32014628611105	2.19033169817029	subst	26433
2017	MIX	wymieszać	77	72	1.89209460269048	1.86332286012046	verb	51410
202	STRENGTH	siła	3360	2486	3.52646851246948	3.39567578526994	num	2632
2021	GRASP	pojmować	59	56	1.77815125038364	1.75587485567249	verb	60346
2022	ADMIT	przyznawać	159	150	2.20411998265593	2.17897694729317	verb	31891
2037	FEBRUARY	luty	269	224	2.43136376415899	2.35218251811136	subst	21884
2058	STOOL	taboret	29	25	1.47712125471966	1.41497334797082	subst	91082
2060	STORY	opowieść	2349	1687	3.37106786227174	3.22737244228964	subst	3631
2062	INTEREST	oprocentowanie	38	31	1.5910646070265	1.50514997831991	subst	78070
2070	COMB (VERB)	plaster	263	210	2.42160392686983	2.32428245529769	subst	22240
209	RARE	rzadki	522	469	2.71850168886727	2.67209785793572	adj	13144
2099	CHILD	dziecko	34542	11683	4.53836005259645	4.06759154830151	subst	314
2102	BURN	spalić	1587	1219	3.20085049809108	3.08635983067475	verb	5126
2105	FEMALE PERSON	samica	383	211	2.58433122436753	2.32633586092875	subst	16740
2106	MALE PERSON	mężczyźni	4308	3030	3.63437649408837	3.48158593636762	subst	2082
2108	RAINING OR RAIN	padać	1203	934	3.08062648692181	2.97081161087252	verb	6533
2114	BELLY OR STOMACH	podbrzusze	42	37	1.63346845557959	1.57978359661681	subst	73794
2117	DESIRE	pragnąć	224	207	2.35218251811136	2.31806333496276	verb	25047
2134	RAISE (BRING UP)	wznosić	79	74	1.90308998699194	1.8750612633917	verb	50643
2142	RUN AWAY	uciec	9270	6349	3.96712658107641	3.80277372529198	verb	1062
2144	SPRING OR WELL	studnia	229	146	2.36172783601759	2.16731733474818	subst	24669
2148	PICK	wybierać	1248	1118	3.09656243837414	3.04883008652835	verb	6324
2157	FINE OR THIN	dobry	76894	21148	4.88589810127079	4.32528983720755	adj	145
216	MOVIE	ekranizacja	7	7	0.903089986991944	0.903089986991944	subst	177598
2190	TASTE	smak	1916	1494	3.28262211287806	3.17464119266045	subst	4345
221	FIRE	ogień	8155	4486	3.9114772171061	3.65195606953307	subst	1183
2239	DENSE	gęsty	101	90	2.00860017176192	1.95904139232109	adj	42983
2243	REPAIR	reperować	13	12	1.14612803567824	1.11394335230684	verb	137498
2244	METAL	metal	892	573	2.95085145888855	2.75891189239797	subst	8393
2246	BELL	dzwon	639	413	2.80617997398389	2.6170003411209	subst	11145
2247	CATERPILLAR	gąsienica	80	57	1.90848501887865	1.76342799356294	subst	49954
2252	PATH	ścieżka	761	611	2.8819549713396	2.78675142214556	subst	9598
2253	DRIP (EMIT LIQUID)	kapać	24	22	1.39794000867204	1.36172783601759	verb	99695
2259	FLESH	mięso	2623	1767	3.41896383070362	3.24748226067705	subst	3295
227	FISH	ryba	2104	1436	3.32325210017169	3.15745676813423	subst	3988
2271	THINK	myśleć	11970	8351	4.07813043080256	3.92179048565819	verb	836
2277	WHOLE	cały	49676	19480	4.69615536086447	4.2896112463483	adj	221
2278	PERHAPS	może	336882	26426	5.52747909589512	4.42204786470588	qub	32
228	CARVE	rzeźbić	48	43	1.69019608002851	1.64345267648619	verb	68452
2291	VOLCANO	wulkan	345	226	2.53907609879278	2.35602585719312	subst	18173
2297	DUSK	zmierzch	208	166	2.32014628611105	2.22271647114758	subst	26499
2299	STRAW	słoma	48	46	1.69019608002851	1.67209785793572	subst	68502
230	SWEEP	zamiatać	58	52	1.77085201164214	1.72427586960079	verb	61238
2308	THIN	chudy	810	572	2.90902085421116	2.75815462196739	adj	9122
2315	COOK (PERSON)	kucharz	618	455	2.79169064902012	2.65896484266444	subst	11437
2316	FREE	wolny	7133	5095	3.85333310500234	3.70722941932729	adj	1328
2319	LID (COVER, CAP)	pokrywka	30	20	1.49136169383427	1.32221929473392	subst	89066
2334	MELT	topić	89	81	1.95424250943932	1.91381385238372	verb	46894
2336	OF THIS KIND (SUCH)	tak	1005753	27615	6.00249176848613	4.44116077403512	qub	12
2339	NEED (SOMETHING)	potrzeba	7126	5461	3.85290675879695	3.73735169580371	pred	1329
2343	STEEL	stal	672	502	2.82801506422398	2.70156798505593	subst	10675
2344	PETROL	benzyna	477	388	2.67942789661212	2.58994960132571	subst	14066
2351	SILKWORM	jedwabnik	12	8	1.11394335230684	0.954242509439325	subst	140521
2354	CRICKET	krykiet	113	71	2.05690485133647	1.85733249643127	subst	40070
2366	ONION	cebula	202	163	2.30749603791321	2.2148438480477	subst	26942
2374	DREAM	marzenie	2833	1984	3.45239984591144	3.29776051109913	verb	3051
2386	TURKEY	indyk	421	289	2.62531245096167	2.46239799789896	subst	15574
239	FLOWER	kwiat	1244	812	3.09516935143176	2.91009054559407	subst	6331
2393	JOURNEY	podróż	5978	4117	3.77662855342015	3.61468634228201	subst	1560
2396	KNOCK	pukać	359	325	2.55630250076729	2.51321760006794	verb	17575
240	ELECTION	wybory	1352	888	3.13129779659762	2.94890176097021	subst	5912
2400	THEIR	ich	155496	25132	5.19172201461036	4.40024433123815	pron	80
2401	PICTURE	obraz	5602	3252	3.74842062246757	3.51228406328185	subst	1660
2403	TOY	zabawka	870	726	2.94001815500766	2.86153441085904	subst	8582
2406	HOME	dom	30852	12361	4.48929739916669	4.09208873925581	subst	351
2407	BIRTHDAY	urodziny	6733	3553	3.82827311205207	3.55071742346928	subst	1416
2408	CAKE	ciasto	2837	1693	3.45301239112146	3.22891340599469	subst	3046
2410	GOOD-LOOKING	atrakcyjny	456	393	2.65991620006985	2.59549622182557	adj	14588
2424	MEMBER	członek	1404	1157	3.1476763242411	3.06370855939142	subst	5720
2425	PROBLEM	problem	36475	16165	4.56200720703646	4.20860257446253	subst	298
2429	LOGIC	logika	401	334	2.60422605308447	2.52504480703685	subst	16159
243	FRESH	świeży	687	609	2.83758843823551	2.78532983501077	adj	10492
2430	OFFICE	biuro	5143	3435	3.71130095991617	3.5360531551592	subst	1786
2433	THEORY	teoria	2118	1447	3.32613095671079	3.16076856186113	subst	3966
2434	TRAGEDY	tragedia	1420	1229	3.15259407792747	3.0899051114394	subst	5672
2435	UNIVERSITY	uniwersytet	1206	871	3.08170727009735	2.94051648493257	subst	6517
244	LEFT	lewy	788	537	2.89707700320942	2.73078227566639	adj	9335
2440	PINEAPPLE	ananas	94	73	1.97772360528885	1.86923171973098	subst	44995
245	BROOM	miotła	102	77	2.01283722470517	1.89209460269048	verb	42763
2457	PATH OR ROAD	droga	14037	7779	4.14730523807619	3.89097959698969	subst	736
2466	WEIGHT	waga	607	506	2.78390357927274	2.70500795933334	subst	11624
2467	GAME	gra	19166	9760	4.2825541428518	3.98949431277271	verb	557
2468	BAG	torba	1357	1005	3.13289976994448	3.00259798071991	subst	5887
2469	AGAINST	przeciwko	17916	10215	4.25326529369016	4.00928088425536	prep	592
2471	LADY	dama	1760	1320	3.24575935596728	3.12090281761453	subst	4675
2473	HIS (GENITIVE OF HE)	jego	168453	25320	5.22648132791614	4.40348085323734	pron	74
2482	TOGETHER	razem	83250	23737	4.92038945889756	4.37544412550512	qub	132
2483	COLD (OF WEATHER)	chłodny	365	288	2.56348108539441	2.46089784275655	adj	17353
249	FOG	mgła	678	436	2.8318697742805	2.64048143697042	subst	10591
2493	BOIL	zagotować	39	36	1.60205999132796	1.56820172406699	verb	77463
25	DIRT	brud	528	401	2.72345567203519	2.60422605308447	subst	13019
2504	DIFFERENT	inny	18342	11719	4.26347036606118	4.06892761168207	adj	577
2505	BEDROOM	sypialnia	740	635	2.86981820797933	2.80345711564841	subst	9818
2506	LOOSE	luźny	125	110	2.10037054511756	2.04532297878666	adj	37499
2509	EXCHANGE	wymiana	764	641	2.88366143515362	2.80753502806885	subst	9561
251	SHARPEN (SOMETHING)	ostrzyć	29	27	1.47712125471966	1.44715803134222	verb	90573
2522	SCREAM (NOISE)	krzyczeć	2313	1928	3.36436335461573	3.28533222764388	verb	3681
2524	JOY	radość	2121	1668	3.32674537956532	3.22245633667925	subst	3958
2526	POWER	moc	8745	4091	3.94180947300884	3.61193562504012	subst	1110
2527	ABILITY	umiejętność	638	565	2.8055008581584	2.75281643118827	subst	11171
2530	SMART	bystry	1500	1255	3.17638069224327	3.09898963940118	adj	5391
2531	BROAD	szeroki	367	333	2.56584781867352	2.52374646681156	adj	17306
2534	DEPTH	głębia	85	74	1.93449845124357	1.8750612633917	subst	48071
2546	BORDER	granica	889	750	2.94939000664491	2.87563993700417	subst	8423
2547	CITY	miasto	12713	6709	4.10428220709444	3.82672252016899	subst	792
2548	BARREL	beczka	245	202	2.39093510710338	2.30749603791321	subst	23465
2549	VEHICLE	pojazd	1239	886	3.09342168516224	2.94792361983173	subst	6350
255	SERVANT	służący	434	313	2.63848925695464	2.49692964807321	adj	15191
2554	PRINCE (RULER)	książę	3238	1126	3.51041094801018	3.05192391604611	subst	2724
256	FOOD	pizza	1309	852	3.11727129565576	2.93094903116752	subst	6075
2570	BEEF	wołowina	294	245	2.46982201597816	2.39093510710338	subst	20499
2572	SENSE (PERCEIVE BY SENSES)	rozum	1834	1522	3.26363606858811	3.18269990333604	subst	4517
2573	FEELING (EMOTION)	emocja	44	38	1.65321251377534	1.5910646070265	subst	71515
2577	YET	jeszcze	177103	26592	5.24822837010204	4.42476733356898	qub	66
2578	PENCIL	ołówek	483	383	2.68484536164441	2.58433122436753	subst	13946
258	CALM	spokojny	2012	1685	3.30384377488865	3.22685757028872	adj	4147
2580	HELICOPTER	helikopter	1449	911	3.16136800223497	2.95999483832842	subst	5556
2584	BENCH	ławka	117	90	2.07188200730613	1.95904139232109	subst	39341
2588	GLOBE	glob	79	62	1.90308998699194	1.79934054945358	subst	50349
2606	COMPASS	kompas	587	304	2.76937732607614	2.48429983934679	subst	11955
2617	BULB	cebulka	35	31	1.55630250076729	1.50514997831991	subst	81290
2619	CARD	karta	2139	1517	3.33041377334919	3.18127177155946	subst	3926
2620	CARRIAGE	powóz	510	304	2.70842090013471	2.48429983934679	subst	13397
2621	CURTAIN	zasłona	240	216	2.38201704257487	2.33645973384853	subst	23859
2622	ENGINE	silnik	2774	1631	3.4432629874587	3.21272015441784	subst	3124
2623	FLAG	flaga	559	396	2.7481880270062	2.59879050676312	subst	12416
2624	FRAME	rama	352	135	2.54777470538782	2.13353890837022	subst	17883
2625	MAP	mapa	1342	831	3.12807601266872	2.92012332629072	subst	5950
2626	NERVE	nerw	215	186	2.33445375115093	2.2718416065365	subst	25828
2627	ORANGE (FRUIT)	pomarańcza	110	89	2.04532297878666	1.95424250943932	subst	40816
2628	PLANT STEM	łodyga	32	26	1.51851393987789	1.43136376415899	subst	86753
2630	WHIP	smagać	4	4	0.698970004336019	0.698970004336019	verb	232340
2631	WIRE	drut	453	351	2.6570558528571	2.54654266347813	subst	14673
2638	FISHING	łowić	360	298	2.55750720190566	2.47567118832443	verb	17553
2651	BE IGNORANT	nieświadomy	173	126	2.2405492482826	2.10380372095596	adj	30098
2658	COAL	węgiel	492	352	2.69284691927723	2.54777470538782	subst	13778
2670	ACROSS	poprzez	4520	3045	3.65523450703429	3.48372989900002	prep	2001
2678	HAIR OR FUR	włosy	9970	6081	3.99873871625582	3.78404641580811	subst	1000
269	COOKED	gotowany	55	46	1.7481880270062	1.67209785793572	adj	62770
27	AIR	powietrze	5226	3744	3.71825250009775	3.57345182203549	subst	1769
2704	FADE (LOOSE COLOR)	blaknąć	6	6	0.845098040014257	0.845098040014257	verb	187899
2708	TALK	rozmawiac	477	278	2.67942789661212	2.4456042032736	subst	271241
2715	DESPISE	gardzić	79	71	1.90308998699194	1.85733249643127	verb	50346
2716	BLAME (SOMEBODY)	winić	1437	1276	3.15775888604686	3.10619089726342	verb	5597
275	PEEL	obierać	49	45	1.69897000433602	1.66275783168157	verb	67375
2755	BUSY	zajęty	6447	4931	3.80942502879703	3.69302306792369	adj	1464
2765	CHERRY	wiśnia	58	50	1.77085201164214	1.70757017609794	subst	61169
2770	JACKET	kurtka	701	558	2.84633711212981	2.74741180788642	subst	10283
2783	SCALES (MEASURE INSTRUMENT)	skala	188	174	2.27646180417324	2.24303804868629	subst	28395
281	POST	pal	909	675	2.95904139232109	2.82994669594164	subst	8243
2819	GRASSLAND	pastwisko	63	59	1.80617997398389	1.77815125038364	subst	57971
2831	PENGUIN	pingwin	262	131	2.41995574848976	2.12057393120585	subst	22295
2845	SIZE (OF OBJECT)	rozmiar	1980	1592	3.29688447553855	3.20221577580113	subst	4205
2846	MARCH	marzec	214	175	2.33243845991561	2.24551266781415	subst	25935
2849	JUNE	czerwiec	328	254	2.51719589794997	2.40654018043396	subst	18859
2851	AUGUST	sierpień	243	198	2.38738982633873	2.29885307640971	subst	23632
2856	CHANGE (SOMETHING)	przerobić	306	285	2.48713837547719	2.45636603312904	verb	19879
2860	BOLT (MOVE IN HASTE)	śpieszyć	551	505	2.7419390777292	2.7041505168398	verb	12566
2864	DECREASE	obniżać	59	52	1.77815125038364	1.72427586960079	verb	60282
2875	RING (MAKE SOUND)	dzwonić	2778	2320	3.44388854677737	3.36567514045592	verb	3115
2879	SOUND (OF INSTRUMENT OR VOICE)	dźwięk	3596	2504	3.55594043781851	3.39880773020326	subst	2482
2880	HALT (STOP)	zatrzymywać	812	727	2.91009054559407	2.86213137931304	verb	9116
2883	DISTURB	przeszkadzać	2315	2053	3.3647385550554	3.31260043926126	verb	3678
2896	CAUSE TO (LET)	pozwalać	450	419	2.65417654187796	2.6232492903979	verb	14739
2900	PROTECT	chronić	6287	4531	3.79851253303135	3.65628990119136	verb	1493
2904	RINSE	płukać	15	15	1.20411998265592	1.20411998265592	verb	128112
2911	BACKWARD	zpowrotem	45	37	1.66275783168157	1.57978359661681	subst	285179
2916	INSTANTLY (IMMEDIATELY)	natychmiast	18244	10279	4.26114386770067	4.01199311465926	qub	582
292	RUG	dywan	1066	783	3.02816441942447	2.89431606268444	subst	7252
2921	THEN	wtedy	59110	20448	4.77166830651194	4.31067207493012	qub	191
2930	BOSS	szef	8053	4726	3.90601162527141	3.67458560230291	subst	1199
2931	BUSINESS	biznes	3331	2251	3.52270499273475	3.35256838617931	subst	2650
2933	CONVERSATION	konwersacja	93	84	1.9731278535997	1.92941892571429	subst	45400
2940	GATE	brama	796	585	2.90145832139611	2.76789761601809	subst	9266
2946	CRADLE	kołyska	67	52	1.83250891270624	1.72427586960079	subst	55727
2948	GAP (DISTANCE)	przerwa	1667	1311	3.22219604630172	3.11793383503964	subst	4888
2950	MEANING	znaczenie	4412	3511	3.64473392744719	3.54555450723407	verb	2037
2955	STATE (POLITICS)	stan	9626	5095	3.98349097181517	3.70722941932729	subst	1029
2956	TUBE	rura	444	356	2.64836001098093	2.55266821611219	subst	14911
2964	NEWS	wiadomości	9632	6239	3.98376156028616	3.79518458968242	subst	1028
297	CROOKED	zakrzywiony	25	24	1.41497334797082	1.39794000867204	adj	99032
2977	WORKER	robotnik	170	140	2.23299611039215	2.14921911265538	subst	30498
2978	DISTANCE	dystans	1006	869	3.00302947055362	2.93951925261862	subst	7609
2980	AREA	obszar	1984	1478	3.29776051109913	3.16996817399689	subst	4197
2982	GIFT	dar	2949	2125	3.46982201597816	3.32756326018728	subst	2954
2992	TIP (OF OBJECT)	głowa	5982	4348	3.77691900284205	3.63838940766534	subst	1558
2996	WEALTH	bogactwo	592	493	2.77305469336426	2.69372694892365	subst	11871
3001	POWERFUL	mocny	1212	1071	3.08386080086657	3.03019478535675	adj	6481
3002	PRECIOUS	cenny	817	754	2.91275330367132	2.87794695162919	adj	9046
3003	SOLID	solidny	307	281	2.48855071650044	2.45024910831936	adj	19833
301	CHIEFTAIN	przewodniczący	1127	630	3.05230909964732	2.80002935924413	verb	6909
3033	SCARED	przestraszony	792	607	2.8992731873176	2.78390357927274	verb	9296
3049	COURAGE	odwaga	957	804	2.98136550907854	2.90579588036787	subst	7932
3050	SEEDLING	siewka	9	7	1	0.903089986991944	subst	163956
3053	TIGHT	ciasny	185	165	2.26951294421792	2.22010808804005	adj	28651
3055	SWINDLE	oszukać	1465	1289	3.16613397030511	3.11058971029925	verb	5504
307	HAWK	jastrząb	220	152	2.34439227368511	2.1846914308176	subst	25375
3078	IRRIGATE	podlewać	74	70	1.8750612633917	1.85125834871908	verb	52580
3083	BALLOON	balon	581	385	2.76492298464989	2.58658730467176	subst	12045
3084	BLACKBOARD	tablica	348	273	2.54282542695918	2.43775056282039	subst	18062
3085	CARROT	marchew	95	65	1.98227123303957	1.81954393554187	subst	44766
3086	COMPUTER	komputer	4144	2111	3.61752453488629	3.32469391386177	subst	2155
3088	ENVELOPE	koperta	250	209	2.39967372148104	2.32221929473392	subst	23129
3089	GIRAFFE	żyrafa	129	81	2.11394335230684	1.91381385238372	subst	36854
3090	GUITAR	gitara	422	276	2.62634036737504	2.44247976906445	subst	15537
3091	LEMON	cytryna	122	99	2.0899051114394	2	subst	38055
3092	LIGHTER	zapalniczka	220	176	2.34439227368511	2.24797326636181	subst	25449
3093	LIPSTICK	szminka	270	227	2.43296929087441	2.35793484700045	subst	21849
3094	PAINTBRUSH	pędzel	101	81	2.00860017176192	1.91381385238372	subst	43089
3095	POSTMAN	listonosz	379	263	2.57978359661681	2.42160392686983	subst	16870
3096	RACKET	rakieta	703	428	2.84757265914211	2.63245729218472	subst	10261
3098	SNOWMAN	bałwan	253	188	2.40483371661994	2.27646180417324	subst	22892
3099	SOFA	sofa	135	110	2.13353890837022	2.04532297878666	subst	35665
3101	SWING	huśtawka	89	79	1.95424250943932	1.90308998699194	subst	46707
3102	TANK	czołg	558	280	2.74741180788642	2.44870631990508	subst	12429
3104	THERMOMETER	termometr	125	107	2.10037054511756	2.03342375548695	subst	37591
3105	UMBRELLA	parasol	419	283	2.6232492903979	2.45331834004704	subst	15638
3107	WHISTLE (INSTRUMENT)	gwizdek	352	263	2.54777470538782	2.42160392686983	subst	17860
3110	CLAP	klaskać	88	80	1.94939000664491	1.90848501887865	verb	47057
3112	ERUPT	wybuchać	39	38	1.60205999132796	1.5910646070265	verb	77381
3114	GRATE (SOMETHING)	trzeć	23	19	1.38021124171161	1.30102999566398	verb	103270
3118	IRON (CLOTHES)	prasować	66	58	1.82607480270083	1.77085201164214	verb	56389
3119	MASSAGE (SOMEBODY)	masować	78	72	1.89762709129044	1.86332286012046	verb	50797
3121	OPERATE (MEDICINE)	operować	663	481	2.82216807936802	2.68304703823885	verb	10817
3122	PAINT (SOMETHING)	malować	755	559	2.87852179550121	2.7481880270062	verb	9672
3127	RAKE (SOMETHING)	grabić	44	38	1.65321251377534	1.5910646070265	verb	71541
3130	SPILL (SOMETHING)	rozlać	55	52	1.7481880270062	1.72427586960079	verb	63081
3133	TALK (PHONE)	telefonować	58	47	1.77085201164214	1.68124123737559	verb	61120
3135	VACUUM (SOMETHING)	odkurzać	32	32	1.51851393987789	1.51851393987789	verb	85849
3138	STRAWBERRY	truskawka	66	43	1.82607480270083	1.64345267648619	subst	56491
3181	MUSTARD	musztarda	204	151	2.31175386105575	2.18184358794477	subst	26786
319	LICK	lizać	368	333	2.56702636615906	2.52374646681156	verb	17256
3202	CANNON	działo	3714	2953	3.56995881809659	3.47041049097593	verb	2400
3204	INSULT	obrazić	526	485	2.72181061521255	2.68663626926229	verb	13063
323	FAT (ORGANIC SUBSTANCE)	tłuszcz	514	375	2.71180722904119	2.57518784492766	subst	13322
3230	DECEIVE	zwieść	340	313	2.5327543789925	2.49692964807321	verb	18388
3231	DEITY	bóg	20312	7854	4.30777406851709	3.89514618937599	subst	518
3235	OPEN (STATE)	otwarty	2047	1716	3.31132995230379	3.23477029516092	adj	4078
3238	ALLOW	zezwalać	13	13	1.14612803567824	1.14612803567824	verb	139256
3248	MAPLE TREE	klon	258	167	2.41329976408125	2.22530928172586	subst	22540
3258	FALCON	sokół	163	91	2.2148438480477	1.96378782734556	subst	31354
3268	QUESTION	pytanie	21024	11657	4.32273600446995	4.06662405098343	verb	493
3283	CAGE	klatka	647	543	2.81157500587059	2.73559889969818	subst	11051
3299	KIND	miły	8051	5577	3.90590376621662	3.74647850993003	adj	1200
3300	POLITE	grzeczny	1617	1316	3.20897851727625	3.11958577496178	adj	5039
3306	NAIL	wbijać	73	70	1.86923171973098	1.85125834871908	verb	53139
3320	SNARE (TRAP)	chwyt	705	562	2.8488047010518	2.75050839485135	subst	10227
3325	PEARL	perła	205	126	2.31386722036915	2.10380372095596	subst	26713
3331	FASTING	post	848	526	2.92890769024395	2.72181061521255	subst	8778
3333	BELIEF (RELIGIOUS)	przekonanie	437	406	2.6414741105041	2.60959440922522	verb	15102
3336	FUNERAL	pogrzeb	2944	1930	3.46908529912312	3.28578227377939	subst	2962
3349	WRISTWATCH	zegarek	3244	1944	3.51121470113639	3.28891960566173	subst	2718
3368	POWDER	puder	180	145	2.25767857486918	2.16435285578444	subst	29283
3375	PATIENT (SICK PERSON)	pacjent	2501	1390	3.3982873053574	3.14332712999205	subst	3439
3377	EMPEROR	cesarz	786	288	2.89597473235906	2.46089784275655	subst	9350
3380	HUNTING DOG	ogar	36	23	1.56820172406699	1.38021124171161	subst	80439
3396	BUILDING	budynek	4279	2651	3.63144376901317	3.42357351973274	subst	2092
3405	RULER	władca	762	479	2.88252453795488	2.68124123737559	subst	9583
3427	DIRECTION	kierunek	1508	1225	3.17868923977559	3.0884904701824	subst	5373
3429	COMPARE	porównywać	256	242	2.40993312333129	2.38560627359831	verb	22709
3447	BEGIN OR START	zaczynać	1988	1753	3.29863478312444	3.24402958903002	verb	4191
3460	BEACH	plaża	498	384	2.69810054562339	2.5854607295085	subst	13653
3463	RIVERBANK	brzeg	867	651	2.93851972517649	2.81424759573192	subst	8605
3469	LEVEL	poziom	5246	3292	3.71991106419834	3.51759173071191	subst	1762
3472	DANCE (MOVEMENT)	taniec	3547	2126	3.54998361115969	3.32776748990273	subst	2511
3534	BEG	błagać	866	769	2.93801909747621	2.88649072517248	verb	8619
3544	WAVE (VERB)	machać	226	213	2.35602585719312	2.33041377334919	verb	24853
3552	GREET	pozdrawiać	17	17	1.25527250510331	1.25527250510331	verb	120068
356	SHEARS	nożyczki	498	359	2.69810054562339	2.55630250076729	subst	13652
357	HANG UP	wisieć	243	223	2.38738982633873	2.35024801833416	verb	23649
3608	WARRIOR	wojownik	1179	770	3.07188200730613	2.88705437805096	subst	6639
362	STRING	sznurek	272	220	2.43616264704076	2.34439227368511	subst	21731
3626	KNOW	wiedzieć	44475	18266	4.64812572155865	4.26166722877418	verb	246
3628	HONOR (SOMEBODY)	honor	2245	1560	3.35140975192544	3.19340290306242	subst	3771
3630	PLAN	plan	17489	9124	4.24278980947868	3.96023287312851	subst	604
3632	GENEROUS	hojny	488	454	2.68930885912362	2.65801139665711	adj	13838
3634	STUBBORN	uparty	1068	949	3.02897770520878	2.97772360528885	adj	7241
3635	ADULT	dorosły	1425	1233	3.15411952551585	3.09131515969722	adj	5652
3639	AVOID	unikać	1125	1039	3.05153839051533	3.01703333929878	verb	6924
364	SMEAR	rozsmarować	22	21	1.36172783601759	1.34242268082221	verb	105370
3640	GOSSIP	plotka	775	655	2.88986172125819	2.81690383937566	subst	9457
3642	COMPLAIN	narzekać	860	810	2.93500315145365	2.90902085421116	verb	8677
3644	AGREEMENT	porozumienie	544	434	2.73639650227664	2.63848925695464	subst	12703
3645	PERSUADE	przekonywać	282	274	2.45178643552429	2.43933269383026	verb	21149
3649	PUNISH	karać	278	259	2.4456042032736	2.41497334797082	verb	21358
3657	GRANARY	stodoła	198	163	2.29885307640971	2.2148438480477	subst	27351
3659	POLISH (SOMETHING)	polerować	50	45	1.70757017609794	1.66275783168157	verb	66676
366	LIMP	utykać	12	12	1.11394335230684	1.11394335230684	verb	143818
3665	TRAVEL	podróżować	1220	1035	3.08671566394488	3.01535975540921	verb	6448
3666	WANDER	wędrować	160	146	2.20682587603185	2.16731733474818	verb	31788
367	RIDE	jeździć	2530	1892	3.40329214515825	3.2771506139638	verb	3408
3675	ZEBRA	zebra	277	141	2.44404479591808	2.15228834438306	subst	21458
3687	DESERT	deser	1484	1217	3.17172645365323	3.08564728829686	subst	5439
3689	BUBBLE	bańka	160	95	2.20682587603185	1.98227123303957	subst	31669
3695	MOVEMENT	ruch	6522	4607	3.81444737852249	3.66351247041516	subst	1449
3701	HOLLOW	pusty	2191	1800	3.34084054981233	3.25551371281953	adj	3839
3703	STICKY	klejący	20	18	1.32221929473392	1.27875360095283	verb	109580
3704	ODOR (SMELL)	zapach	4434	3196	3.64689362416774	3.50474263627169	subst	2031
3709	BRILLIANT	błyskotliwy	219	199	2.34242268082221	2.30102999566398	adj	25466
3711	TIE (NOUN)	krawat	1459	1041	3.16435285578444	3.01786771896351	subst	5527
3735	NEAR (IN SPACE)	bliski	1408	1225	3.14891099310936	3.0884904701824	adj	5705
374	ONE TIME	raz	77706	23016	4.8904601426676	4.36204871771471	subst	143
3747	SHAPE	kształt	1249	1053	3.09691001300806	3.02284061087653	subst	6318
3762	SAFE	bezpieczny	4015	3074	3.60379370413696	3.48784512011144	adj	2225
377	LOUD	głośny	376	336	2.57634135020579	2.52762990087134	adj	16967
378	PINCH	uszczypnąć	41	37	1.6232492903979	1.57978359661681	verb	75158
3843	BUT	ale	649556	27520	5.81261726734022	4.43966421032625	conj	16
3847	INTEREST (FEELING)	zainteresowanie	1196	1086	3.07809415040641	3.03622954408629	verb	6555
3955	HOSTILITY	wrogość	234	208	2.37106786227174	2.32014628611105	subst	24280
3957	SYSTEM	system	7620	4151	3.88201196162666	3.6182573448404	subst	1259
3958	SOCIETY	towarzystwo	2601	2185	3.41530729222557	3.33965015761368	subst	3324
3966	CONCEPT	pojęcie	2468	2154	3.39252108993193	3.33344727449675	subst	3472
3968	EFFECT	rezultat	620	551	2.79309160017658	2.7419390777292	subst	11411
3969	RESULT	wynik	2574	1985	3.41077723337721	3.29797924415936	subst	3353
3970	PROCESS	proces	4125	2617	3.61552922363713	3.41796964221474	subst	2168
3972	EXCITED	podekscytowany	1122	972	3.05037975626146	2.98811284026835	verb	6936
3974	UNHAPPY	nieszczęśliwy	985	809	2.99387691494121	2.90848501887865	adj	7741
3975	NERVOUS	zdenerwowany	2001	1670	3.3014640731433	3.22297644989339	verb	4170
404	ALCOHOL (FERMENTED DRINK)	alkohol	2146	1599	3.33183204443625	3.20411998265593	subst	3909
41	IGNORE	ignorować	661	611	2.8208579894397	2.78675142214556	verb	10842
474	DRESS	suknia	696	537	2.84323277809801	2.73078227566639	subst	10358
476	CUP	filiżanka	262	220	2.41995574848976	2.34439227368511	subst	22278
478	LIP	warga	81	73	1.91381385238372	1.86923171973098	subst	49799
479	GROW	rosnąć	424	368	2.62838893005031	2.56702636615906	verb	15502
480	PLATE	talerz	841	673	2.92531209149965	2.82865989653532	subst	8851
481	DISH	naczynie	279	227	2.44715803134222	2.35793484700045	subst	21315
484	CONDEMN	potępić	52	42	1.72427586960079	1.63346845557959	verb	65134
485	DISAPPEAR	zniknąć	1624	1414	3.21085336531489	3.15075643986031	verb	5024
486	MINISTER	duchowny	160	107	2.20682587603185	2.03342375548695	adj	31683
487	SHY	nieśmiały	762	664	2.88252453795488	2.8228216453031	adj	9573
488	MANNER	sposób	44599	18125	4.64933485871214	4.25830197565692	subst	244
489	KIDNEY	nerka	140	108	2.14921911265538	2.03742649794062	subst	34729
49	REFUSE	odrzucać	177	171	2.25042000230889	2.23552844690755	verb	29626
491	CENTER	centrum	8700	4825	3.9395691686559	3.68358731757277	subst	1114
496	CUCUMBER	ogórek	113	88	2.05690485133647	1.94939000664491	subst	40120
500	CRUEL	okrutny	981	842	2.99211148778695	2.92582757462474	adj	7764
501	LIFT	podnieść	2681	2217	3.42845877351558	3.34596154181314	verb	3224
503	FROG	żaba	389	238	2.5910646070265	2.37839790094814	subst	16528
506	MAIZE	kukurydza	294	202	2.46982201597816	2.30749603791321	subst	20462
508	PERIOD	okres	3433	2684	3.5358002908249	3.42894429003557	subst	2585
509	CERTAIN	pewien	25191	13328	4.40126264762849	4.12479756796053	adj	425
52	SHIVER	drżeć	83	79	1.92427928606188	1.90308998699194	verb	48793
523	BACK OF HEAD	tył	2071	1529	3.3163897510732	3.1846914308176	subst	4038
539	NEST	gniazdo	765	513	2.8842287696326	2.71096311899528	subst	9535
544	SPICY	pikantny	106	82	2.02938377768521	1.91907809237607	adj	41783
547	SURFACE	powierzchnia	305	236	2.48572142648158	2.3747483460101	subst	19920
55	WHISPER	szeptać	172	159	2.2380461031288	2.20411998265593	verb	30260
571	STING	żądlić	12	12	1.11394335230684	1.11394335230684	verb	145091
578	KISS	całować	1184	967	3.07371835034612	2.98587535730839	verb	6603
579	BATTLE	bitwa	1276	942	3.10619089726342	2.97451169273733	subst	6193
58	LIQUID	płynny	127	114	2.10720996964787	2.06069784035361	adj	37173
580	FUR	futro	538	380	2.73158876518674	2.58092497567562	subst	12833
582	LEND	pożyczyć	2685	2237	3.4291060083327	3.34986008219233	verb	3220
584	DIFFICULT	trudny	1648	1470	3.21722065564452	3.16761267272753	adj	4943
585	BOOT	kozak	158	103	2.20139712432045	2.01703333929878	subst	31979
586	GARDEN	ogród	1087	772	3.03662889536216	2.88817949391832	subst	7132
587	ANT	mrówka	170	121	2.23299611039215	2.08635983067475	subst	30470
59	ELECTRICITY	elektryczność	409	314	2.61278385671974	2.4983105537896	subst	15919
592	PISS	sikać	458	390	2.66181268553726	2.59217675739587	verb	14561
593	POTATO	ziemniak	185	117	2.26951294421792	2.07188200730613	subst	28754
594	PIECE	kawałek	6938	4913	3.84129688749028	3.69143515214406	subst	1370
597	PHYSICIAN	doktor	12589	4979	4.10002573010786	3.69722934275972	subst	799
598	SHELL	muszla	100	74	2.00432137378264	1.8750612633917	subst	43299
60	OAT	owies	66	45	1.82607480270083	1.66275783168157	subst	56347
600	STRANGE	dziwny	4188	3383	3.62211036036122	3.52943035436699	adj	2138
601	LIE (MISLEAD)	kłamać	2387	2003	3.37803432245733	3.30189771719521	verb	3576
603	COAT	płaszcz	2309	1623	3.36361197989214	3.21058602490516	subst	3685
604	GLASS	szkło	1080	830	3.03382569395331	2.91960102378411	subst	7183
605	GRAIN	ziarno	434	334	2.63848925695464	2.52504480703685	subst	15195
606	GRASS	trawa	638	509	2.8055008581584	2.70757017609794	subst	11170
609	HAIL	grad	165	117	2.22010808804005	2.07188200730613	subst	31045
610	PORT	port	818	554	2.91328390176042	2.74429298312268	subst	9042
614	HILL	wzgórze	740	473	2.86981820797933	2.67577834167409	subst	9820
615	HORSE	koń	2758	1396	3.44075170047919	3.14519640611418	subst	3141
616	HOSPITAL	szpital	3063	2035	3.48628876096057	3.30877777366472	subst	2856
617	ICE	lód	2152	1345	3.33304402982349	3.12904505988796	subst	3897
619	ANIMAL	zwierzę	2618	1829	3.41813549842523	3.26245108973043	subst	3307
620	INSECT	owad	133	94	2.12710479836481	1.97772360528885	subst	35988
621	IRON	żelazo	372	276	2.57170883180869	2.44247976906445	subst	17139
622	ISLAND	wyspa	1647	909	3.2169572073611	2.95904139232109	subst	4950
624	LAKE	jezioro	1296	826	3.11293997608408	2.91750550955255	subst	6128
625	LAMP	lampa	464	338	2.66745295288995	2.53019969820308	subst	14395
628	LEAF	liść	289	230	2.46239799789896	2.36361197989214	subst	20750
630	LIGHT (RADIATION)	światło	8737	5346	3.94141204037355	3.72811018410034	subst	1111
632	LIZARD	jaszczurka	203	140	2.3096301674259	2.14921911265538	subst	26863
635	MILK	mleko	2815	1852	3.44963265047007	3.2678754193189	subst	3071
636	MILL	młyn	281	184	2.45024910831936	2.26717172840301	subst	21192
637	MOSS	mech	116	80	2.06818586174616	1.90848501887865	subst	39403
639	MOUNTAIN	góra	1950	1372	3.29025726939452	3.13767053723676	subst	4256
640	MUD	błoto	664	512	2.8228216453031	2.71011736511182	subst	10796
642	MUSIC	muzyka	5531	3376	3.74288217143727	3.52853106063541	subst	1687
644	OAK	dąb	217	162	2.3384564936046	2.21218760440396	subst	25652
645	OCEAN	ocean	1810	1220	3.25791845031406	3.08671566394488	subst	4567
648	PAPER	papier	2153	1590	3.33324569896196	3.20167017964658	subst	3896
650	PETROLEUM	paliwo	1542	994	3.18836592606315	2.99782308074573	subst	5262
653	PLANT (VEGETATION)	roślina	382	251	2.58319877396862	2.40140054078154	subst	16777
657	PRICE	cena	2555	2040	3.40756084948636	3.30984300471607	subst	3383
658	RAIN (PRECIPITATION)	deszcz	3110	2036	3.4929000111087	3.30899102900016	subst	2821
660	REEF	rafa	193	70	2.28780172993023	1.85125834871908	subst	27845
661	RELIGION	religia	799	560	2.90308998699194	2.74896286125616	subst	9246
662	BATTERY	bateria	615	481	2.78958071216443	2.68304703823885	subst	11475
665	BEE	pszczoła	395	200	2.59769518592551	2.30319605742049	subst	16348
666	RIVER	rzeka	1250	886	3.09725730969342	2.94792361983173	subst	6315
668	ROCK	skała	759	556	2.88081359228079	2.74585519517373	subst	9619
670	ROOT	korzeń	226	163	2.35602585719312	2.2148438480477	subst	24849
671	SAND	piasek	1050	723	3.02160271602824	2.85973856619715	subst	7357
673	SCHOOL	szkoła	4183	2646	3.62159167585922	3.42275394130135	subst	2142
674	MOUTH	usta	5479	3907	3.73878055848437	3.59195455504674	subst	1704
677	AXE	siekiera	133	103	2.12710479836481	2.01703333929878	subst	36030
679	BRIGHT	jasny	1469	1165	3.16731733474818	3.066698550423	adj	5485
681	DESTROY	niszczyć	748	693	2.87448181769947	2.84135947045485	verb	9740
682	SIDE	strona	3300	2459	3.51864552433031	3.39093510710338	subst	2683
683	PERSON	człowiek	30735	13219	4.48764734751762	4.12123145514962	subst	352
684	OWN	własny	4685	3824	3.67080228426094	3.58263143948964	adj	1944
685	DECIDE	decydować	971	882	2.98766626492627	2.94596070357757	verb	7824
686	EASY	łatwy	881	744	2.94546858513182	2.87215627274829	adj	8500
687	NOTHING	nic	224376	26709	5.35097833705373	4.42667388802137	subst	51
688	LUNG	płuco	353	261	2.54900326202579	2.41830129131975	subst	17837
69	SOBER	trzeźwy	544	438	2.73639650227664	2.64246452024212	adj	12708
690	BOTTOM	dno	1747	1380	3.24254142829838	3.14019367857863	subst	4713
691	SEASON	sezon	1900	1475	3.27898211686544	3.16908635748702	subst	4376
692	BRING	przynieść	4251	3570	3.62859325585126	3.55278985019278	verb	2105
694	GET	dostać	18874	10872	4.27588696030123	4.03634938803184	verb	564
696	STIR	mieszać	1560	1399	3.19340290306242	3.14612803567824	verb	5207
699	SAD	smutny	1921	1506	3.28375338333253	3.17811325231463	adj	4328
700	CARRY	nieść	522	470	2.71850168886727	2.6730209071289	verb	13134
701	SLOW	powolny	355	328	2.55144999797288	2.51719589794997	adj	17737
702	CATCH	złapać	6768	5043	3.83052451409726	3.70277507790104	verb	1406
703	SOON	niebawem	1098	883	3.04099769242349	2.94645226501307	qub	7065
706	DARK	ciemny	598	506	2.77742682238931	2.70500795933334	adj	11761
707	REMEMBER	pamiętać	3449	2884	3.53781909507327	3.46014581749175	verb	2576
708	SHINE	świecić	311	249	2.49415459401844	2.39794000867204	verb	19633
710	WHEEL	koło	7106	5031	3.85168631544243	3.70174063243721	qub	1332
713	STEAL	kraść	928	811	2.96801571399364	2.90955602924118	verb	8112
714	SEED	nasienie	475	356	2.67760695272049	2.55266821611219	subst	14112
715	SHOUT	wrzeszczeć	407	388	2.61066016308988	2.58994960132571	verb	15998
717	SWEET	słodki	4408	3240	3.64434009882632	3.51067903103221	adj	2040
718	PAY	płacić	2760	2249	3.44106640663926	3.35218251811136	verb	3139
719	FIND	znaleźć	31889	15254	4.50365451924296	4.18341221197843	verb	337
720	GOOD LUCK	powodzenie	490	429	2.69108149212297	2.63346845557959	verb	13804
721	LOW	niski	1087	879	3.03662889536216	2.94448267215017	adj	7131
722	ATTACK	atak	7393	4423	3.86887944623709	3.64581511829664	subst	1294
723	PLACE (POSITION)	miejsce	50388	19604	4.70233573960619	4.29236684663623	subst	217
724	READ	czytać	4326	3211	3.63618689519872	3.50677553660664	verb	2073
728	FIRST	pierwszy	35868	16764	4.55471926905021	4.22440355776484	adj	303
729	DAWN	świt	527	406	2.72263392253381	2.60959440922522	subst	13055
731	BEVERAGE	napój	1167	881	3.06744284277638	2.94546858513182	subst	6709
733	EARN	zarabiać	1029	889	3.01283722470517	2.94939000664491	verb	7480
735	OWL	sowa	323	178	2.51054501020661	2.25285303097989	subst	19122
737	LIGHT (IGNITE)	zapalać	64	59	1.81291335664286	1.77815125038364	verb	57659
738	THING	rzecz	24297	12866	4.38557052772547	4.10947730095874	subst	434
739	FEED	karmić	691	626	2.84010609445676	2.79726754083072	verb	10421
740	SHIP	statek	11364	3156	4.05556944006099	3.49927458189222	subst	884
741	DRIVE	jechać	13103	7310	4.11740388441634	3.86397678390439	verb	773
743	END (OF TIME)	koniec	33690	16120	4.52751390169162	4.20739197797849	subst	323
744	EGG	jajo	590	316	2.77158748088126	2.50105926221775	subst	11908
747	BICYCLE	rower	1554	834	3.19173039336286	2.9216864754836	subst	5227
749	ENTER	wchodzić	2335	2076	3.36847283844036	3.3174364965351	verb	3651
752	STORE	sklep	4283	2674	3.63184946215982	3.42732378635725	subst	2091
753	PUPIL (STUDENT)	student	778	596	2.89153745767256	2.77597433112937	subst	9429
755	DENY	zaprzeczać	304	276	2.48429983934679	2.44247976906445	verb	19989
756	DEPEND	zależeć	428	407	2.63245729218472	2.61066016308988	verb	15398
757	BUTTON	guzik	1490	1142	3.17347764345299	3.05804623039528	subst	5424
763	SKIN	skóra	1950	1593	3.29025726939452	3.20248831706009	subst	4259
765	MOVE	ruszać	9619	5451	3.98317507203781	3.73655584716264	verb	1031
768	LUNCH	obiad	8826	5356	3.94581312658734	3.72892164637286	subst	1097
771	HAT	kapelusz	2780	1697	3.44420098886416	3.22993768590793	subst	3111
772	BELT	pasek	731	586	2.86451108105839	2.76863810124761	subst	9930
777	FLUTE	flet	189	108	2.27875360095283	2.03742649794062	subst	28220
778	SMOKE (EXHAUST)	dym	1709	1219	3.23299611039215	3.08635983067475	subst	4790
78	THAT	tamten	3245	2458	3.51134851549021	3.39075852873872	adj	2716
783	VICTORY	zwycięstwo	3010	2012	3.47871075551276	3.30384377488865	subst	2899
784	SNOW	śnieg	2042	1227	3.31026836663245	3.08919836680515	subst	4092
785	STRONG	silny	4844	3634	3.68529378138678	3.56050441519506	adj	1891
787	SAIL	żeglować	172	148	2.2380461031288	2.17318626841227	verb	30298
789	PEOPLE	ludzie	72579	21483	4.86081696386454	4.33211514370346	subst	152
79	WASTE	marnować	1014	949	3.00646604224923	2.97772360528885	verb	7561
790	READY	gotowy	16002	9487	4.20420140523815	3.97717467602019	adj	660
794	PEN	długopis	1124	809	3.05115252244738	2.90848501887865	subst	6925
795	TROUT	pstrąg	112	83	2.05307844348342	1.92427928606188	subst	40351
798	JAW	szczęka	258	227	2.41329976408125	2.35793484700045	subst	22581
799	WRIST	nadgarstek	460	363	2.66370092538965	2.56110138364906	subst	14498
803	ANKLE	kostka	498	313	2.69810054562339	2.49692964807321	subst	13647
805	SPINE	kręgosłup	725	593	2.86093662070009	2.77378644498119	subst	9995
806	BLANKET	koc	785	629	2.89542254603941	2.79934054945358	subst	9361
809	TROUSERS	spodnie	4008	2801	3.60303605625052	3.44746813094976	subst	2229
811	SOUL	duch	4223	2468	3.62572390952576	3.39252108993193	subst	2123
812	SLAVE	niewolnik	412	264	2.6159500516564	2.42324587393681	subst	15842
813	DO	robić	43294	18193	4.6364377439794	4.25992819037475	verb	253
815	GOVERNMENT	rząd	5888	3154	3.77004155431967	3.49899936358015	subst	1580
817	THEY	oni	63257	18330	4.80111545690164	4.26318615741371	adj	177
819	STOMACH	żołądek	1202	993	3.08026562733984	2.99738638439731	subst	6536
82	ANGER	gniew	1959	1495	3.29225607135648	3.17493159352844	subst	4245
820	LAMB	jagnię	114	83	2.06069784035361	1.92427928606188	subst	39847
831	BASE	baza	1708	1071	3.23274206272074	3.03019478535675	subst	4794
832	BEAN	fasola	439	238	2.64345267648619	2.37839790094814	subst	15035
837	BLUE	niebieski	2604	1616	3.41580772763554	3.2087100199064	adj	3317
842	LIQUOR	trunek	134	114	2.13033376849501	2.06069784035361	subst	35846
846	TIGER	tygrys	822	436	2.91539983521227	2.64048143697042	subst	9010
847	THIRSTY	spragniony	617	538	2.79098847508882	2.73158876518674	adj	11458
849	SPRING (OF WATER)	źródło	2573	1865	3.41060854256837	3.27091163941048	subst	3355
850	SQUARE	kwadrat	268	175	2.42975228000241	2.24551266781415	subst	21934
852	PRIEST	ksiądz	2710	888	3.43312951758049	2.94890176097021	subst	3196
857	STONE	kamień	3496	1916	3.54369563230924	3.28262211287806	subst	2544
858	STORM	burza	2000	1291	3.30124708863621	3.11126251365907	subst	4171
861	JUDGE	sędzia	3057	1693	3.4854374810763	3.22891340599469	subst	2863
862	SUGAR	cukier	1161	848	3.06520612805431	2.92890769024395	subst	6732
863	EDGE	kant	178	123	2.25285303097989	2.09342168516224	subst	29475
865	FAME	sława	547	471	2.73878055848437	2.67394199863409	subst	12645
866	WIN	wygrać	5811	3453	3.76432560562598	3.53832233323144	verb	1609
867	GLOVE	rękawica	157	107	2.19865708695442	2.03342375548695	subst	32191
868	BANANA	banan	254	183	2.40654018043396	2.26481782300954	subst	22818
869	BLADE	ostrze	954	693	2.98000337158375	2.84135947045485	subst	7953
873	TAX	podatek	465	280	2.66838591669	2.44870631990508	subst	14378
874	CANDY	cukierek	568	337	2.75511226639507	2.52891670027765	subst	12269
880	REPEAT	powtarzać	1981	1752	3.29710365014926	3.24378191609379	verb	4203
884	SHARE	udział	5570	4147	3.74593315845944	3.617838747717	subst	1673
885	OPPOSITE	przeciwny	533	468	2.72754125702856	2.67117284271508	adj	12934
892	TIME	czas	89552	24175	4.95208013917022	4.38338444699495	subst	122
893	TIN (METAL)	blacha	33	32	1.53147891704226	1.51851393987789	subst	83942
897	SWALLOW	połykać	81	74	1.91381385238372	1.8750612633917	verb	49704
899	PRESIDENT	prezydent	5859	1817	3.76789761601809	3.25959387888595	subst	1593
9	ANNOUNCE	ogłaszać	67	64	1.83250891270624	1.81291335664286	verb	55819
90	INNOCENT	niewinny	2960	1790	3.4714384073893	3.25309558584903	adj	2940
900	TRAIN	pociąg	4714	2254	3.67348169707335	3.35314654621398	subst	1932
905	BORING	nudny	805	681	2.90633504180509	2.83378437465648	adj	9175
906	TREE	drzewo	3012	1841	3.47899913167336	3.26528962586083	subst	2894
908	DRUM	bęben	228	137	2.35983548233989	2.13987908640124	subst	24695
910	DEATH	śmierć	20524	10282	4.31228316579148	4.01211983580451	subst	508
914	SCULPTOR	rzeźbiarz	56	47	1.75587485567249	1.68124123737559	subst	62411
916	LINEN	len	360	105	2.55750720190566	2.02530586526477	subst	17523
92	SPOIL (SOMEBODY OR SOMETHING)	psuć	490	470	2.69108149212297	2.6730209071289	verb	13805
921	VALLEY	dolina	370	250	2.56937390961505	2.39967372148104	subst	17181
922	PEAR	gruszka	46	32	1.67209785793572	1.51851393987789	subst	69714
924	VEGETABLES	warzywo	185	167	2.26951294421792	2.22530928172586	subst	28742
926	RICE	ryż	994	520	2.99782308074573	2.71683772329952	subst	7688
928	EMBRACE	przytulić	668	583	2.82542611776782	2.7664128471124	verb	10736
93	DRAW MILK	doić	47	45	1.68124123737559	1.66275783168157	verb	68824
933	WALL (OF HOUSE)	ściana	778	614	2.89153745767256	2.78887511577542	subst	9433
935	WAR	wojna	7677	3789	3.88524810778139	3.57863920996807	subst	1253
937	BIRD	ptak	2039	1295	3.3096301674259	3.11260500153457	subst	4097
938	MARE	klacz	194	127	2.29003461136252	2.10720996964787	subst	27704
939	HORN (INSTRUMENT)	róg	1309	998	3.11727129565576	2.99956548822598	subst	6080
942	HONEY	miód	866	504	2.93801909747621	2.70329137811866	subst	8620
946	BLOOD	krew	13761	7046	4.13868155351037	3.84800427149727	subst	747
947	STREAM	strumień	637	458	2.80482067872116	2.66181268553726	subst	11174
948	WATER	woda	7383	4590	3.86829168801786	3.66190729276602	subst	1296
951	WEAPONS	broń	27414	9514	4.4379882502195	3.97840879262304	subst	397
952	WEATHER	pogoda	1923	1516	3.28420506770179	3.18098558078673	subst	4322
956	FLEE	umknąć	133	132	2.12710479836481	2.12385164096709	verb	36060
957	WHALE	wieloryb	287	182	2.45939248775923	2.26245108973043	subst	20880
958	WILD ANIMAL	bestia	1405	784	3.14798532068381	2.89486965674525	subst	5715
96	CRAWL	raczkować	21	20	1.34242268082221	1.32221929473392	verb	107879
960	WIND	wiatr	4451	2742	3.64855515566267	3.43822580760453	subst	2019
962	WOMAN	kobieta	19933	10359	4.29959445392492	4.01535975540921	subst	531
963	BOOK	książka	3731	2099	3.57194163507446	3.32221929473392	subst	2386
964	WOOL	wełna	98	81	1.99563519459755	1.91381385238372	subst	44031
965	WORLD	świat	24250	11118	4.38472965161983	4.04606573023069	subst	435
969	CIGARETTE	papieros	305	247	2.48572142648158	2.39445168082622	subst	19917
974	TOBACCO	tytoń	327	246	2.51587384371168	2.39269695325967	subst	18935
976	WEAR	nosić	3767	3046	3.57611089412084	3.48387245422267	verb	2357
977	ARROW	strzała	529	375	2.72427586960079	2.57518784492766	subst	13011
978	WAVE	fala	1225	816	3.0884904701824	2.91222205653242	subst	6421
98	ALL	wszyscy	88064	22931	4.94480333943334	4.36044193310264	adj	127
981	ELBOW	łokieć	244	225	2.38916608436453	2.3541084391474	subst	23565
982	LIME (FRUIT)	limonka	24	17	1.39794000867204	1.25527250510331	subst	99829
984	WORK (LABOUR)	praca	13648	8473	4.13510083376572	3.92808845966497	subst	750
985	VINEGAR	ocet	125	101	2.10037054511756	2.00860017176192	subst	37521
986	TOMATO	pomidor	185	134	2.26951294421792	2.13033376849501	subst	28708
987	REMAIN	zostać	31620	15534	4.49997560018236	4.19131125759099	verb	338
991	FRY	smażyć	179	165	2.25527250510331	2.22010808804005	verb	29404
992	CLIFF	klif	85	66	1.93449845124357	1.82607480270083	subst	48088
994	BOW	łuk	405	306	2.60852603357719	2.48713837547719	subst	16066
998	PUT	kłaść	337	312	2.52891670027765	2.49554433754645	verb	18485
